Start,End,Open,High,Low,Close,Volume,Market Cap
2024-12-31,2025-01-01,0.7312371266684196,0.7550923228260341,0.7157261790775926,0.722190978177298,399689086.9930314,3073655574.470383
2024-12-30,2024-12-31,0.74122413347336,0.7683474884256429,0.7203928427196653,0.732213584515579,352728190.7979094,3157617394.4634147
2024-12-29,2024-12-30,0.7741108035455606,0.7812779713849253,0.7380062584183694,0.7437638108829835,215613723.79094076,3225409170.902439
2024-12-28,2024-12-29,0.7617204795856263,0.7797003707485426,0.7506244399522006,0.7762374027492335,321012070.0592334,3214676158.1254354
2024-12-27,2024-12-28,0.7574215025272564,0.7939715970206092,0.7519052469623677,0.761023278451684,410632000.74216026,3245137865.8536587
2024-12-26,2024-12-27,0.8073358868856971,0.8088169331326489,0.7428193048492187,0.7541652097947953,388592732.88850176,3226186524.8466897
2024-12-25,2024-12-26,0.8167762787691715,0.8203991133117524,0.7906876953510044,0.8043785110223158,443448286.9894366,3387669495.397887
2024-12-24,2024-12-25,0.7991979893820217,0.8353423920086452,0.7819744506920022,0.8190922596846406,596291261.4982579,3394894095.02439
2024-12-23,2024-12-24,0.7458320248287804,0.8111620222549515,0.7298342390760073,0.798013526179559,601878971.0836236,3221399572.2369337
2024-12-22,2024-12-23,0.7439568607111106,0.7707880459783025,0.7235851380091058,0.7457471627774155,619616597.7456446,3160270235.5191636
2024-12-21,2024-12-22,0.798577892741595,0.845334767500674,0.7355671907530338,0.7456786320256459,993063855.6968641,3301664535.477352
2024-12-20,2024-12-21,0.7776469263637215,0.8135181343577067,0.6735776298455042,0.7970806860852618,1296377800.041812,3228945551.3623695
2024-12-19,2024-12-20,0.8611663675145169,0.8703085378038151,0.761817694758331,0.785202978419299,1147811333.4738677,3487450321.2961674
2024-12-18,2024-12-19,0.9473195190395046,0.9542581805298254,0.8597154315409902,0.8621882684498527,783331908.3275261,3798627376.9616723
2024-12-17,2024-12-18,0.9945636485856039,1.013625265630943,0.9369866535711562,0.9458675950689015,926364212.0139372,4036876569.118467
2024-12-16,2024-12-17,1.0135469610089511,1.0493936279794118,0.9659182933134929,1.0035011612186588,915566163.3519164,4121693984.2961674
2024-12-15,2024-12-16,0.9836188279743647,1.018424496527233,0.9580099588942764,1.018424496527233,625882029.0592334,4048664455.285714
2024-12-14,2024-12-15,1.0284064072726062,1.0483407242651008,0.9589977775584801,0.9849455976982802,823252806.1881533,4117708166.365854
2024-12-13,2024-12-14,1.030741600643299,1.0727790401655153,1.0024843114307525,1.0295651900060798,1193475772.5574913,4253625626.595819
2024-12-12,2024-12-13,0.993725601000464,1.0978354322342638,0.993725601000464,1.024476175258958,1105792532.7770035,4303061163.609756
2024-12-11,2024-12-12,0.9392655040958863,1.0190048332998123,0.8956193775064597,0.998413368125745,1368631831.261324,3957243572.8222995
2024-12-10,2024-12-11,0.9441631438093921,1.0106138976592525,0.8786562208848154,0.938628554404631,1992110189.1149826,3877836485.794425
2024-12-09,2024-12-10,1.1562934930057631,1.1602609176267653,0.8829385280056313,0.9639501772650751,906625373.8571428,4401932684.780488
2024-12-08,2024-12-09,1.1665886407570198,1.1857245716891072,1.1331598889306937,1.1613729744274248,616756934.7247387,4736773443.919861
2024-12-07,2024-12-08,1.173503678263586,1.1830228993349867,1.1521369338009273,1.1653265843821627,1119185713.707317,4791108061.571428
2024-12-06,2024-12-07,1.0993174517185014,1.2362768950489107,1.0982920761415187,1.1727911854533934,1390634278.402098,4788524222.34965
2024-12-05,2024-12-06,1.1344126270733064,1.157511351726941,1.0816265385029646,1.103410466084914,1729396100.395105,4623905725.073426
2024-12-04,2024-12-05,1.0488781642708023,1.186765635487634,1.0469656428501426,1.1356453774453872,1796609871.163763,4580496924.682927
2024-12-03,2024-12-04,1.0204848799535693,1.083595616779857,0.9639091994212946,1.0494062539791793,1750799177.5679443,4237537316.9860625
2024-12-02,2024-12-03,0.9682815495155849,1.0403137283197637,0.9047033196327454,1.025260043899852,1114567575.3344948,3942512594.087108
2024-12-01,2024-12-02,0.9741662677236246,0.9940578974788948,0.945554319984948,0.9668962264684731,783070062.6376307,3949199573.1533103
2024-11-30,2024-12-01,0.9273520487548016,0.9845810258972898,0.9226810407693596,0.974089616235475,863648081.9094076,3935203415.7003484
2024-11-29,2024-11-30,0.9131823141784748,0.9390729946916339,0.8935154725042938,0.9296562469572474,710413055.5365853,3752374810.69338
2024-11-28,2024-11-29,0.9656082301732384,0.9732743934782728,0.890479508059706,0.9151293748294319,1299129318.8501742,3765027373.770035
2024-11-27,2024-11-28,0.8637758443731983,0.9703461468481239,0.8506915328543581,0.9690042581925897,1217134403.28223,3743336707.958188
2024-11-26,2024-11-27,0.8990831366707185,0.9227437172251001,0.8330346105568357,0.870147330479924,1859612134.1881533,3599335569.56446
2024-11-25,2024-11-26,0.8525096772401324,0.9519080637228257,0.8238968718702102,0.9048028837267112,1508955350.1358886,3650852832.264808
2024-11-24,2024-11-25,0.8579301855104828,0.9093136604919038,0.7992545457445746,0.8602707737145514,1544201380.4947736,3491884139.8327527
2024-11-23,2024-11-24,0.8013608801358134,0.8763787989309182,0.7981697474059843,0.8537061772836774,1534843609.163763,3442920011.250871
2024-11-22,2024-11-23,0.7773011504984435,0.8358177874944934,0.7574254301194895,0.8092198405145317,1735977373.6132405,3210531877.1045294
2024-11-21,2024-11-22,0.6724804261170152,0.8140335338136875,0.651790428546948,0.7808061247845579,1228676150.027972,3010686427.7552447
2024-11-20,2024-11-21,0.6899073506511098,0.7087335277372317,0.649743897041477,0.6711579086968171,618361088.1602788,2794724844.118467
2024-11-19,2024-11-20,0.750970546161366,0.7523565511427835,0.6773999112520569,0.6929419496987229,926204498.7700348,2797693495.7038326
2024-11-18,2024-11-19,0.6733773339811591,0.7432381009663503,0.6733773339811591,0.737555679539344,774490312.1393728,2778476907.358885
2024-11-17,2024-11-18,0.7242133104567299,0.72949214526435,0.6617366654022475,0.6736261470388641,1351585117.2369337,2740711341.738676
2024-11-16,2024-11-17,0.6052882927195494,0.7590905710690314,0.6025885417750205,0.7247770999442548,669813378.8675958,2610827090.675958
2024-11-15,2024-11-16,0.5809816133734725,0.6129183437800763,0.5675497701679239,0.6061966307550394,570726532.8885018,2340293027.4982576
2024-11-14,2024-11-15,0.6124476297270758,0.6345269035843951,0.573746072995149,0.580232008953202,850861391.6236933,2415568342.7665505
2024-11-13,2024-11-14,0.6330846739082013,0.6428089394668494,0.5730463594544373,0.6111057623596235,1038648527.6341463,2414000940.247387
2024-11-12,2024-11-13,0.6644358746601879,0.6886803670170911,0.607817573140791,0.6342761909662503,1186183496.292683,2344204316.205575
2024-11-11,2024-11-12,0.6292833802106533,0.6706673061513413,0.6134324497966226,0.6706673061513413,956921529.8989547,2309072015.7456446
2024-11-10,2024-11-11,0.6147363304555865,0.6530973020535618,0.6042813958111639,0.6303523156050111,681587501.8466899,2277387587.414634
2024-11-09,2024-11-10,0.5890438807318447,0.6208148220935625,0.5797680334803148,0.6183732642539268,549216031.9825784,2167864273.574913
2024-11-08,2024-11-09,0.5834420506403525,0.5978797495351075,0.566727456618563,0.5914966523161629,560806314.3066202,2099456544.9930313
2024-11-07,2024-11-08,0.5490680705422827,0.5915762460176379,0.5461499032695308,0.5804719337369878,652534878.0418118,2076024847.8222997
2024-11-06,2024-11-07,0.49189854298764424,0.5543265249018429,0.49152129081556195,0.5484926212455357,497109133.4285714,1899529605.8710802
2024-11-05,2024-11-06,0.47447955629447425,0.49600189528714117,0.47313654493527657,0.4905235098751773,279318878.2195122,1750890397.5574913
2024-11-04,2024-11-05,0.48108225100479857,0.49027844497519246,0.46194267452900895,0.47293159695369297,310463338.3763066,1738092162.71777
2024-11-03,2024-11-04,0.5044989679070209,0.5052754637201249,0.46183999537145365,0.48273293037573883,325802764.07665503,1749448799.0139372
2024-11-02,2024-11-03,0.5206708450169433,0.5253735586907976,0.5013722996000727,0.503948134859335,238354844.7491289,1858817211.1393728
2024-11-01,2024-11-02,0.5274972042510433,0.5439017946449224,0.5127650944006661,0.519589840746497,283726523.19860625,1909316974.662021
2024-10-31,2024-11-01,0.5598043989225943,0.5610300038761811,0.5197847560925805,0.5269792275509673,344069958.73170733,1950981863.7700348
2024-10-30,2024-10-31,0.5475727801866113,0.5679561105752008,0.5397906828858283,0.5583106032272217,350636467.0209059,1998677005.1707318
2024-10-29,2024-10-30,0.5222592229835594,0.5490370138000981,0.5215074698021414,0.546304725408632,324643280.5888502,1940475071.9233449
2024-10-28,2024-10-29,0.5287045598231173,0.5294627262776955,0.5060784721009709,0.522377710886503,243750517.44599304,1884599904.7491288
2024-10-27,2024-10-28,0.5204726231157455,0.5321936233030414,0.5168972758120796,0.5287736464852877,208182314.9512195,1892573918.445993
2024-10-26,2024-10-27,0.5033949633706398,0.5225587309757332,0.5031263074364722,0.5200649326257244,542923427.1602788,1864469447.5609756
2024-10-25,2024-10-26,0.5626706132960215,0.5628221648138375,0.5014915074863,0.5091325252360256,316163067.5888502,1986854642.6689897
2024-10-24,2024-10-25,0.5601579424947729,0.5686953596146234,0.5543699775943202,0.5621430316744984,307536629.3414634,2034127989.512195
2024-10-23,2024-10-24,0.5803745698982914,0.5803745698982914,0.5470423828298344,0.5610881038484666,297772722.2543554,2046686428.857143
2024-10-22,2024-10-23,0.5885604671954014,0.5996623227236066,0.5726961633635221,0.5790858988544118,338418076.271777,2119050857.0522647
2024-10-21,2024-10-22,0.6110644281636108,0.6150488610132874,0.5807932978750057,0.5879374090158465,456000243.0418118,2155984408.303136
2024-10-20,2024-10-21,0.5673856491200715,0.6158127434285262,0.5612062587713172,0.6106821106139592,300804126.9337979,2115291049.857143
2024-10-19,2024-10-20,0.5626764474627244,0.5708274138036372,0.5560838219643038,0.5660283056163444,228943831.48083624,2039169328.9721255
2024-10-18,2024-10-19,0.5463968790079449,0.5708969696772482,0.5435821091420731,0.5632555441723986,289541103.6585366,2019695326.0801394
2024-10-17,2024-10-18,0.5588853194479023,0.5650655593603725,0.5421901055249566,0.5461877923378037,362271625.3937282,1995451758.43554
2024-10-16,2024-10-17,0.5678532996566734,0.5824371025226238,0.5560399363560755,0.5577386672805057,534491172.24390244,2051202957.0243902
2024-10-15,2024-10-16,0.5651362094184929,0.578366514291067,0.5459689632230343,0.5668881905678834,469159886.75609756,2035820663.1289198
2024-10-14,2024-10-15,0.5288111726813299,0.567219362744897,0.5189767889890405,0.5639066804245535,405814983.67247385,1978150172.2264807
2024-10-13,2024-10-14,0.5390184264562267,0.5390184264562267,0.51890846353617,0.5278296167733765,296681728.9651568,1920186365.369338
2024-10-12,2024-10-13,0.5348792905736999,0.5438812231049156,0.5296825529850782,0.5384202740802363,297961502.5679442,1942273526.609756
2024-10-11,2024-10-12,0.5249517869294884,0.5421304159771707,0.5229066674217593,0.5332995458758553,282152280.2195122,1926509078.010453
2024-10-10,2024-10-11,0.5220149272835158,0.529218546269055,0.5079544145423036,0.5243524220507918,267994519.49825785,1887302459.3554008
2024-10-09,2024-10-10,0.5411457004724477,0.5475027533047989,0.5160358522326337,0.5215652082358623,264982559.5923345,1936560617.2090592
2024-10-08,2024-10-09,0.5504033902177373,0.5565685217902853,0.5361314368916426,0.5406197129754583,320987687.6271777,1977760046.1567943
2024-10-07,2024-10-08,0.5593295820099358,0.5744038948026732,0.5500918022178857,0.5502611220961917,279205607.9094077,2037810065.5261323
2024-10-06,2024-10-07,0.5497787598437917,0.5623295967903587,0.5482450335719837,0.5584310870637219,194047305.06271777,2002165227.7804878
2024-10-05,2024-10-06,0.5660396597604883,0.5694355694025234,0.5437126330180104,0.5509512437822445,255782305.9337979,2016853478.6794424
2024-10-04,2024-10-05,0.5350085578773446,0.5672103077707451,0.5323512811058259,0.5644612744157907,356275033.0557491,2001287157.7491288
2024-10-03,2024-10-04,0.5300233189797732,0.5430052353786267,0.5165449186232113,0.5336849214853271,436481501.0592334,1921758420.6480837
2024-10-02,2024-10-03,0.5518413911827609,0.5627375794249874,0.5279746340940349,0.5324290982197238,590398643.6341463,1984790247.2752614
2024-10-01,2024-10-02,0.6050449879303702,0.6288948934792872,0.543773904543133,0.5528299539194478,452900594.36585367,2156256805.6132402
2024-09-30,2024-10-01,0.6454762238653897,0.652069351609454,0.6015044003043516,0.6044470512945552,395330311.5993031,2270294432.055749
2024-09-29,2024-09-30,0.6486463018382239,0.6571464254661757,0.6333314015381328,0.6468521423457486,309619613.9930314,2330397996.055749
2024-09-28,2024-09-29,0.6703484774474632,0.6720204806745378,0.6361643255487592,0.6490436393039468,508282331.2369338,2358971335.1533103
2024-09-27,2024-09-28,0.6200096929965896,0.6785227336033305,0.6193781420397491,0.6676822463998888,531414054.77351916,2328011898.9303136
2024-09-26,2024-09-27,0.598978535431956,0.642778832461031,0.5894025569695887,0.6196402670497161,428445549.912892,2234700531.641115
2024-09-25,2024-09-26,0.614023254483687,0.6329468556163762,0.5966632407663695,0.5988358802721893,429409290.25783974,2224677080.041812
2024-09-24,2024-09-25,0.5987926573750242,0.6175653407703428,0.5872164690438363,0.6150562030525807,343890338.4703833,2167177189.522648
2024-09-23,2024-09-24,0.5995975526519456,0.6223136089607837,0.5924555812256994,0.5997820084592058,377627717.9965157,2188400087.5574913
2024-09-22,2024-09-23,0.6159025798200921,0.6204152273438008,0.5841706679835289,0.6001955855213461,384728983.0069686,2169257765.8641114
2024-09-21,2024-09-22,0.5759872657893749,0.6217433755583025,0.5673737153595672,0.6155897411336351,309916256.6445993,2124026505.4947736
2024-09-20,2024-09-21,0.5588252536125791,0.5868235527248562,0.550381183616703,0.5738241580963682,407630390.75261325,2069027564.8815331
2024-09-19,2024-09-20,0.5317498515962633,0.5783269764475518,0.5309978027801595,0.557552865464385,370745197.4006969,1999682691.317073
2024-09-18,2024-09-19,0.5208344779210283,0.5261474006832474,0.5018555034888709,0.5261474006832474,257628862.9651568,1864600069.620209
2024-09-17,2024-09-18,0.5119123688525997,0.5280704220153096,0.5052499760374412,0.5211606468743668,253138644.36933798,1839365067.15331
2024-09-16,2024-09-17,0.5113063698571868,0.5161404789070122,0.4989542567374364,0.5108836208669145,263456406.67247388,1767912505.0766551
2024-09-15,2024-09-16,0.5308945617797877,0.540261979560222,0.5117297151953822,0.5123898187902604,169224566.24738675,1862153441.7595818
2024-09-14,2024-09-15,0.5374984863995664,0.5393235358716099,0.5274943177233046,0.5310871519520274,215293865.88501742,1863289346.445993
2024-09-13,2024-09-14,0.5249003017282461,0.5398272893120093,0.5166067816710178,0.5376766892002465,215717167.29616725,1834594604.1184669
2024-09-12,2024-09-13,0.5149084196669039,0.5262547138273775,0.5115648451782774,0.5248718106819353,250470607.7491289,1815515385.2299652
2024-09-11,2024-09-12,0.533606999872418,0.533606999872418,0.50311322384587,0.5153420233780459,279437154.0174216,1803940059.205575
2024-09-10,2024-09-11,0.5234421604009105,0.5394910416316748,0.5167026610840112,0.5343214264902001,242706362.2055749,1836971182.2334495
2024-09-09,2024-09-10,0.5088973217541689,0.5306815322347059,0.506754588619693,0.5242715444576926,209876398.15438595,1805534763.1824563
2024-09-08,2024-09-09,0.5011218465801875,0.5154231010777716,0.4977762922838951,0.5089797991528598,190729010.06271777,1767507058.84669
2024-09-07,2024-09-08,0.48177355705268354,0.5049285166672627,0.48144026851762095,0.5009726463113466,394763744.641115,1737609127.1289198
2024-09-06,2024-09-07,0.49707033556282715,0.5070412992154015,0.4728537570946075,0.48136275392992256,278037211.80487806,1732465183.0766551
2024-09-05,2024-09-06,0.4972735145211187,0.5018400709645983,0.49102413551715735,0.49747478334516976,234891458.90592334,1737729833.3554008
2024-09-04,2024-09-05,0.49583949676744876,0.5130407017789669,0.4710052155705061,0.497164688215222,268855344.26132405,1729720824.445993
2024-09-03,2024-09-04,0.5164094713934856,0.5208386845586159,0.4953267748204286,0.4953267748204286,206589782.38327527,1777958246.3240418
2024-09-02,2024-09-03,0.49144359374023716,0.5215751725452815,0.4908509694421852,0.5168371495641794,241702779.3240418,1774128904.445993
2024-09-01,2024-09-02,0.5138876991459186,0.514503091266601,0.4868973656017686,0.4906841547755277,148411467.5749129,1762725725.7491288
2024-08-31,2024-09-01,0.5138124367090663,0.518981973991346,0.5090989695624649,0.5137015413900203,238337169.1533101,1787541385.804878
2024-08-30,2024-08-31,0.5123802764633583,0.5167227271890001,0.48870498086635294,0.5143169656349843,276978306.8501742,1351892080.9233449
2024-08-29,2024-08-30,0.522597938196616,0.53429187318269,0.5081231365865346,0.5129856918725946,328713794.4599303,1388943460.6027875
2024-08-28,2024-08-29,0.5228077286570113,0.5364675288593039,0.5081523933948235,0.5223570628169483,426851404.29616725,1393051210.2195122
2024-08-27,2024-08-28,0.5718994717456701,0.5798509702928217,0.5189552374591762,0.5252614720298623,300012962.9198606,1490432069.0034842
2024-08-26,2024-08-27,0.5998204645289893,0.6043136921147,0.5706214315099166,0.5723559240211504,272474647.9477352,1571079956.142857
2024-08-25,2024-08-26,0.6207730070933748,0.6211401546086238,0.5900275997966266,0.5972765606909703,357631628.79094076,1598500637.1289198
2024-08-24,2024-08-25,0.6045088605519998,0.6344532642360917,0.59831331648753,0.6209859305337849,399739672.32752615,1633045858.783972
2024-08-23,2024-08-24,0.5616436819661479,0.608222710986466,0.5616436819661479,0.6024763297619632,279274942.486014,1537504146.9545455
2024-08-22,2024-08-23,0.5538164547150485,0.5681583557282982,0.5438553994967573,0.56171136103103,283904284.14634144,1481362813.7595818
2024-08-21,2024-08-22,0.5364366362261617,0.55834407018023,0.5288735695405699,0.5529457880958929,231162110.73519164,1435331195.8013937
2024-08-20,2024-08-21,0.5407676475952552,0.5541855772964215,0.5305370379846669,0.5364324553464969,231047261.34843206,1442124697.7247386
2024-08-19,2024-08-20,0.5360058572382479,0.5425742851141365,0.5281700788402385,0.5411385223672789,202173999.60627177,1423058863.8989546
2024-08-18,2024-08-19,0.5403443937417773,0.5538458630884865,0.5370197993077551,0.537931639206682,156740452.33449477,1445936567.5261323
2024-08-17,2024-08-18,0.5337082783061412,0.5431509500708432,0.5317941704186435,0.5401722889329664,206075194.95818815,1422802385.7874565
2024-08-16,2024-08-17,0.5373617422576723,0.549543399054867,0.5249559310489327,0.5341222633101201,322754738.4390244,1428059467.031359
2024-08-15,2024-08-16,0.5620114687807213,0.5688277525903885,0.5331884358432223,0.5367953799167686,315584343.3379791,1472377774.2578397
2024-08-14,2024-08-15,0.578152341895318,0.5873122901549069,0.5591709275860502,0.5618067870043627,312155539.26829267,1522356270.8536584
2024-08-13,2024-08-14,0.5904519962955986,0.5915057055636389,0.5678860756224251,0.5791347595899119,401147580.4494774,1535070751.4285715
2024-08-12,2024-08-13,0.5548468533415725,0.5957194035277442,0.5486641368279698,0.590328693323473,420633524.815331,1517559526.9651568
2024-08-11,2024-08-12,0.5769600408430722,0.5962089896593549,0.5507090112465763,0.5535471521208511,319409908.1567944,1523806318.292683
2024-08-10,2024-08-11,0.5758977598916476,0.5903795146497951,0.5622371872864195,0.5773444945495372,553906300.3972125,1524914270.9198606
2024-08-09,2024-08-10,0.5532670484759997,0.586667598125655,0.5388549917525477,0.5782062176871974,464241177.4843206,1474501986.7317073
2024-08-08,2024-08-09,0.4853718451648151,0.5571116928190865,0.4791659758099107,0.5541757153031134,406884672.1533101,1369284289.6864111
2024-08-07,2024-08-08,0.5030667714135518,0.5222871903768722,0.48023021736069377,0.48461655240505097,400459431.4599303,1333922741.878049
2024-08-06,2024-08-07,0.485504219178674,0.5223585279314683,0.485504219178674,0.5030071940060966,790200315.6585366,1352051642.8745644
2024-08-05,2024-08-06,0.5675580874661816,0.5675580874661816,0.4321719040860185,0.4833413018524282,1066041559.097561,1269459536.1289198
2024-08-04,2024-08-05,0.6066247395843832,0.6192141639431183,0.557356136105704,0.565710157265014,338120370.4703833,1585638646.1881533
2024-08-03,2024-08-04,0.6060118798759458,0.6266767277960122,0.587252954199684,0.6079119781621038,398704263.24390244,1612040119.4076655
2024-08-02,2024-08-03,0.6548411588719426,0.6550368833784139,0.5989353081529136,0.6040113121699257,424766761.989547,1660174904.5888503
2024-08-01,2024-08-02,0.6597502284202663,0.6621670181384245,0.6204331845380218,0.6546327763743803,350290042.5470383,1714438315.4738677
2024-07-31,2024-08-01,0.6781988184721373,0.6874920346149909,0.6551484478826203,0.6585485548537328,278021543.7630662,1793560914.317073
2024-07-30,2024-07-31,0.7045033223487653,0.7095885721923437,0.6671394557649636,0.678470928301896,301253098.5296167,1844708122.4843206
2024-07-29,2024-07-30,0.7129687424484794,0.7353954806674922,0.699475888928,0.7046391537005428,270303559.12543553,1910666842.6236935
2024-07-28,2024-07-29,0.7182712734003099,0.7246995214203719,0.7075198981981042,0.7134579717193881,299397146.6132404,1904105717.2857144
2024-07-27,2024-07-28,0.7264962081188986,0.7417176319637963,0.7108299564285171,0.7228437658155985,265020833.53658536,1929336886.5749128
2024-07-26,2024-07-27,0.6984919072548771,0.7322648487840859,0.6982336310380792,0.7277532216651009,439295370.68292683,1914118243.7804878
2024-07-25,2024-07-26,0.7391284516981336,0.7410808067723632,0.6766198230181815,0.6986700212691727,598815329.3937283,1861140935.84669
2024-07-24,2024-07-25,0.797025967692536,0.7972810672311489,0.737445757882269,0.74032316906366,787172559.6759582,2044914166.878049
2024-07-23,2024-07-24,0.7609550617892039,0.8238064585424996,0.7577624909710946,0.8010266723092321,721623473.4878049,2099599964.5923345
2024-07-22,2024-07-23,0.8022469548555318,0.8077225122414695,0.7586892400986884,0.7616208003643598,443044658.04561406,2073641227.5894737
2024-07-21,2024-07-22,0.7786911475607133,0.80539526650125,0.7626360528489339,0.8028520649149967,321471244.72125435,2078580828.5679443
2024-07-20,2024-07-21,0.7747987692543331,0.7944486194328937,0.7675521652770153,0.7800802704948754,379754975.7456446,2071636364.5470383
2024-07-19,2024-07-20,0.7475598522629422,0.7769855154105051,0.7278999935509978,0.7749043255802054,405214674.73867595,1989034179.8745644
2024-07-18,2024-07-19,0.749995013714989,0.7687632896185702,0.7304164329217343,0.748132109529293,440770809.22996515,1997999275.7351916
2024-07-17,2024-07-18,0.7537992402805926,0.7782935939548028,0.7437345778399345,0.7465074068043954,481092397.26480836,2023064587.804878
2024-07-16,2024-07-17,0.7763742490112824,0.7775220186298845,0.7251754417418868,0.7524539422426628,514071080.71428573,2000857842.0243902
2024-07-15,2024-07-16,0.7223439453593168,0.7758389454905336,0.7204740674795795,0.7743624491748041,332429902.9512195,1960794637.783972
2024-07-14,2024-07-15,0.7020174881826091,0.7267802969135905,0.6951194126625455,0.7234304196440418,272458288.29965156,1882291879.9442508
2024-07-13,2024-07-14,0.6996912109071621,0.7085667423404097,0.6918535773881769,0.7011993105546349,247485729.91289198,1859719886.0174215
2024-07-12,2024-07-13,0.6936213458624223,0.7082605319565048,0.6820357544317611,0.7001235710060586,317909540.4076655,1842899919.0592334
2024-07-11,2024-07-12,0.7128168304140969,0.7316583169183932,0.6924562836346073,0.6951802205876868,335359919.1748252,1887806588.632867
2024-07-10,2024-07-11,0.7104046446526617,0.727418401139228,0.696463073565481,0.7133821380340208,431343454.5818815,1883902287.0278745
2024-07-09,2024-07-10,0.6672676588536212,0.7102838025311524,0.6637266814469585,0.7092278205588467,467648959.5052265,1808246705.4529617
2024-07-08,2024-07-09,0.6521699505215618,0.6857381965866655,0.6086769761716112,0.6686549862175973,611134738.912892,1734095765.1149826
2024-07-07,2024-07-08,0.6914613644738205,0.6966712004565049,0.6516225526626018,0.6516889808365975,378840301.9581882,1807784858.1498258
2024-07-06,2024-07-07,0.6212676619004569,0.6969816321132883,0.6155115814551202,0.6948946941869811,455601974.77351916,1724436564.5853658
2024-07-05,2024-07-06,0.6609315099493247,0.664785472196206,0.576930267861917,0.6223152472109749,878999542.6620209,1634239220.132404
2024-07-04,2024-07-05,0.7646395509852356,0.7672484324799211,0.6774014594731738,0.6792261945488943,421300840.74216026,1920212172.6480837
2024-07-03,2024-07-04,0.7840526525402292,0.7886416328221687,0.7523210295850705,0.7653625174430306,280673113.3902439,2041840117.804878
2024-07-02,2024-07-03,0.7778061464617037,0.7848641809263134,0.772894802082757,0.782221149334167,219251766.5574913,2067660153.9721255
2024-07-01,2024-07-02,0.8004266235516988,0.8163016515950392,0.7782481859084094,0.7801344370356259,225378227.40418118,2116733836.097561
2024-06-30,2024-07-01,0.7788481184112379,0.8038498542305231,0.7701401646207406,0.8020411004762441,194817865.86062717,2081231205.4425087
2024-06-29,2024-06-30,0.7924210817333136,0.8020837344818785,0.7779526700040504,0.7779526700040504,233420479.65156794,2105481767.5505226
2024-06-28,2024-06-29,0.8220924550611478,0.8316655606716044,0.7927951358046063,0.7927951358046063,253557288.7108014,2164736098.5191636
2024-06-27,2024-06-28,0.8129442828154995,0.833641205407277,0.8021697438467448,0.8223626591811407,256530189.5574913,2168602006.71777
2024-06-26,2024-06-27,0.8292694302723054,0.8369140389096412,0.798269190552303,0.8112985180009321,257862741.18118468,2174505439.324042
2024-06-25,2024-06-26,0.8224238101321188,0.844770323260845,0.8123366578321319,0.8311100889858762,409727828.70731705,2200057218.292683
2024-06-24,2024-06-25,0.7852997876582596,0.8184726510736383,0.7553339276708838,0.8182594687568963,320461444.8919861,2076825839.7630663
2024-06-23,2024-06-24,0.8037551306297238,0.8142310250236083,0.7813542673350807,0.7839140709089847,151905309.59581882,2128296910.4808362
2024-06-22,2024-06-23,0.8020491636649039,0.8097700690187218,0.7933023140758965,0.8043584492733964,248256293.13240418,2130891804.8013937
2024-06-21,2024-06-22,0.802203676831434,0.8085284808149573,0.7867719445604809,0.8010117938797757,349655337.17421603,2123583608.0801394
2024-06-20,2024-06-21,0.8103624173589459,0.846697520131905,0.8009367769686698,0.8009367769686698,325237383.62020904,2177198110.4529614
2024-06-19,2024-06-20,0.7936469381047534,0.8336858543496067,0.7882674209259872,0.8115141414796371,452850100.6236934,2167465981.9512196
2024-06-18,2024-06-19,0.8586862812667976,0.8586862812667976,0.7563574979825213,0.794884014373598,682453913.8013937,2096128334.097561
2024-06-17,2024-06-18,0.9240868488738265,0.9291978569025519,0.8479116388905548,0.8595653194491695,301941965.71428573,2350777211.8501744
2024-06-16,2024-06-17,0.9209670215213882,0.9345434780591054,0.9025274875243544,0.923974241948935,190275828.03832752,2439542693.414634
2024-06-15,2024-06-16,0.9145769996829398,0.9370392706557666,0.9142761564782599,0.9223082994756198,354355319.3519164,2451620401.0905924
2024-06-14,2024-06-15,0.9394525032370108,0.9528969496104748,0.8849938679874821,0.9125397467675606,379183820.66550523,2465753293.5783973
2024-06-13,2024-06-14,0.9715135260591644,0.9725944376003521,0.924614376470766,0.9365728613964167,442124749.20905924,2512025908.9303136
2024-06-12,2024-06-13,0.9383377880347031,0.9958735038089351,0.9180986793042095,0.9723401328657911,502361000.1010453,2544030410.9059234
2024-06-11,2024-06-12,0.960843290094565,0.9624571704546913,0.9171520265840094,0.9381981307781768,527242635.6480836,2496138066.083624
2024-06-10,2024-06-11,0.9777621636956895,0.982730367106314,0.9489650735142606,0.9603542955505999,358531544.76655054,2562983801.7421603
2024-06-09,2024-06-10,0.9677833680839621,0.9873695464976522,0.9581162434166136,0.9796653551966356,384082715.554007,2588978707.383275
2024-06-08,2024-06-09,0.9958317943741223,1.007081060272092,0.9538851064485191,0.9681359904068108,691624001.1324042,2599464355.630662
2024-06-07,2024-06-08,1.0878118150236469,1.1028899438828048,0.9396582504773813,0.9994639474540256,400446168.0487805,2825727712.491289
2024-06-06,2024-06-07,1.1236138057991938,1.1236138057991938,1.0784564028027204,1.0894275161728701,326957449.21254355,2936164189.780488
2024-06-05,2024-06-06,1.110483323152742,1.1352137091677004,1.1040460395948335,1.124505387366394,381644676.12543553,2968134794.121951
2024-06-04,2024-06-05,1.1071774556691854,1.115039000012516,1.0734347665677675,1.1085593813691745,371482597.31707317,2918719854.641115
2024-06-03,2024-06-04,1.1100713369370705,1.1391300779334292,1.1032030173041663,1.1062769958768974,329986294.466899,2977712264.641115
2024-06-02,2024-06-03,1.1335955762722734,1.1432465378940786,1.0950815798284281,1.1128930238535546,243541110.51916376,2974402044.69338
2024-06-01,2024-06-02,1.1205849360867548,1.1387015959662692,1.1153554558203433,1.133674109133712,310843807.1219512,2990945835.1045294
2024-05-31,2024-06-01,1.1282536177160163,1.162214781032073,1.1121136186737235,1.1214396729300837,387076399.1184669,3004094492.0034842
2024-05-30,2024-05-31,1.1454992106525321,1.1556070160745335,1.109033833821282,1.1287603422708579,473681578.3519164,3024161740.620209
2024-05-29,2024-05-30,1.2013433309483954,1.2058498316189565,1.14077633110015,1.14077633110015,558535498.020906,3112770621.041812
2024-05-28,2024-05-29,1.226250078144191,1.226250078144191,1.1719709026362144,1.201698201031697,683103373.3519164,3183407181.571429
2024-05-27,2024-05-28,1.1932833506736225,1.2700438672749472,1.1932833506736225,1.2313338394031321,910968555.9756098,3288960714.9268293
2024-05-26,2024-05-27,1.1896674592812764,1.229755025425834,1.1800882674967474,1.1940043287333282,608366132.9059234,3186912963.285714
2024-05-25,2024-05-26,1.156151245380792,1.2077696927183648,1.1521581869214301,1.1913012138909036,640217074.7491289,3157042231.5017424
2024-05-24,2024-05-25,1.1962044049842975,1.2301573783726905,1.126146390048363,1.158443794805389,1689765366.9303136,3106666315.0278745
2024-05-23,2024-05-24,1.1431390814558953,1.2530936410114524,1.139284220895357,1.1975812603347782,1220135432.4076655,3138443105.6062717
2024-05-22,2024-05-23,1.2020981440734306,1.2074595202690186,1.111796021548665,1.142190100968785,1139436376.097561,3077069881.045296
2024-05-21,2024-05-22,1.1408090299047662,1.230871996357259,1.1232009345664205,1.2029216014964184,1523681025.3205576,3112654122.1916375
2024-05-20,2024-05-21,0.9728063651100045,1.1266152725705356,0.9517569951701699,1.1228729755520903,506458688.0627178,2657622307.3101044
2024-05-19,2024-05-20,1.0166519900713455,1.028700970760471,0.9682416898824603,0.9732226600238475,315931744.1533101,2648921511.512195
2024-05-18,2024-05-19,1.0303135164030732,1.0344785072152547,1.0064343798228967,1.0184987872079125,497228295.27526134,2710122124.5923343
2024-05-17,2024-05-18,0.9717843343612268,1.0717833628681506,0.9685265946833362,1.033990638141307,460234153.5609756,2688276044.7630663
2024-05-16,2024-05-17,0.9955029632864826,0.9990948931658319,0.9548349986761234,0.9724841069326653,432709125.0034843,2597875839.30662
2024-05-15,2024-05-16,0.9379431915284,0.997132811362216,0.9272804418826485,0.9961097915848734,426916320.4285714,2549025411.97561
2024-05-14,2024-05-15,0.9811220198828793,0.9881792507881332,0.9335780286446625,0.9355959619292086,398984416.4041812,2558483489.87108
2024-05-13,2024-05-14,0.9995905651550395,1.002448476526931,0.9540268735846135,0.9812667925158962,363562583.5749129,2616783989.0383277
2024-05-12,2024-05-13,1.0017365503220361,1.0111295781901588,0.991257026902974,0.9984216792165287,226538331.15679443,2659151134.7665505
2024-05-11,2024-05-12,0.9963331280551626,1.0123265050733294,0.9895361776467919,0.9999990111337095,447031066.62020904,2658030351.1498256
2024-05-10,2024-05-11,1.0400716197658566,1.053570953073014,0.9868272806006907,0.9959759630003218,429910207.63763064,2722315538.43554
2024-05-09,2024-05-10,1.0306117661387661,1.0458592235194486,1.0033872577428669,1.0413606241889128,463900845.0139373,2724823537.836237
2024-05-08,2024-05-09,1.027527110736639,1.0455583824246586,1.0106331476290065,1.029110340382597,506495881.9512195,2723404834.43554
2024-05-07,2024-05-08,1.0645491866297792,1.076028998643899,1.0292362750210582,1.0292362750210582,551497005.3344948,2809732606.4843206
2024-05-06,2024-05-07,1.073111924958803,1.127684697479446,1.0599104411906721,1.0623319127420898,554574713.815331,2879690568.3519163
2024-05-05,2024-05-06,1.0617534323361815,1.0938446419774515,1.03763630185598,1.0727260310049287,386375194.75609756,2814684644.121951
2024-05-04,2024-05-05,1.0664672517010931,1.0849628066140842,1.0606858855489254,1.0632260381120622,458060194.0139373,2836766546.574913
2024-05-03,2024-05-04,1.030915167210476,1.0767447504240582,1.0184790891407822,1.0662851925693284,493334514.5296167,2780293859.456446
2024-05-02,2024-05-03,1.0333610115288392,1.04038958332581,0.9992231533752909,1.031058585894069,658260689.5470383,2717343982.3867598
2024-05-01,2024-05-02,1.0204382566931247,1.0533592763086645,0.978570100406994,1.0325304998684517,818006935.8501742,2702158589.9930315
2024-04-30,2024-05-01,1.0548075267041588,1.0691104939779545,0.9759919269480568,1.0222916748843764,590544988.4425087,2699651426.8536587
2024-04-29,2024-04-30,1.1039276435447558,1.1104654786238113,1.0379181556452186,1.0585471484991114,531872448.37979096,2824484225.616725
2024-04-28,2024-04-29,1.1190702244944266,1.1665853586409392,1.0983462543800893,1.1013416996072685,632489992.3414634,3017569611.404181
2024-04-27,2024-04-28,1.068930211825637,1.1262643875256282,1.0259484983235148,1.1262643875256282,498759634.9790941,2825400790.264808
2024-04-26,2024-04-27,1.0921406724124627,1.0932040652120238,1.0591304118584552,1.0667006328558946,437141004.4076655,2860123485.818815
2024-04-25,2024-04-26,1.115995229158883,1.123009318065759,1.0698159597422832,1.0915604875485305,581883953.6236933,2918884553.87108
2024-04-24,2024-04-25,1.1817737081616624,1.2026089561769602,1.104709384813333,1.1172221802411941,415073690.4390244,3089665931.616725
2024-04-23,2024-04-24,1.20965357116744,1.2203174677207855,1.1703079965475593,1.1783591346649662,368174907.5296167,3159701267.1149826
2024-04-22,2024-04-23,1.1932376566400225,1.2380547392336168,1.1858865420708757,1.210927751370708,426655904.25783974,3216172935.3135886
2024-04-21,2024-04-22,1.2124908988794716,1.2259052642452806,1.1759290667355249,1.189204527685696,438142639.28222996,3190868583.818815
2024-04-20,2024-04-21,1.1276690109938696,1.2207425820506383,1.1156216191125807,1.2136679613998225,520818512.1533101,3066728500.554007
2024-04-19,2024-04-20,1.1364202537472237,1.1582310910189326,1.0507928321773488,1.1300456564380834,664091542.9825175,2996954260.29021
2024-04-18,2024-04-19,1.109227265580644,1.1606288222278103,1.0869035533125748,1.138758845046645,669029454.6007067,3003828958.5194345
2024-04-17,2024-04-18,1.1514406313801258,1.1647059028668603,1.0928178795056096,1.1069224046168336,696753041.7839721,3002807580.2787457
2024-04-16,2024-04-17,1.1528925870489393,1.1646938394261936,1.1054138996532903,1.1552860266462808,1036047354,3016828975.3728223
2024-04-15,2024-04-16,1.1757925436939634,1.2627883195777807,1.1413186489099045,1.1559972796106015,1383126486.9442508,3166373296.6271777
2024-04-14,2024-04-15,1.0161134587188752,1.1885240554021523,0.9999088366574971,1.1807946520550774,2410232882.2160277,2929570334.937282
2024-04-13,2024-04-14,1.1661600297803474,1.1800840778685966,0.9206236518929567,1.019129734006679,1934257204.3344948,2977448994.379791
2024-04-12,2024-04-13,1.419557042312478,1.4394108995035755,1.0803423934439094,1.1711731521034834,715318820.3902439,3565063976.491289
2024-04-11,2024-04-12,1.463537142797929,1.4791720510128012,1.4147968841835894,1.4205866416421422,552433865.5853659,3837989295.045296
2024-04-10,2024-04-11,1.4862226116645365,1.499656013364493,1.4268586807973271,1.4662477720088294,764527912.7447553,3892094047.8111887
2024-04-09,2024-04-10,1.574042690861061,1.5866679563840596,1.4852500809527205,1.4894934399191664,731633836.8641115,4100426309.6620207
2024-04-08,2024-04-09,1.52575434541319,1.5772388715716528,1.494332427756357,1.5718724984832413,550876463.8641115,4088701004.2543554
2024-04-07,2024-04-08,1.4862570968164077,1.5285387161733643,1.4831874563811818,1.5282135597512312,368820887.4285714,3971819005.979094
2024-04-06,2024-04-07,1.4310500589488866,1.498534047064743,1.4310338913038383,1.4886963052658213,512064571.3728223,3889986356.6655054
2024-04-05,2024-04-06,1.4549703959083342,1.46071919530263,1.3911481474573673,1.4357759428552983,636621982.8780488,3796446219.118467
2024-04-04,2024-04-05,1.4798512928247474,1.5051199092572607,1.4448267923133211,1.4584801754468204,659042390.6877193,3915476172.357895
2024-04-03,2024-04-04,1.4456668529351413,1.4968396497693983,1.4160189098469624,1.4823318382024466,985793624.7317073,3897252657.229965
2024-04-02,2024-04-03,1.566885738771381,1.566885738771381,1.436565965112594,1.4493117748517577,1029445222.1393728,3920746970.714286
2024-04-01,2024-04-02,1.659302277063516,1.6611644529499465,1.5351161400509548,1.5692389496868497,651090182.5644599,4240505234.7003484
2024-03-31,2024-04-01,1.6396388492323566,1.6864273971356178,1.6347545908567018,1.6614983215179742,449217725.0731707,4387992287.630662
2024-03-30,2024-03-31,1.6422533571192353,1.6753268883674,1.6362442114121647,1.6455687868437747,489133013.4634146,4396169154.97561
2024-03-29,2024-03-30,1.666714130472961,1.6669884466535854,1.6216721715320042,1.6459097723955871,649998814.8881118,4363513845.576923
2024-03-28,2024-03-29,1.6535753777782431,1.6931989271315502,1.6339177093159172,1.6665460522734739,832833740.9300699,4431383666.304195
2024-03-27,2024-03-28,1.698062924910717,1.7367837079468853,1.6309156744325202,1.6554876376725463,975891855.4111499,4463026937.891986
2024-03-26,2024-03-27,1.7200796193945829,1.7524818487288005,1.6727136598462649,1.7014671176870797,974382447.6864111,4562119136.87108
2024-03-25,2024-03-26,1.6654180486398018,1.7470169582214483,1.6515909525083607,1.7243937977975292,833890265.369338,4504919028.843205
2024-03-24,2024-03-25,1.6041818152348857,1.673180598810646,1.5918675574921497,1.6716904380775428,648474683.8815331,4333905912.23345
2024-03-23,2024-03-24,1.6005949328562004,1.6346849273873154,1.5902186732644896,1.6035853300745024,903199876.836237,4282263459.9895473
2024-03-22,2024-03-23,1.682275848363611,1.6938487627755658,1.5720940821052602,1.5998766447317212,1198643256.6188812,4329249198.048951
2024-03-21,2024-03-22,1.7404760992254658,1.7857675707780998,1.6839265572306108,1.685643786977529,2017004719.6550522,4613605600.303136
2024-03-20,2024-03-21,1.612256121835112,1.7526465105962679,1.5644301216103103,1.7470604244547454,2506120883.0487804,4408994151.243902
2024-03-19,2024-03-20,1.6354930524673534,1.6727293570211292,1.4686836424412548,1.6204473737419316,2355461630.696864,4194853054.4076657
2024-03-18,2024-03-19,1.7442528616809667,1.7442528616809667,1.6053675576041595,1.6240487780788464,1521466935.9059234,2650099287.707317
2024-03-17,2024-03-18,1.7702661540960716,1.7821713357959674,1.636029153109465,1.7504783753334907,1933352702.5714285,2208078141.6376305
2024-03-16,2024-03-17,1.8947312698800256,1.9397447836830755,1.7462468760710044,1.7664830408042247,1784715191.0731707,2374981774.7108016
2024-03-15,2024-03-16,2.018849580572375,2.0283365546007714,1.8248337584561163,1.8941710211934182,2069913460.695804,2430168649.853147
2024-03-14,2024-03-15,2.1089614759977136,2.1107909818415242,1.9433166112302591,2.0139095546500205,1930176703.8013937,2594125431.1114984
2024-03-13,2024-03-14,2.0311954075167877,2.248137213744302,2.0246750232400728,2.119887262577731,1960343680.5923345,2713561604.8013935
2024-03-12,2024-03-13,2.082631068553926,2.094991358685386,1.9410268521566174,2.0180165374713144,1369176378.327526,2571597375.714286
2024-03-11,2024-03-12,2.0685889927297754,2.120073871552302,1.9996338471403126,2.082987717838978,1298692509.4912891,2631308061.4599304
2024-03-10,2024-03-11,2.092435832142169,2.125121392780626,2.0165017576737823,2.0687366636622713,994604535.8397212,2644504891.8466897
2024-03-09,2024-03-10,2.1334061611548085,2.1639823662529216,2.085619160483098,2.0974640412419134,1324506619.2334495,2715376020.550523
2024-03-08,2024-03-09,2.184300879428194,2.269813751970158,2.1102498028572136,2.1357648735055434,1706398857.6062717,2782313266.8536587
2024-03-07,2024-03-08,2.0600122861492247,2.1803861435718725,2.0234402377262515,2.1676652439145787,1648247539.4041812,2680098134.9965158
2024-03-06,2024-03-07,1.9719737048737573,2.139665171786407,1.9269029286621355,2.053818476572676,3059210186.8675957,2594604091.7108016
2024-03-05,2024-03-06,1.974232773644539,2.1663128942493586,1.8721419357444609,1.9719928364817871,2554214694.550877,2612053663.9929824
2024-03-04,2024-03-05,2.041247470261448,2.066629797097956,1.9339893299391793,1.9771060775314242,1487736762.902439,2549262654.6829267
2024-03-03,2024-03-04,2.0187790205716816,2.1786459716523994,2.0185076121555916,2.0455010824260174,1743600282.5923345,2652334706.383275
2024-03-02,2024-03-03,1.985918550348222,2.023387187312528,1.9626659071935462,2.023387187312528,921027913.8118467,2530939350.390244
2024-03-01,2024-03-02,1.946836499616433,2.0096404352403114,1.9444080593083717,1.9891846109974558,1424265239.8850174,2524338645.749129
2024-02-29,2024-03-01,1.8948258199623287,2.0472478284437554,1.8891235691542734,1.9452080934264249,1852492834.6480837,2536397748.543554
2024-02-28,2024-02-29,1.89605065313622,1.9703376588629031,1.8394407114414455,1.901736427608576,1002745254.4216028,2415704576.174216
2024-02-27,2024-02-28,1.928417170048787,1.9514251005588188,1.8778882962580732,1.8961096398362565,915946368.456446,2442271853.41115
2024-02-26,2024-02-27,1.8994261078499148,1.9547033734029924,1.8118288113562113,1.9301342776900432,647966365.5540069,2398172555.7839723
2024-02-25,2024-02-26,1.8472919313812235,1.900375872624135,1.8358760553779463,1.900375872624135,501071972.1567944,2382833134.8536587
2024-02-24,2024-02-25,1.797463578957544,1.85075863183606,1.7594441197308248,1.8466387378287246,695843866.2857143,2325343391.1567945
2024-02-23,2024-02-24,1.8069199167409575,1.8255205594909667,1.7499269027555717,1.807877969855758,791651551.7421603,2278407684.571429
2024-02-22,2024-02-23,1.8702553781625768,1.8945296447058066,1.7996817816293116,1.8129061855913635,954924869.7421603,2352768749.425087
2024-02-21,2024-02-22,2.009306896275347,2.0144113822455263,1.8138403212083951,1.8799027872227045,1229037093.1010454,2403647797.4843206
2024-02-20,2024-02-21,2.0605484856276566,2.0793968139164907,1.9102868154659323,2.01118409199528,949023806.4355401,2539653986.818815
2024-02-19,2024-02-20,2.0392371321933416,2.098629693801583,2.0214944586962815,2.0547975727739254,668276777.076655,2619209883.449477
2024-02-18,2024-02-19,1.971021306956367,2.0480298823808956,1.9494897006735612,2.035368230900465,473636414.0557491,2551523123.034843
2024-02-17,2024-02-18,2.0092275601239598,2.0197213510317105,1.9177307277204252,1.970635685046559,599600010.5783972,2510256447.383275
2024-02-16,2024-02-17,2.0715291148939197,2.0913253430236276,1.9853040520166412,2.0129368509776335,822123959.8815331,2595881326.7874565
2024-02-15,2024-02-16,2.1145719564723393,2.162915243327247,2.0472105713711035,2.070143432996794,882362052.0243902,2685292419
2024-02-14,2024-02-15,2.0472795288309626,2.1222148122650193,2.0180634323457243,2.1129854463370656,757311423.7317073,2642607880.7421603
2024-02-13,2024-02-14,2.082361965993353,2.103964738955377,2.001990864829496,2.0477884193184273,978520242.1289198,2626857873.1498256
2024-02-12,2024-02-13,1.943813789883204,2.0799298503185764,1.918291264715088,2.0763347817222004,597824307.3832753,2524142755.3972125
2024-02-11,2024-02-12,1.961515032153264,2.0044221801320155,1.9377386474234384,1.9428769724923576,448083322.36236936,2516815004.12892
2024-02-10,2024-02-11,1.986757556641122,2.0166556366132355,1.9403250665691658,1.9616536921091514,767902797.0418118,2516811522.6376305
2024-02-09,2024-02-10,1.8682817505686689,1.998623613322012,1.8654132005294652,1.9832275863698468,729066141.9825784,2453810429.062718
2024-02-08,2024-02-09,1.8985112538485587,1.9248447761010965,1.8641876990478794,1.8652089835990948,874606569.7909408,2407483750.250871
2024-02-07,2024-02-08,1.8357380986346432,1.9347520726834289,1.8122207438102589,1.896776390419802,892362703.4738677,2368910603.3728223
2024-02-06,2024-02-07,1.7326714517063777,1.8689290300424308,1.728902579869788,1.8316890614494012,748408706.1254356,2306748535.2334495
2024-02-05,2024-02-06,1.7324564678923937,1.7870247866696984,1.7057503383824553,1.7344324513314355,468580605.25087106,2226479643.6445994
2024-02-04,2024-02-05,1.764669967830436,1.7750864349164899,1.728815532477663,1.7336429021939452,361190196.5679442,2240044651.9407663
2024-02-03,2024-02-04,1.7890510373896265,1.8356192436354197,1.7648109530968303,1.7649820789511572,490765928.4041812,2291577238.4738674
2024-02-02,2024-02-03,1.783648418649521,1.8118721453032656,1.7605892909645657,1.7915328951236418,672652049.8885018,2284055641.1149826
2024-02-01,2024-02-02,1.7654741094364355,1.7865845235549629,1.6944040215593175,1.7857418810317636,893320672.8118467,2209510597.7456446
2024-01-31,2024-02-01,1.8836735331811478,1.8836735331811478,1.7462241401494276,1.7645100269010656,1093332249.3554008,2326633943.3135886
2024-01-30,2024-01-31,1.8468257631627423,1.9691431846024174,1.8391795626298393,1.8855502446983563,990750346.7073171,2415736469.543554
2024-01-29,2024-01-30,1.7916609079178156,1.858435824490822,1.774164871247883,1.852757596833771,726336370.1010453,2320226421.1881533
2024-01-28,2024-01-29,1.795157452990542,1.8956381249369003,1.7889883756993985,1.7982442627425592,650147523.7979094,2338571637.8850174
2024-01-27,2024-01-28,1.8107477671508305,1.837287140935201,1.7772335349392587,1.7954453155272103,783515852.6132404,2296328221.655052
2024-01-26,2024-01-27,1.7329063741348811,1.8200653371899023,1.71417828124798,1.8149404208418647,1022385339.3797909,2257010303.9930315
2024-01-25,2024-01-26,1.7297005946893524,1.7681908598213236,1.6432365489237044,1.7320798241859625,934505191.804878,2167946988.383275
2024-01-24,2024-01-25,1.6884893305009296,1.7404729875478964,1.6363138170619023,1.7404729875478964,1380155358.9721255,2152453474.8292685
2024-01-23,2024-01-24,1.6917150126200453,1.7354686500559762,1.555400504904497,1.6921026112549085,1545104256.041812,2106047672.195122
2024-01-22,2024-01-23,1.8223823946965823,1.8310189269609571,1.665893318338668,1.684763840084716,1024804303.3797909,2219881706.0592337
2024-01-21,2024-01-22,1.8088106510124844,1.9018442603841437,1.7903233514773524,1.8161989591042837,764805111.087108,2355674827.1149826
2024-01-20,2024-01-21,1.8451839228376157,1.8523441409910528,1.762228381276518,1.806140404428738,1046660939.1916376,2301358836.7421603
2024-01-19,2024-01-20,1.8967683485291202,1.9186074185518054,1.7369213642049215,1.8519305733505773,1296387184.9616725,2364392290.7909408
2024-01-18,2024-01-19,2.0404858028254296,2.0404858028254296,1.8557777063105572,1.8887096328427282,1047413337.7804878,2480853722.9616723
2024-01-17,2024-01-18,2.154072410300208,2.1607509753018457,2.0075293025524945,2.03780080248825,1143258230.337979,2645666601.9860625
2024-01-16,2024-01-17,2.1142762261560195,2.191506924160792,2.0507333438524293,2.1535590806858074,1305220974.43554,2732831406.3101044
2024-01-15,2024-01-16,2.0398787373011364,2.1692696699760723,2.039730621167194,2.1143069680116677,1307386285.5400696,2686495130.404181
2024-01-14,2024-01-15,2.1630272698624404,2.193675527860095,2.0246080118371776,2.0246080118371776,1208741135.3554008,2717821003.247387
2024-01-13,2024-01-14,2.2059002056957153,2.2059002056957153,2.0867336887269485,2.1782361185542034,2861404399.554007,2754807324.292683
2024-01-12,2024-01-13,2.2570995381488888,2.399149291893991,2.1185624189530716,2.2022848150674186,3084699115.6132402,2869493558.933798
2024-01-11,2024-01-12,2.205623625058335,2.3705516954812302,2.158499160729927,2.26620451901922,4950676599.829268,2898769894.174216
2024-01-10,2024-01-11,1.853954286750828,2.2576314420649317,1.853954286750828,2.217233291427739,3512951452.5609756,2531287257.3623695
2024-01-09,2024-01-10,1.8256654650147073,1.8449566342468184,1.6311690508103076,1.8228224546424308,1890701765.5574913,2242048530.466899
2024-01-08,2024-01-09,1.729663292082335,1.8578939470435707,1.5864530748877146,1.8210964669276906,2096778287.7317073,2200677515.2090592
2024-01-07,2024-01-08,1.7502553674932755,1.8856620335180232,1.6948968588796651,1.7100020933284472,1400208267.195122,2315940247.9477353
2024-01-06,2024-01-07,1.956889806142256,1.9635493703724038,1.7008607061300847,1.75035330755071,2010637265.1567943,2274829815.6271777
2024-01-05,2024-01-06,2.0021824642156534,2.013079220180753,1.8368509854239923,1.9354626619768913,2646221378.045296,2453605913.7874565
2024-01-04,2024-01-05,1.9133590816500659,2.1081103447699823,1.82221029604254,2.0120711077986773,4495452021.888502,2499897240.9860625
2024-01-03,2024-01-04,1.7860103537981895,2.048227808968316,1.620083163153469,1.9097717279261976,3807515152.247387,2438235527.58885
2024-01-02,2024-01-03,1.7357592255911343,1.8299668552187092,1.7098337235009724,1.7758046177842464,1692016165.487805,2235690624.7456446
2024-01-01,2024-01-02,1.5681272841082694,1.7450021507524565,1.524093742923032,1.7393918606892236,1087315479.630662,2041606875.163763
2023-12-31,2024-01-01,1.4884181261317067,1.6538860171244805,1.4880270692992794,1.5557103101303746,1039045768.9825784,1991558312.6236935
2023-12-30,2023-12-31,1.5050022701134353,1.5327364783903534,1.434923861455547,1.485077297134087,995720569.2752613,1886214087.6167247
2023-12-29,2023-12-30,1.4746723155983388,1.547291699338873,1.4272170978667438,1.5071584375906106,1365316194.968641,1882054832.8188152
2023-12-28,2023-12-29,1.5166661836771271,1.6617257445003866,1.470732890815571,1.470732890815571,2337397808.080139,1980753138.84669
2023-12-27,2023-12-28,1.3255042138940598,1.534938515409237,1.2760781966959416,1.5040882217316272,1245482217.4599304,1779608526.1045296
2023-12-26,2023-12-27,1.3899393140027225,1.4039334378322583,1.2528290128108377,1.328330560552275,890245198.5958188,1702796884.0766551
2023-12-25,2023-12-26,1.3598657920990975,1.4013077134975855,1.3413441736030194,1.3943468291437295,1027417394.3658537,1748858412.554007
2023-12-24,2023-12-25,1.3892718141486036,1.4620613720680693,1.3503157391454232,1.3603101041380332,1405547387.7735193,1775216631.8641114
2023-12-23,2023-12-24,1.4332793184075223,1.4482682578998174,1.3165303342195778,1.39247378370378,2308528180.923345,1725893673.0034842
2023-12-22,2023-12-23,1.1571378674719608,1.4409274226669482,1.145680177454869,1.4321725399832352,1777858659.9233449,1651800216.6027875
2023-12-21,2023-12-22,1.1059867142490456,1.1622420726299278,1.097967004976318,1.1574448897265512,556926851.6620209,1439851168.6689897
2023-12-20,2023-12-21,1.0766872447770208,1.1325668960905566,1.071770392933796,1.1059169088461758,464969587.78397214,1410492237.3867595
2023-12-19,2023-12-20,1.099587855446377,1.1206441138041954,1.0699855490903125,1.0766861823980747,468006122.8780488,1399661381.84669
2023-12-18,2023-12-19,1.1103377846342013,1.1156680196684847,1.041924981352915,1.1008643186804605,496113928.73867595,1376526860.3554008
2023-12-17,2023-12-18,1.1278600839236397,1.1378676929693698,1.0935982159415985,1.1083593722223473,416097995.4529617,1421258729.2752614
2023-12-16,2023-12-17,1.1040051097585748,1.1532508014123044,1.0858928483655683,1.1238512448827074,490416455.1707317,1430819901.261324
2023-12-15,2023-12-16,1.1797955791505759,1.1801464235733237,1.0998277828638292,1.1001448638338642,577234170.184669,1455833257.5470383
2023-12-14,2023-12-15,1.180081781611435,1.2041136950540785,1.1460813320785677,1.182368927632378,830554915.174216,1496274589.8815331
2023-12-13,2023-12-14,1.24563919893744,1.24563919893744,1.1121753544794835,1.1851727971453716,1434667659.2832167,1475562645.93007
2023-12-12,2023-12-13,1.0981018879992197,1.2579342000752363,1.0959253393434545,1.2579342000752363,1037133886.7317073,1469789404.0348432
2023-12-11,2023-12-12,1.1592636889975219,1.1629869189721285,1.0554310382357284,1.0958060207581242,825976692.2077465,1393708803.7570422
2023-12-10,2023-12-11,1.1432008775394635,1.1648480813027042,1.1208919803554036,1.1569311272174319,716301153.630662,1465538907.1916375
2023-12-09,2023-12-10,1.1680830776986801,1.2389327077393322,1.1331984233392396,1.141478669632458,867249503.7944251,1507774493.4494774
2023-12-08,2023-12-09,1.1735578845841512,1.195456245495859,1.1512461266825273,1.1676692198611704,1205558521.8188152,1490353228.2508712
2023-12-07,2023-12-08,1.0591730714425174,1.1932815647167414,1.045626441811207,1.1687529860939183,703546105.1149826,1405346784.9860628
2023-12-06,2023-12-07,1.0936303976220008,1.1122223749530433,1.0581491537970158,1.0581491537970158,640172890.815331,1375407962.041812
2023-12-05,2023-12-06,1.0885867371550373,1.1061706394582902,1.0516840420434819,1.093072589010581,680400162.8188154,1372760800.4599304
2023-12-04,2023-12-05,1.0966679938016402,1.1461948370422503,1.0624413990903288,1.0905967185781484,621861399.195122,1398998409.794425
2023-12-03,2023-12-04,1.1097591505005215,1.1220268818427466,1.084663336843607,1.0995337517208912,465603218.5470383,1401128673.512195
2023-12-02,2023-12-03,1.0334940520912161,1.1132932347848028,1.0317042679518547,1.1093829375724076,362970162.80487806,1361442708.9547038
2023-12-01,2023-12-02,1.004959780993274,1.043908550204429,1.000735531505869,1.031796369927209,295300103.3951049,1312760629.5524476
2023-11-30,2023-12-01,1.007616264760264,1.015996002748614,1.0000492196148194,1.005899140461631,258775207.2534722,1284034607.4618056
2023-11-29,2023-11-30,1.0163480479936797,1.028484740422824,0.9966473592322744,1.0062339368867885,289786652.9756944,1291057468.0104167
2023-11-28,2023-11-29,1.017312309049911,1.0299191972577955,0.9898901154930956,1.01592494480359,310566757.2152778,1288489034.0243056
2023-11-27,2023-11-28,1.0362326470863843,1.0418090548519123,0.994398158777809,1.0180384929155157,311332124.5400697,1290925822.5017421
2023-11-26,2023-11-27,1.0681491968542627,1.0734646868776048,1.0205418122881231,1.0377400847599123,238550666.5122807,1340066205.2807016
2023-11-25,2023-11-26,1.0482928021394187,1.082407134125663,1.0482928021394187,1.0682094635521322,339938659.4181185,1356928871.7874565
2023-11-24,2023-11-25,1.01906640840191,1.0777249938732094,1.0170353705304291,1.0501933304471374,295159764.1010453,1332062295.836237
2023-11-23,2023-11-24,1.0204349063860567,1.046460823390057,1.0094041787187777,1.0181436649231381,335684976.630662,1305976869.487805
2023-11-22,2023-11-23,0.9662846489239865,1.0336917501971856,0.9659101794652913,1.0196794137833476,497384649.68641114,1277474154.1358886
2023-11-21,2023-11-22,1.0254969425231635,1.0500348129976484,0.9612316839437803,0.9629138480438943,462062873.28222996,1293636611.0696864
2023-11-20,2023-11-21,1.0426945165144759,1.074742283502595,1.025941153547893,1.029037073918732,434277356.6167247,1340293378.7909408
2023-11-19,2023-11-20,1.030722115098492,1.0495691813022547,1.0115561300595572,1.0491078453469176,336606698.7944251,1310834994.8989546
2023-11-18,2023-11-19,1.040148873835561,1.0434590987229486,0.9872897653957061,1.0317601588526946,474397200.27874565,1307771959.7421603
2023-11-17,2023-11-18,1.0789634738305627,1.1030630698203416,1.003556573009718,1.04052702197108,705239837.804878,1349503710.3205576
2023-11-16,2023-11-17,1.1433730071439505,1.177228507915689,1.0709671382724943,1.0791883814803274,573190023.4738677,1444507033.7735193
2023-11-15,2023-11-16,1.0795609628414777,1.1500821209215293,1.0750831749188376,1.1431458286952914,517745496.39721256,1417573584.6898954
2023-11-14,2023-11-15,1.115062471827011,1.115062471827011,1.043043118979928,1.0778406246599708,680571745.4390244,1394133676.0801394
2023-11-13,2023-11-14,1.151948378725586,1.1918547270544562,1.1196762136637204,1.1234386729799262,628929164.7595819,1468039985.8501742
2023-11-12,2023-11-13,1.140275931544121,1.1701787365371745,1.1005024691881473,1.1549840951656374,581849450.8188154,1450819341.728223
2023-11-11,2023-11-12,1.1715151357855955,1.1787999275661438,1.1212516554820762,1.1368010703793239,621694495.2055749,1467776308.6759582
2023-11-10,2023-11-11,1.1977375627082207,1.21269014616353,1.1345842579170105,1.1736535400231631,1298579341.9233449,1494262288.836237
2023-11-09,2023-11-10,1.0930183163541063,1.2111988817354378,1.0484898902355173,1.2107721079912879,715432841.4773519,1413971062.9372823
2023-11-08,2023-11-09,1.0806832406033435,1.0988062297450594,1.0626409878216319,1.0971122596409677,497565096.445993,1375184361.1358886
2023-11-07,2023-11-08,1.1183034357300499,1.1225100743952332,1.0487882361489238,1.0842069822046028,554803324.1010453,1388445030.7247386
2023-11-06,2023-11-07,1.0902538551335919,1.1390759249867082,1.0692017175488286,1.125050917002964,560111472.0940766,1409626997.1916375
2023-11-05,2023-11-06,1.0987774711535043,1.1147383576935488,1.0623037077854447,1.0930287915757804,538564376.7212543,1393147666.3937283
2023-11-04,2023-11-05,1.0607409836857558,1.1136747430880944,1.0485885171547125,1.0934477801814404,707359690.1567944,1364766994.6167247
2023-11-03,2023-11-04,0.9882180305370996,1.0743559196844534,0.9387363910591533,1.0643631369782596,651296743.1777004,1253531806.6898954
2023-11-02,2023-11-03,1.0361689534357108,1.0387268094321647,0.9628551551326964,0.9908571324925594,765526676.1324042,1276876431.5679443
2023-11-01,2023-11-02,0.9429357754935646,1.0393070580263284,0.9262780133092411,1.0393070580263284,510701688.7630662,1224679874.292683
2023-10-31,2023-11-01,0.9650365337714267,0.9832636481220913,0.9213633306176774,0.9458124680027508,433009153.5365854,1214186844.205575
2023-10-30,2023-10-31,0.9524943565002814,0.9688792672104526,0.9292675829079536,0.9665892791830869,355629980.4390244,1210239832.3763065
2023-10-29,2023-10-30,0.9188690016087355,0.95723469253488,0.9072380908099981,0.9478879094359368,216555771.99303135,1181861536.5853658
2023-10-28,2023-10-29,0.9184065118001324,0.933214074341078,0.9120033508588566,0.9198407603787528,307235655.5052265,1175231976.5923345
2023-10-27,2023-10-28,0.9360517841087889,0.9377649975198935,0.8900083824368951,0.916733144495419,542111695.9651568,1165937635.087108
2023-10-26,2023-10-27,0.9204168978000271,0.9944053085715834,0.9192279959414624,0.9372705295714627,720893327.6596491,1211406970.463158
2023-10-25,2023-10-26,0.9017165771175784,0.9252526115784736,0.8731227123078874,0.923161494611474,491470601.6759582,1147784223.682927
2023-10-24,2023-10-25,0.8894019930306334,0.9447517816373674,0.8683513390487666,0.8986402727608573,655824894.5679443,1154334941.6968641
2023-10-23,2023-10-24,0.8553931359771705,0.8821381887485779,0.832340938033943,0.8802487857589611,336064598.533101,1082555141.5052264
2023-10-22,2023-10-23,0.8318541264050767,0.8527405302358311,0.821553895966071,0.84963418290343,261569693.77003485,1061912522.6585366
2023-10-21,2023-10-22,0.8026181025802149,0.8397252899285395,0.7967300309752127,0.8325782214998596,220075277.98954704,1046614857.4738677
2023-10-20,2023-10-21,0.7720515238627365,0.8109835520842261,0.7688605841603339,0.8005068194299407,233318916.5783972,1012892929.7839721
2023-10-19,2023-10-20,0.7818833414880247,0.7854398116634876,0.7657379018566247,0.7695394257124282,168490953.94425088,987517181.4146341
2023-10-18,2023-10-19,0.7853741202608738,0.7969367155841235,0.7773040930057701,0.7837428749589777,185212922.6620209,1003253907.6027875
2023-10-17,2023-10-18,0.8212101424169738,0.8212101424169738,0.7834257780861036,0.7849761538248391,231923391.51567945,1023205172.2578397
2023-10-16,2023-10-17,0.8055575768266663,0.8393701386962068,0.8053872797247169,0.8211519505190887,190194931.62020907,1041715703.1254356
2023-10-15,2023-10-16,0.8047970099334819,0.8119932350832064,0.7997807707096772,0.8045426826141165,94958270.07773851,1027420382.4028269
2023-10-14,2023-10-15,0.808659632995351,0.8134780175608113,0.804246594301997,0.8052436201094738,141058492.36236933,1029868196.4703833
2023-10-13,2023-10-14,0.8033305387110193,0.8174441578936089,0.7988031415799017,0.8074774851174984,190110119.85714287,1026361906.184669
2023-10-12,2023-10-13,0.8147998962079346,0.8286027269896082,0.7928187110505323,0.803716981222468,209804241.4947735,1025837041.2020906
2023-10-11,2023-10-12,0.8242566376766494,0.8270452613955023,0.8012677239466129,0.8153971034473912,169031675.16027874,1037856339.8327526
2023-10-10,2023-10-11,0.821042268717218,0.8297357751451676,0.8158224015409222,0.8246091695426576,234474243.7142857,1049077787.8222996
2023-10-09,2023-10-10,0.8467674173791834,0.8568521994234449,0.7952328793587035,0.8201660400679603,220461891.16724738,1055541731.4041812
2023-10-08,2023-10-09,0.8683912904514814,0.8761283604717048,0.8408878626195746,0.8476266912664201,153273912.46341464,1092922719.2125435
2023-10-07,2023-10-08,0.8907175736052961,0.8953016674582777,0.8672607977332174,0.870321079646119,187029042.0522648,1125050082.6898954
2023-10-06,2023-10-07,0.8595049435211825,0.8959174411554568,0.8590742927562944,0.8904017695521387,236321526.28222996,1121882750.6341465
2023-10-05,2023-10-06,0.8827798364956573,0.8917606518490004,0.8556311262362407,0.8578814855096218,246317702.53658536,1113575455.4634147
2023-10-04,2023-10-05,0.9037423230922541,0.9037423230922541,0.8670728633524948,0.884249103775548,359614324.9163763,1124092748.4146342
2023-10-03,2023-10-04,0.931887304145901,0.9447662010055781,0.9036945839986222,0.9051148043331915,390646472.71428573,1174523668.2090592
2023-10-02,2023-10-03,0.9685192712459293,0.9856141174769005,0.9181265523508589,0.9335902041797685,441858804.4878049,1218545551.031359
2023-10-01,2023-10-02,0.9075840375888143,0.9782356648594516,0.9075840375888143,0.9713817169502785,310411945.78745645,1198665286.4146342
2023-09-30,2023-10-01,0.9039467121958463,0.9246804811608078,0.8927512128900479,0.9080174959495001,302523193.1324042,1156959870.9094076
2023-09-29,2023-09-30,0.8916354286889332,0.91304118301201,0.8838713518730619,0.9034275712465807,447490102.0836237,1146063820.4494774
2023-09-28,2023-09-29,0.8174002100212633,0.8998608537996331,0.8169365703166755,0.8918928133511892,232617842.36585367,1084364495.9477353
2023-09-27,2023-09-28,0.8276973428807969,0.8439568660135559,0.8146507487447877,0.8182287418041282,177936909.24390244,1052501872.2264808
2023-09-26,2023-09-27,0.8061336224709535,0.8269508845184618,0.8061336224709535,0.8254748294777563,166463119.83275262,1044238015.8989547
2023-09-25,2023-09-26,0.8089982801824487,0.8198771951497228,0.8041328325093643,0.8077087460514175,174049953.1358885,1035083913.6585366
2023-09-24,2023-09-25,0.8187705236084939,0.8313456437240555,0.8077099214745046,0.809148343318139,122423065.41114983,1047706779.7700348
2023-09-23,2023-09-24,0.8437747906603731,0.8496549629742083,0.8177825022924065,0.8209508202493245,164629749.3205575,1058692541.6968641
2023-09-22,2023-09-23,0.8251141178284767,0.8468339906379968,0.8197733157524342,0.8413572307567163,217940349.11498258,1067984071.1010453
2023-09-21,2023-09-22,0.859024346165135,0.8653839209027342,0.8123354118294113,0.8224134064039753,278553941.9477352,1061681603.5714285
2023-09-20,2023-09-21,0.8637894511936762,0.8697563795122284,0.8367197472690763,0.8599700895629645,283917566.6620209,1085196764.0174215
2023-09-19,2023-09-20,0.8260253449298934,0.8631353719902506,0.8212083337018771,0.8631353719902506,267252687.06271777,1072292351.456446
2023-09-18,2023-09-19,0.7965413870471008,0.8395990825022845,0.7876207346359594,0.8236159158079993,244789223.56643358,1046506264.6958042
2023-09-17,2023-09-18,0.8262645239230306,0.8262645239230306,0.7851449449536457,0.7963725443903288,179009941.9965157,1031891106.71777
2023-09-16,2023-09-17,0.8084999464824532,0.8346091907840988,0.8084472229585424,0.8278719739457092,266094243.21254355,1048656602.815331
2023-09-15,2023-09-16,0.8034580367590592,0.8132021230772529,0.7864903908500207,0.80913012875691,232401075.48083624,1019280540.1463414
2023-09-14,2023-09-15,0.7849557754298654,0.8174428743565767,0.7837123390010972,0.803941677676624,327832708.31358886,1026629682.8954704
2023-09-13,2023-09-14,0.7824794327704628,0.8028572412342917,0.7739860554042332,0.7863646435686518,421017824.71777004,1002695360.933798
2023-09-12,2023-09-13,0.7620458025248449,0.797246060568568,0.7544428087432912,0.7841411890114234,623036750.5853659,991931321.4355401
2023-09-11,2023-09-12,0.8442744123972791,0.8473809642373877,0.7442586394792532,0.7609279157285341,417991158.1324042,1014502868.195122
2023-09-10,2023-09-11,0.8980694043609422,0.8980694043609422,0.832851825657713,0.8439511232583918,188519332.3554007,1099365407.4285715
2023-09-09,2023-09-10,0.9012706274385794,0.9025128687474963,0.8957015060671674,0.8981146814917115,104026288.0174216,1146803765.5783973
2023-09-08,2023-09-09,0.9116527311225062,0.920187020850493,0.8952599351977376,0.9020196689551475,172940887.84320557,1154705580.9094076
2023-09-07,2023-09-08,0.9019705162279738,0.9188439183536825,0.8974721522168327,0.9112046383049188,191327718.96167248,1154220702.7491288
2023-09-06,2023-09-07,0.9013363996821346,0.9095201825040053,0.8856835002825989,0.9016888427987411,176484262.44599304,1144671017.8083625
2023-09-05,2023-09-06,0.8955175571142099,0.9085513242324523,0.8842359161858317,0.9010779561631094,184179907.51916376,1143011342.7700348
2023-09-04,2023-09-05,0.9058414154845443,0.9246320128982174,0.8862235872174243,0.8963646148287729,216113678.0174216,1152850802.2891986
2023-09-03,2023-09-04,0.8882333611746716,0.9082998046921849,0.8809024530519544,0.9049377842055037,132821262.50174215,1135499690.5261323
2023-09-02,2023-09-03,0.8845191787061256,0.8937195322961551,0.8756531230486043,0.8877462426236871,244573813.29616725,1131522053.369338
2023-09-01,2023-09-02,0.9190443345511334,0.9288391177320227,0.8722826841269873,0.8845463291923408,300150356.16027874,1158012870.609756
2023-08-31,2023-09-01,0.9417328987884241,0.9564488909246374,0.9079878528900533,0.9161840180515127,240509779,1194316228.195122
2023-08-30,2023-08-31,0.9706371239306707,0.9719932456357517,0.9399952372638438,0.9435574171827219,316859903.912892,1215034000.6445992
2023-08-29,2023-08-30,0.9494745613468448,0.9901133901551,0.9339155337307049,0.9696351081043313,257657910.78745645,1220848148.968641
2023-08-28,2023-08-29,0.9564046501521596,0.9600513228622729,0.9274706149335284,0.9498619981200582,201794504.7979094,1202368729.174216
2023-08-27,2023-08-28,0.9496114627890075,0.9642045359892147,0.9463294654141778,0.9586632814758287,151681462.0662021,1218657853.2020905
2023-08-26,2023-08-27,0.9471326973201275,0.9539400933926795,0.9384011865288461,0.9509449061934594,211242234.1010453,1206598759.0139372
2023-08-25,2023-08-26,0.9792503585975959,0.9792503585975959,0.933514823073763,0.949774079565206,249791281.93728223,1215336489.6062717
2023-08-24,2023-08-25,1.009578560632714,1.0140531078933412,0.9666789312267517,0.9804490549573945,237361502.2857143,1268583372.3205576
2023-08-23,2023-08-24,0.9829277017465025,1.0250056833235233,0.9771806286410655,1.0079561298237547,334837472.41463417,1269498550.43554
2023-08-22,2023-08-23,0.9948910855689987,1.0036586569979895,0.9485201193121919,0.9808354835083652,256982191.54703832,1255791300.5505226
2023-08-21,2023-08-22,1.0301838693996674,1.0329429312794558,0.9854198916904765,0.9963169323617915,198186981.05574912,1285904631.8710802
2023-08-20,2023-08-21,1.020046870157067,1.0398512007016494,1.0170433666821057,1.0291277175765747,165761477.19512194,1311258592.2648084
2023-08-19,2023-08-20,1.0064708906051651,1.0304505869773777,1.0053579925725828,1.019589792437941,234712880.58885017,1293389839.466899
2023-08-18,2023-08-19,0.9879150093140082,1.0239625790033346,0.9879150093140082,1.0073101441889436,575580398.0034844,1282086157.087108
2023-08-17,2023-08-18,1.0461966691352143,1.0654876671385836,0.9207583017080471,0.9856823767593622,450412187.3031359,1321111962.8606272
2023-08-16,2023-08-17,1.130228319734926,1.1334770976877409,1.0327338683300056,1.0498023379423196,392532367.8501742,1399847460.912892
2023-08-15,2023-08-16,1.1408123698720154,1.1629820571976168,1.121598553911113,1.131225787899188,213665001.7108014,1454982297.0731707
2023-08-14,2023-08-15,1.1391975593347963,1.1517102651646849,1.1336311809203323,1.1415857198127424,203295985.33449477,1455966338.7665505
2023-08-13,2023-08-14,1.1640462017599973,1.1676051058879648,1.1420711883695513,1.142278853030269,151238811.2543554,1478613411.2125435
2023-08-12,2023-08-13,1.1576260183217615,1.1671465119971796,1.1554679667198544,1.1630214175566704,151396874.3379791,1479393348.9825785
2023-08-11,2023-08-12,1.1584012285175542,1.1631337830784323,1.1522985357459186,1.1582066385601684,223325880.13240418,1474952172.5574913
2023-08-10,2023-08-11,1.17700541662602,1.188205832756668,1.1550540565829872,1.1593377868967487,359496478.1010453,1491179711.0731707
2023-08-09,2023-08-10,1.162385579282865,1.1935026436108225,1.162385579282865,1.1757335713142016,376126606.4111498,1499522675.020906
2023-08-08,2023-08-09,1.1350463429433466,1.1720684851567729,1.1323086258009798,1.16010621486847,302486871.5505226,1461678030.1149826
2023-08-07,2023-08-08,1.1410469672670098,1.1546682407102353,1.1176340092828607,1.1329757577903574,250872469.0034843,1450149431.9094076
2023-08-06,2023-08-07,1.1387075738575614,1.1494124341555076,1.1331873290705208,1.139561062191642,293847101.62020904,1455979870.1811848
2023-08-05,2023-08-06,1.1566668227573829,1.1579288242894874,1.1341947586052963,1.1391494966059954,263573473.91958043,1461913113.013986
2023-08-04,2023-08-05,1.1320062046069421,1.164629461443264,1.1291121776155257,1.1567170303508392,264552413.40069687,1463019958.5087109
2023-08-03,2023-08-04,1.1318484149825707,1.1479587269236435,1.1200872337214873,1.1291696604136325,253726561.63763067,1444877687.5191638
2023-08-02,2023-08-03,1.1615013303300727,1.172931881928805,1.1283134853498407,1.132138664175726,301144540.4494774,1462308791.5853658
2023-08-01,2023-08-02,1.169016168529946,1.1747672184681917,1.131733542209485,1.1595828651396445,303997115.5365854,1461518994.4599304
2023-07-31,2023-08-01,1.1574973294784752,1.1932474419666137,1.1554450007121133,1.1706330855815494,260631002.87323943,1495254818.806338
2023-07-30,2023-07-31,1.1830254202992982,1.1887095627958992,1.1497044643601941,1.1594549331881305,137235642.9790941,1498113514.5714285
2023-07-29,2023-07-30,1.1733274129029634,1.1844953363440578,1.1726626494994208,1.183357408400683,131594459.09407665,1502255905.0557492
2023-07-28,2023-07-29,1.1710650005229226,1.1804080968344217,1.1572776751003229,1.1744935133075813,201922230.6933798,1493190508.0592334
2023-07-27,2023-07-28,1.196685980188242,1.2075976792169922,1.1693204803379207,1.172393292005366,268458767.0383275,1518681774.184669
2023-07-26,2023-07-27,1.1685326072863667,1.2036441847911241,1.1539316820076444,1.1979593146483,258131065.16724738,1496480488.7351916
2023-07-25,2023-07-26,1.187819627535666,1.1944234278811081,1.1589699408866851,1.1699859932364258,286976070.6968641,1500142031.2125435
2023-07-24,2023-07-25,1.2509187450025447,1.2530546419613966,1.1735961222706859,1.188597364018234,340229540.4634146,1538242103.8954704
2023-07-23,2023-07-24,1.2271498639998972,1.2667500739186606,1.220069566500829,1.2515204352877027,231892254.7491289,1582372574.1672473
2023-07-22,2023-07-23,1.2351437737130602,1.25166569504996,1.2188764361270734,1.2234686380563284,290241256.31010455,1584143561.7526133
2023-07-21,2023-07-22,1.2606659964886384,1.2955154481277564,1.2338471597327445,1.2346049314912797,499178567.68292683,1604779136.958188
2023-07-20,2023-07-21,1.2681320171038541,1.3098283774369497,1.2516142163294584,1.261130161873434,564514805.4250871,1625116581.2369337
2023-07-19,2023-07-20,1.236398458395228,1.297288781644445,1.2353560069335765,1.269121920394351,578228996.804878,1611513328.1916375
2023-07-18,2023-07-19,1.3021448784608964,1.3283217011341917,1.2362417904216931,1.2429989246135984,795892878.9651568,1623977902.3554008
2023-07-17,2023-07-18,1.2692824504319535,1.344866631632294,1.2583083483122044,1.3041087631823776,830765026.9860628,1657506125.651568
2023-07-16,2023-07-17,1.2768777125315207,1.3043011392998929,1.247448851421485,1.2720237756437895,719393996.4076655,1629052011.8222997
2023-07-15,2023-07-16,1.2124084606656171,1.3200791977131572,1.2094580217357431,1.2681982564253353,1196685781.466899,1608596870.804878
2023-07-14,2023-07-15,1.2245443255758284,1.3213354036585652,1.1696092250680228,1.2111262392595294,965571977.7421603,1565321493.707317
2023-07-13,2023-07-14,1.122623444500508,1.2408035729093514,1.1136886503655472,1.224040724715941,401037966.5365854,1472037380.5818815
2023-07-12,2023-07-13,1.126955006695769,1.1386959148569296,1.1141549838325653,1.1223434771497145,272228018.73519164,1435905092.8745644
2023-07-11,2023-07-12,1.119335180588348,1.132767311485933,1.1123894313918699,1.1266352952992325,298551539.92334497,1430805866.5365853
2023-07-10,2023-07-11,1.122206770429422,1.1412048272115454,1.1010925706950783,1.1216502230686949,326975984.14285713,1424823530.5609756
2023-07-09,2023-07-10,1.1244284311149733,1.1399398556314602,1.122462029208102,1.1234829792614192,287852342.21254355,1444396172.9407666
2023-07-08,2023-07-09,1.1333167034051004,1.1464879762027331,1.112466321157628,1.1257632080332036,412853734.70731705,1440494246.4181185
2023-07-07,2023-07-08,1.0671057518920564,1.131579223386544,1.065584860908428,1.131579223386544,506221228.0069686,1406732532.4041812
2023-07-06,2023-07-07,1.1105652883175274,1.141224566057744,1.0760057255145217,1.076535475829682,446609015.9965157,1413318615.5052264
2023-07-05,2023-07-06,1.1505777394978596,1.1547589879207278,1.0968284916801136,1.11197787330841,387474737.4529617,1436740064.4738677
2023-07-04,2023-07-05,1.1663931772452485,1.1953327972786412,1.1489122386794681,1.1510649545045522,462091730.4006969,1489760534.7351916
2023-07-03,2023-07-04,1.152595866997161,1.1830771545822059,1.151626939965374,1.1676378659748905,434190200.5505226,1490922546.4738677
2023-07-02,2023-07-03,1.1503479572749067,1.1609647936365202,1.1256498892977784,1.1516058256159565,337766890.8675958,1451910870.1777003
2023-07-01,2023-07-02,1.165417333142587,1.1693322240151818,1.1387012807393027,1.152572287207767,722548366.738676,1466114325.9477353
2023-06-30,2023-07-01,1.1294264819813031,1.194940238297228,1.090563478364074,1.1608941419734733,798169227.2264808,1470135728.5087109
2023-06-29,2023-06-30,1.12298934181638,1.1648450119096996,1.1206637378917979,1.1313680222308793,661075174.0487804,1451936367.641115
2023-06-28,2023-06-29,1.20396237810837,1.20396237810837,1.1187802122981518,1.1225442148765867,800807748.6759582,1471617090.641115
2023-06-27,2023-06-28,1.1407793615960664,1.2421516574512805,1.139808959900071,1.20683658544095,1011044360.4425087,1537826610.5191638
2023-06-26,2023-06-27,1.1046606587091827,1.1711288239965145,1.085984615727345,1.1414223447325313,674246762.3519164,1440962913.0278745
2023-06-25,2023-06-26,1.0795268930917978,1.1319747099670974,1.073384491898154,1.1107174091928402,564627511.2160279,1410777384.8536584
2023-06-24,2023-06-25,1.1291216446730123,1.1331856370363729,1.0620674192345494,1.0795866491395703,532232628.9512195,1404630054.4808362
2023-06-23,2023-06-24,1.0919439398358748,1.1556792176434183,1.091289483836221,1.1308861299440234,550756091.108014,1427308815.5609756
2023-06-22,2023-06-23,1.1390929960623895,1.1711409228984426,1.085913340717469,1.086967791342251,837274054.076655,1439287067.5400696
2023-06-21,2023-06-22,1.07866346966752,1.145074575187555,1.077295001832123,1.1395627329304068,820562090.4111499,1412354134.878049
2023-06-20,2023-06-21,1.005394777994804,1.0879962450396081,0.9846547956329986,1.0854966508299355,422617475.010453,1302194631.261324
2023-06-19,2023-06-20,0.9950243894480492,1.0133094618861846,0.9887603148012086,1.0050976678251893,349294667.1010453,1274551732.3728223
2023-06-18,2023-06-19,0.9931078231999143,1.0223823394960476,0.9839067118946704,0.9928149819921209,306188976.6585366,1280231129.7595818
2023-06-17,2023-06-18,0.9729206417729377,1.0089239925381328,0.9684552851540411,0.9928402632069672,421533575.4738676,1263099141.358885
2023-06-16,2023-06-17,0.9478109180370985,0.9810332716645812,0.9317819550986713,0.9753546439614159,426865188.4041812,1219334095.5714285
2023-06-15,2023-06-16,0.9401773709326788,0.9579257267750684,0.9105378174655288,0.9492913142208527,527665002.5261324,1191112069.0592334
2023-06-14,2023-06-15,0.992297973114532,1.0081651958370057,0.9230379137695877,0.94122052571357,449691267.0731707,1259783519.5400696
2023-06-13,2023-06-14,0.9789549933807875,1.0296775547094867,0.9701306627311401,0.991813495487058,574757781.0731708,1269107678.8432057
2023-06-12,2023-06-13,0.9916296190804087,0.9965474614940416,0.9589873779217005,0.9773585886670557,566237440.3623693,1246375011.2473867
2023-06-11,2023-06-12,0.9903713753429992,1.0160449153487983,0.9788396438535305,0.9923469293157496,824570685.0383276,1271547213.4146342
2023-06-10,2023-06-11,1.1325888550715701,1.1325888550715701,0.9460116915846175,0.9934056084966729,874528927.6083916,1299306285.6363637
2023-06-09,2023-06-10,1.129952050244978,1.1514468459887286,1.118765124346199,1.131961993821639,320691121.3066202,1445647133.4041812
2023-06-08,2023-06-09,1.1249347604309703,1.1454850514597381,1.108745807645281,1.1291739739040787,470498719.5121951,1440004023.8815331
2023-06-07,2023-06-08,1.1868078712632273,1.1985276527188047,1.1179102671687537,1.1268330850416126,673496001.5087107,1477775789.132404
2023-06-06,2023-06-07,1.137167904419935,1.1953932653414459,1.109583490419818,1.1898485432974089,858961464.6167247,1468618994.2961671
2023-06-05,2023-06-06,1.1976657602156147,1.2006495807202937,1.0712824962103962,1.1376270169701002,565684274.2020906,1475191223.6655052
2023-06-04,2023-06-05,1.2176138656947542,1.23339249920697,1.2030134792963203,1.2073218675941366,356141209.4494774,1557098001.6689897
2023-06-03,2023-06-04,1.2390613301153597,1.254403016909713,1.2052137505209295,1.2162105316865366,603899180.6550523,1570795658.195122
2023-06-02,2023-06-03,1.1464231190733263,1.2546985416369498,1.1395328087121754,1.23851603813791,598329387.6445993,1551902747.5714285
2023-06-01,2023-06-02,1.1599150220984513,1.1654970083102518,1.13281378574693,1.1461056872461226,432336745.1672474,1468104330.1986063
2023-05-31,2023-06-01,1.2196545145498694,1.234099271385469,1.1431052018940868,1.1630588113663196,590195311.7038327,1495504102.1149826
2023-05-30,2023-05-31,1.226985353034454,1.2459401780733672,1.2116185170613072,1.220046315391931,585507745.6759582,1569421098.2996516
2023-05-29,2023-05-30,1.2493999382041037,1.275261543220742,1.215242561923153,1.2274234683773126,786232008.6097561,1582797519.9477353
2023-05-28,2023-05-29,1.1729415388689755,1.251081688578305,1.1668172476849703,1.2487315210081218,502308017.8229167,1534704880.7708333
2023-05-27,2023-05-28,1.1587995614449216,1.1781131473448665,1.1528418441802684,1.173963239384806,587175230.7013888,1482341727.3263888
2023-05-26,2023-05-27,1.1071440371643175,1.1790163014986792,1.1049123922330037,1.1583303970396555,572336848.3286713,1461078120.660839
2023-05-25,2023-05-26,1.1098577887448557,1.1127366869143753,1.0746943395218684,1.107057001238497,535006395.4280702,1404241953.554386
2023-05-24,2023-05-25,1.1670851276407153,1.1670851276407153,1.0906135030681317,1.1102416578435506,495889091.9166667,1428559670.2083333
2023-05-23,2023-05-24,1.125692631281336,1.1779929316286157,1.121488260148464,1.167155432462423,440235852.2569444,1481377773.84375
2023-05-22,2023-05-23,1.127890763414112,1.1372138234104698,1.1098515164030085,1.1256703090609472,374489160.7361111,1432639742.9444444
2023-05-21,2023-05-22,1.1641622701669294,1.1705730604476126,1.119879075551795,1.1280612195016018,257368563.2361111,1465920139.2222223
2023-05-20,2023-05-21,1.163820064727277,1.1673666032711667,1.1515579185285747,1.1637155632281486,327988916.2048611,1477375249.1006944
2023-05-19,2023-05-20,1.1559007340045322,1.1707164922603823,1.1432525419188624,1.162799968074995,527573022.3784722,1474089019.34375
2023-05-18,2023-05-19,1.197742672585804,1.2094737956995303,1.1420827657983146,1.1543545970923823,658328575.4791666,1508414510.5138888
2023-05-17,2023-05-18,1.1797664730438724,1.20876859779324,1.139640501169263,1.1995687352551108,561378703.8020834,1502766151.0173612
2023-05-16,2023-05-17,1.1900384516965847,1.203145783590509,1.1683965801491734,1.179139970384736,661583804.4097222,1508529795.25
2023-05-15,2023-05-16,1.1716972401733148,1.2281409302673794,1.1524069596436732,1.192956575593363,790977444.3578948,1537131409.1473684
2023-05-14,2023-05-15,1.1708107692154077,1.2028158315064226,1.1472768416220103,1.1709471490654992,660611592.2986112,1495092204.2534723
2023-05-13,2023-05-14,1.1724419112717472,1.1883949456335794,1.1454569040699187,1.168991360020716,1052496987.0451388,1487814077.6423612
2023-05-12,2023-05-13,1.0900405453264723,1.1762307190524304,1.06841101194705,1.1738627266544301,1247520683.3819444,1418945544.0902777
2023-05-11,2023-05-12,1.1734407928327764,1.1734407928327764,1.0589092469122232,1.0938426135638128,1533727809.0590277,1417901615.21875
2023-05-10,2023-05-11,1.1063992636153182,1.195422832324113,1.102376869627648,1.1769303702569567,1181016496.6840277,1459063392.3715277
2023-05-09,2023-05-10,1.101442358865801,1.1251089414214768,1.0834219546524761,1.1064844442361492,1361453986.390244,1407412791.5261323
2023-05-08,2023-05-09,1.2293243668620424,1.2389198928966965,1.0464663705560286,1.1027372998406366,1109668517.1111112,1475359337.9131944
2023-05-07,2023-05-08,1.2445993582175625,1.2632435270206437,1.2310309300536488,1.2316144636109174,982925476.8298612,1586689016.8784723
2023-05-06,2023-05-07,1.3580800527065948,1.366276600656425,1.2236808894652411,1.2463838618061942,1173769807.5104167,1638473383.6180556
2023-05-05,2023-05-06,1.31960592608814,1.3629489696103838,1.3036469374414938,1.3572041591494468,844250660.125,1697844840.5729167
2023-05-04,2023-05-05,1.3430039894071337,1.360652566936593,1.3113813857778094,1.3187485094409885,975381345.5659722,1701893120.9409723
2023-05-03,2023-05-04,1.349600505811707,1.3515019091718328,1.2998225986382002,1.3430501925160003,820084696.0777777,1690710767.9703703
2023-05-02,2023-05-03,1.3193071140172603,1.3597193315119698,1.3109218184376268,1.3496948114598355,849871994.9618056,1693015391.4131944
2023-05-01,2023-05-02,1.3676212498847429,1.3864093084532756,1.2932227372977512,1.320284062234782,1145474913.8298612,1704895214.6319444
2023-04-30,2023-05-01,1.367587603161942,1.419920599061326,1.35025975209448,1.3733846550487905,743491752.5208334,1751800050.6527777
2023-04-29,2023-04-30,1.381238776138233,1.3924149019475929,1.348977066583657,1.3657032500230024,982071149.2916666,1754368287.6076388
2023-04-28,2023-04-29,1.4238035044118904,1.4425460518450157,1.3651432722281556,1.3827114083513081,1577831515.7916667,1790866936.9791667
2023-04-27,2023-04-28,1.3850243243887788,1.4520397012929356,1.3800535937361533,1.4234225961531701,3342026812.0696864,1807515645.7630663
2023-04-26,2023-04-27,1.3789600914749898,1.5010614269670053,1.337646410079069,1.384024970103563,2511079856.3958335,1799127606.7152777
2023-04-25,2023-04-26,1.338163282304673,1.3822626604805055,1.2975907993258402,1.3822626604805055,1867385449.1909723,1688301663.9131944
2023-04-24,2023-04-25,1.340302568123012,1.3664982990122372,1.2915650820531561,1.3381381537516892,2398811563.9409723,1696208419.5347223
2023-04-23,2023-04-24,1.464154332728001,1.464154332728001,1.30608222300173,1.3410497862006288,1836909450.1840277,1793313911.9756944
2023-04-22,2023-04-23,1.4706449432109756,1.4984888634215572,1.4303650399476404,1.4651635202615085,3121564475.8715277,1862861935.6909723
2023-04-21,2023-04-22,1.442042903394223,1.4998672976092156,1.4156710065284455,1.469667394207114,3053071625.1145835,1846598727.2569444
2023-04-20,2023-04-21,1.4930892864490228,1.5357918123255214,1.4086487405637365,1.4435726600025103,3520285570.96875,1893199944.9930556
2023-04-19,2023-04-20,1.6737600504447168,1.690317323707185,1.4658603404078778,1.4931784288905192,3878066703.8680553,2024407967.8125
2023-04-18,2023-04-19,1.6106252657465985,1.8079291909665185,1.5973262944697715,1.6729217913134493,3578845646.013889,2180333220.90625
2023-04-17,2023-04-18,1.6980818983906225,1.6980818983906225,1.5955119949935381,1.6097550223474284,2963378556.8214374,2079028991.8694546
2023-04-16,2023-04-17,1.6543943475577223,1.7207408108928526,1.5855554515261199,1.7009898265722048,3649133201.362628,2085984036.3781471
2023-04-15,2023-04-16,1.6972789175859555,1.736050498804785,1.6142759841831251,1.650147856963837,6105774611.808263,2121684995.460119
2023-04-14,2023-04-15,1.3691961419368275,1.7293087081781993,1.3691961419368275,1.6931366296067916,5889122702.71777,1995569974.3361964
2023-04-13,2023-04-14,1.1930030181710627,1.3737728072149524,1.1809713785342937,1.3670336160594154,1807552833.7777777,1644961037.1134953
2023-04-12,2023-04-13,1.2172431517456388,1.2178733636700976,1.162034803468912,1.192951843078882,939313129.5555556,1509067506.902491
2023-04-11,2023-04-12,1.2435170642209443,1.252346222299733,1.211378457158825,1.2183950622783386,1123073794.2222223,1569842561.146214
2023-04-10,2023-04-11,1.1821045165365243,1.2493468803087497,1.1645251217659283,1.2399674815185684,779389106.4444444,1518956993.5330114
2023-04-09,2023-04-10,1.1621420808281588,1.1933032091493565,1.148729126872212,1.1823798995081127,622215551.5540069,1488837962.1017685
2023-04-08,2023-04-09,1.1966709134160984,1.2085325279444767,1.1553192294305104,1.1613507661315667,578693347.3333334,1512640078.954258
2023-04-07,2023-04-08,1.2135602379944435,1.239594764398205,1.183761618911991,1.1953803643619907,895258407.7777778,1535285581.081276
2023-04-06,2023-04-07,1.2433655642194215,1.2433655642194215,1.1858262254383034,1.2119996423590682,1187654840,1541496964.7136097
2023-04-05,2023-04-06,1.2345574733339102,1.2857068734516728,1.2150692094051623,1.2440655350750798,1732243459.5555556,1598662141.41369
2023-04-04,2023-04-05,1.152728900182795,1.2620564436199078,1.1488836608825668,1.2316219679579632,2061399074.6666667,1532449981.5102415
2023-04-03,2023-04-04,1.2000125303184426,1.225265418878706,1.1150031983611954,1.1512206983939914,2755213185.8285713,1507203770.7412214
2023-04-02,2023-04-03,1.2936699925351132,1.2981649612764614,1.1423893725205594,1.2002401400969513,1850176102.6666667,1569199476.5519168
2023-04-01,2023-04-02,1.3906997539468133,1.4015210727335157,1.2660938691452146,1.2934327713391185,1985757125.3333333,1690200047.6992989
2023-03-31,2023-04-01,1.3799760710526867,1.4333077536128862,1.340097945162975,1.390050239580925,3335891935.111111,1763147606.8977416
2023-03-30,2023-03-31,1.2256041650080456,1.4181309158917992,1.225429321407097,1.3738509311604794,3121867672,1710610083.807964
2023-03-29,2023-03-30,1.218689984598718,1.2719020577392066,1.1990386566269793,1.2241384185290443,1787718016,1569923739.7568
2023-03-28,2023-03-29,1.1648543079930738,1.220152569742767,1.1184253960952344,1.2148690575236611,2008627876.8888888,1474404447.3508894
2023-03-27,2023-03-28,1.2820171726903273,1.3187234039688334,1.1265781800046701,1.163382540262171,2126152508.4444444,1573615527.637414
2023-03-26,2023-03-27,1.2203680590977986,1.33815243943584,1.2056160789780312,1.2802363027336015,2029958237.994838,1623987152.9513624
2023-03-25,2023-03-26,1.2696181528444936,1.306897920930544,1.1936637222020945,1.2251138372913628,3699882581.3333335,1582452541.2469912
2023-03-24,2023-03-25,1.3278400442661946,1.5497797096176658,1.1955243193237344,1.2652073615556034,4747928849.777778,1652474616.6871243
2023-03-23,2023-03-24,5.036131244991421,8.673259320405311,1.1263801402596862,1.3361815570702746,1863768616.851557,0