,date,avg_gas_price_in_wei,avg_value_in_wei
0,2020-09-23,470000000000.0,7.8125e+16
1,2020-09-24,470000000000.0,1e+17
2,2020-09-25,470000000000.0,2000000000000000.0
3,2020-09-27,470000000000.0,0.0
4,2020-09-28,470000000000.0,0.0
5,2020-09-29,470000000000.0,5.957903142857143e+17
6,2020-09-30,470000000000.0,5.128395483870968e+18
7,2020-10-01,481415929203.53986,4.115779911504425e+18
8,2020-10-02,470000000000.0,5.606947285714285e+19
9,2020-10-03,470000000000.0,1.098813e+19
10,2020-10-04,470000000000.0,8.519981125e+19
11,2020-10-06,470000000000.0,2.9968415e+19
12,2020-10-07,470000000000.0,4e+18
13,2020-10-08,471666666666.6666,0.0
14,2020-10-11,470000000000.0,0.0
15,2020-10-12,470000000000.0,0.0
16,2020-10-13,473000000000.0,5.754958585e+17
17,2020-10-14,470000000000.0,2.08026e+17
18,2020-10-15,470000000000.0,0.0
19,2020-10-16,470000000000.0,3333333333333333.0
20,2020-10-17,470000000000.0,0.0
21,2020-10-18,470000000000.0,0.0
22,2020-10-19,470000000000.0,0.0
23,2020-10-20,470000000000.0,0.0
24,2020-10-21,470000000000.0,4.02e+16
25,2020-10-22,470000000000.0,0.0
26,2020-10-23,470000000000.0,8.50714285714286e+16
27,2020-10-27,470000000000.0,0.0
28,2020-10-28,470000000000.0,0.0
29,2020-10-29,849357142857.1427,0.0
30,2020-10-30,485666666666.6666,0.0
31,2020-11-01,470000000000.0,0.0
32,2020-11-02,475200000000.0,1.008e+16
33,2020-11-03,483000000000.0,8.6371e+16
34,2020-11-04,470000000000.0,4.324887e+19
35,2020-11-05,470000000000.0,4.286738e+19
36,2020-11-06,470000000000.0,0.0
37,2020-11-08,470000000000.0,0.0
38,2020-11-09,470000000000.0,7.272727272727272e+16
39,2020-11-10,470000000000.0,1363636363636363.5
40,2020-11-11,473000000000.0,3e+17
41,2020-11-12,470000000000.0,0.0
42,2020-11-13,472400000000.0,5.60040004e+17
43,2020-11-14,470000000000.0,0.0
44,2020-11-16,470000000000.0,0.0
45,2020-11-17,470000000000.0,3.5684742857142858e+19
46,2020-11-18,470500000000.0,5000000000000000.0
47,2020-11-19,470000000000.0,3.333333333333333e+17
48,2020-11-20,482000000000.0,2.64955e+19
49,2020-11-23,470000000000.0,3.31526165e+19
50,2020-11-26,470000000000.0,0.0
51,2020-11-28,470000000000.0,0.0
52,2020-11-29,470000000000.0,0.0
53,2020-12-05,470000000000.0,0.0
54,2020-12-06,471764705882.35297,4.214016470588235e+19
55,2020-12-07,470000000000.0,0.0
56,2020-12-08,470000000000.0,2.263636363636364e+19
57,2020-12-09,470000000000.0,0.0
58,2020-12-10,470000000000.0,7.936615333333333e+19
59,2020-12-11,470000000000.0,0.0
60,2020-12-13,470000000000.0,0.0
61,2020-12-14,470000000000.0,0.0
62,2020-12-16,470000000000.0,5.719153636363636e+19
63,2020-12-17,470000000000.0,0.0
64,2020-12-18,470000000000.0,1.4601733333333332e+19
65,2020-12-19,470000000000.0,4.4585987261146496e+18
66,2020-12-20,470000000000.0,0.0
67,2020-12-21,470000000000.0,5043264781491002.0
68,2020-12-22,470092521202.7756,7.031872243639167e+16
69,2020-12-23,470000000000.0,3.481428333333333e+19
70,2020-12-24,485000000000.0,9.9222022e+17
71,2020-12-27,470000000000.0,1.99013e+18
72,2020-12-28,470200364298.725,1.4731502732240435e+17
73,2020-12-29,470000000000.0,0.0
74,2020-12-30,470000000000.0,3504399333089044.0
75,2020-12-31,470000000000.0,0.0
76,2021-01-01,470021668472.37274,7277803358613218.0
77,2021-01-02,470000000000.0,0.0
78,2021-01-03,470000000000.0,4.102897438461538e+16
79,2021-01-04,470000000000.0,6.28033125e+17
80,2021-01-05,470000000000.0,4.8813e+17
81,2021-01-06,470000000000.0,8.238767648544856e+17
82,2021-01-07,470750000000.0,5.304864779119478e+18
83,2021-01-08,470084053233.71466,2.29090833527901e+16
84,2021-01-09,470000000000.0,677966101694915.2
85,2021-01-10,470000000000.0,3.290433333333333e+17
86,2021-01-11,470000000000.0,0.0
87,2021-01-12,470770491803.2786,1.6488873202185792e+16
88,2021-01-13,470000000000.0,2.149671e+19
89,2021-01-14,470000000000.0,1.5671765857142856e+19
90,2021-01-15,470000000000.0,2.5251921428571427e+19
91,2021-01-16,470000000000.0,2.3914064545994285e+19
92,2021-01-17,478133333333.33325,2.725959333333333e+18
93,2021-01-18,470000000000.0,5.303145747368421e+16
94,2021-01-19,470000000000.0,1.2616540909090908e+18
95,2021-01-20,470000000000.0,5.9063195e+18
96,2021-01-21,473750000000.0,1.375e+17
97,2021-01-22,472156250000.0,2.7623395540625e+19
98,2021-01-23,473333333333.33325,2.2899995833333332e+18
99,2021-01-24,470833333333.33325,7.153424e+16
100,2021-01-25,490581429980.27606,2.1316034009881656e+18
101,2021-01-26,470000000000.0,1.577618044217687e+18
102,2021-01-27,470081300813.00806,7.61312560505691e+19
103,2021-01-28,475682539682.5397,2.7673834063492063e+19
104,2021-01-29,470029658645.775,1.1846203491439844e+18
105,2021-01-30,511969696969.69696,7.630812453671444e+19
106,2021-01-31,526004545454.54553,4.991214448115708e+19
107,2021-02-01,490824175824.17584,3.111171162637362e+18
108,2021-02-02,525894308943.0894,5.475626766300853e+19
109,2021-02-03,507094303374.5406,3.810527632292693e+19
110,2021-02-04,489446990424.07666,4.31936436825841e+19
111,2021-02-05,490947683580.208,3.0066413990593274e+19
112,2021-02-06,490826359832.636,5.60014300214962e+19
113,2021-02-07,487725743626.0623,3.860489298932288e+19
114,2021-02-08,478974573594.44086,2.8098973928200864e+19
115,2021-02-09,473689308953.05725,3.4761217832194306e+19
116,2021-02-10,475075015973.7743,4.740004313654591e+19
117,2021-02-11,478331334332.8336,2.1456394593445783e+18
118,2021-02-12,474404281517.6152,2.9379753914180407e+19
119,2021-02-13,476641136137.5433,3.362504215380639e+19
120,2021-02-14,474172206230.1669,2.8416962374410727e+19
121,2021-02-15,472929528409.15607,3.0251687312728072e+19
122,2021-02-16,473867756865.7208,4.312412919408554e+19
123,2021-02-17,473426058844.1288,7.199239460693588e+19
124,2021-02-18,472806101958.949,1.1461916502873339e+20
125,2021-02-19,473489411178.4655,5.519601217866792e+19
126,2021-02-20,474173792105.6984,6.222890928625198e+19
127,2021-02-21,474825875190.2588,4.7986110598135685e+19
128,2021-02-22,476721580282.4172,6.159481253494396e+19
129,2021-02-23,474447970102.7821,7.85644784237433e+19
130,2021-02-24,473680315353.8813,4.5225140494502216e+19
131,2021-02-25,475343515659.62256,4.3496100972129804e+19
132,2021-02-26,473051765813.30206,3.702154033824675e+19
133,2021-02-27,477894833030.5119,3.924363973165663e+19
134,2021-02-28,471970536857.4034,4.207690473642687e+19
135,2021-03-01,473891719159.8309,4.739905381803256e+19
136,2021-03-02,472812260930.15155,6.417086038552024e+19
137,2021-03-03,471951155627.296,1.3282531655139697e+20
138,2021-03-04,471601230671.26227,3.5709558644516663e+19
139,2021-03-05,472305972953.47504,4.909681180296956e+19
140,2021-03-06,471712100502.33246,4.449783027254209e+19
141,2021-03-07,473260890162.8008,5.497417399735212e+19
142,2021-03-08,471535166597.3654,5.578216029119168e+19
143,2021-03-09,472214991122.95667,1.0132749770245525e+20
144,2021-03-10,471784418026.2366,1.0530763222990833e+20
145,2021-03-11,471311658909.4835,8.830732500097163e+19
146,2021-03-12,471863511801.9765,6.67108577929052e+19
147,2021-03-13,472544887282.48334,5.980855264833388e+19
148,2021-03-14,471485128734.5428,4.111079584939682e+19
149,2021-03-15,471202721726.612,4.565607961417519e+19
150,2021-03-16,472402750192.4361,4.51061514449962e+19
151,2021-03-17,470596583680.53455,4.08490346372517e+19
152,2021-03-18,471485965967.7551,3.9075158838365946e+19
153,2021-03-19,475982725191.3293,3.1097011589261705e+19
154,2021-03-20,472323152139.39435,5.356619333196469e+19
155,2021-03-21,472149338080.75226,5.066018910511797e+19
156,2021-03-22,470701404411.6364,3.3552696589553205e+19
157,2021-03-23,470597948395.39777,5.234048642012385e+19
158,2021-03-24,470745360740.496,6.182801576394618e+19
159,2021-03-25,470596183896.17096,6.362101650776584e+19
160,2021-03-26,471347884833.6908,5.874274285349321e+19
161,2021-03-27,470509059067.5503,4.194299737961657e+19
162,2021-03-28,470469397739.41473,1.5971482293127475e+19
163,2021-03-29,470933459875.7556,2.3732346337240895e+19
164,2021-03-30,470690103549.928,3.0729404132376252e+19
165,2021-03-31,322700721312.0733,2.928144360992998e+19
166,2021-04-01,240728227593.70505,1.6938943762523963e+19
167,2021-04-02,228677582458.76968,2.258858791865245e+19
168,2021-04-03,229253753799.20352,3.414164135441775e+19
169,2021-04-04,228864358009.80447,2.273978508393047e+19
170,2021-04-05,228532480056.27505,2.632318425462916e+19
171,2021-04-06,229707310739.25183,3.4481837405559644e+19
172,2021-04-07,228368037471.96167,3.137131856029437e+19
173,2021-04-08,229457008405.1724,2.166844449077289e+19
174,2021-04-09,228759034493.8644,3.061981651464673e+19
175,2021-04-10,228915162972.32693,2.767572418526777e+19
176,2021-04-11,229617940555.07553,3.3477697161797812e+19
177,2021-04-12,229173672847.50876,3.7245242898115854e+19
178,2021-04-13,229825465780.60663,3.8544851074423005e+19
179,2021-04-14,228030999583.32303,4.2928912764041994e+19
180,2021-04-15,230258713629.0832,3.9380936313512034e+19
181,2021-04-16,231346717181.13916,3.779407971499585e+19
182,2021-04-17,227972219184.58768,3.69087904611892e+19
183,2021-04-18,232229302299.9192,6.283426551325562e+19
184,2021-04-19,227981743566.85703,3.729390343734381e+19
185,2021-04-20,226859538525.98376,2.4146044351958847e+19
186,2021-04-21,226601027264.31705,1.9972907755821244e+19
187,2021-04-22,226251571607.62823,2.3490373048607166e+19
188,2021-04-23,227130414373.29208,3.2450158522496913e+19
189,2021-04-24,226898399083.1744,2.4426315565132935e+19
190,2021-04-25,228373453490.83905,3.57996560707396e+19
191,2021-04-26,228205162226.94128,3.982025437178499e+19
192,2021-04-27,227612028535.24655,3.4769845439252906e+19
193,2021-04-28,227444628206.32825,3.091211201072729e+19
194,2021-04-29,227035458572.15036,2.4749000962600215e+19
195,2021-04-30,228145197989.5822,2.6937745133163287e+19
196,2021-05-01,227081892418.24744,3.0785308309740433e+19
197,2021-05-02,226513612640.82388,2.0786361452712534e+19
198,2021-05-03,226700549356.66055,1.4827657320835844e+19
199,2021-05-04,226690606381.30588,1.840832088298496e+19
200,2021-05-05,226402760568.00723,2.995592087622916e+19
201,2021-05-06,226362837272.21545,2.1132162011196576e+19
202,2021-05-07,226360298490.5523,2.3114110955473576e+19
203,2021-05-08,226121826535.68912,1.6329826914401667e+19
204,2021-05-09,226480208639.37933,1.645867162723644e+19
205,2021-05-10,227561486017.09412,2.69809955505844e+19
206,2021-05-11,226520116168.21353,1.2356280027142973e+19
207,2021-05-12,227371083908.20767,2.542295087768766e+19
208,2021-05-13,230568899174.6356,1.314251874255516e+20
209,2021-05-14,264171796733.47552,5.792131378702374e+19
210,2021-05-15,227315209418.8776,1.946551170257312e+19
211,2021-05-16,227086017387.6332,2.09902780702586e+19
212,2021-05-17,230319952291.51483,1.5698854142722017e+19
213,2021-05-18,227438780208.1797,1.806625187498508e+19
214,2021-05-19,230792660628.84296,2.768365751143197e+19
215,2021-05-20,230613733704.08664,2.7826933305155604e+19
216,2021-05-21,228936141331.06323,2.7160371050365178e+19
217,2021-05-22,228977166224.7802,3.2094550158883054e+19
218,2021-05-23,232664465100.67996,5.531780414883713e+19
219,2021-05-24,229209907477.6277,3.398157804383917e+19
220,2021-05-25,227658278068.6404,2.810249171650086e+19
221,2021-05-26,227222449992.537,2.786779889079958e+19
222,2021-05-27,228620519343.33057,2.5886437988981604e+19
223,2021-05-28,229095860444.04785,2.8646977353478193e+19
224,2021-05-29,227573478330.71,2.345893967037716e+19
225,2021-05-30,226894640806.69324,2.116687919568923e+19
226,2021-05-31,227004151120.6716,1.9489606382943523e+19
227,2021-06-01,225939953111.25363,7.024731572232329e+18
228,2021-06-02,225907123007.82364,1.3460493059862116e+19
229,2021-06-03,226128809105.0256,2.700165885268698e+19
230,2021-06-04,226523261570.06607,2.4626517940810818e+19
231,2021-06-05,227276122794.5916,2.019673870664893e+19
232,2021-06-06,226463133723.96783,1.6850609620989612e+19
233,2021-06-07,227157955694.90704,5.852454557351416e+19
234,2021-06-08,226913190364.27728,3.0244864600552575e+19
235,2021-06-09,227045556681.16513,4.218254663433128e+19
236,2021-06-10,227208892676.14523,4.051717459151733e+19
237,2021-06-11,226970990549.2788,2.994338028177428e+19
238,2021-06-12,228288674151.52557,4.163707028533492e+19
239,2021-06-13,227981082844.09653,2.815578019059926e+19
240,2021-06-14,226209037676.85867,2.5293075966173753e+19
241,2021-06-15,226504854368.93204,2.908201694886912e+19
242,2021-06-16,230401249047.2333,2.66853012594239e+19
243,2021-06-17,226373454637.9852,3.5621479295914672e+19
244,2021-06-18,228449734020.65247,3.17708273198024e+19
245,2021-06-19,226668077374.50345,3.4779245131798987e+19
246,2021-06-20,227169817324.4344,2.0509626029912048e+19
247,2021-06-21,227963355352.30353,4.259070579925625e+19
248,2021-06-22,229796607210.86707,4.9338518735044444e+19
249,2021-06-23,227020726918.65665,2.1842809781455053e+19
250,2021-06-24,226590286731.90088,2.38743520961087e+19
251,2021-06-25,226272405204.6206,1.5307696170925711e+19
252,2021-06-26,226591922977.5774,1.242050655328546e+19
253,2021-06-27,226843620621.75427,1.480908906182147e+19
254,2021-06-28,226888610763.62845,3.6860681293936697e+19
255,2021-06-29,226375913057.85123,2.097767698828556e+19
256,2021-06-30,226639623892.12183,4.474916737253545e+19
257,2021-07-01,226376342397.0336,6.4330168025561285e+19
258,2021-07-02,226009142334.28503,4.302907383146257e+19
259,2021-07-03,226094905882.41104,3.4715009038823875e+19
260,2021-07-04,226005265954.0926,3.1220097767977222e+19
261,2021-07-05,226411378867.8169,3.758554924442124e+19
262,2021-07-06,228934458991.7061,4.345041892135072e+19
263,2021-07-07,226203429441.86072,3.927547318468597e+19
264,2021-07-08,226162316591.6176,3.132492867969612e+19
265,2021-07-09,226128217433.16315,2.9138745278207898e+19
266,2021-07-10,226233107476.63553,3.1480920696696373e+19
267,2021-07-11,226894703074.2792,2.1471318750328136e+19
268,2021-07-12,226682089121.8758,3.930435104447406e+19
269,2021-07-13,226722835219.12695,3.708023878070817e+19
270,2021-07-14,226106118200.51,4.533159673866074e+19
271,2021-07-15,226234497231.36185,2.3191395168983142e+19
272,2021-07-16,225740383178.96625,4.054981302039009e+19
273,2021-07-17,225836112146.0507,2.226092058173667e+19
274,2021-07-18,226402936217.01266,2.1980734806518264e+19
275,2021-07-19,226017104207.63367,2.2898497335217218e+19
276,2021-07-20,226815909291.3021,2.5113687946271646e+19
277,2021-07-21,226241997493.51276,3.9148544017144275e+19
278,2021-07-22,225494028149.8369,2.941602146581395e+19
279,2021-07-23,226146088388.05417,2.742600788443132e+19
280,2021-07-24,226267592296.20145,3.315186668435099e+19
281,2021-07-25,225824552845.52844,2.7359058102009815e+19
282,2021-07-26,226330347638.28848,3.0842098434050322e+19
283,2021-07-27,225656586021.79407,2.6242435156855116e+19
284,2021-07-28,225833687217.34644,5.771691749443482e+19
285,2021-07-29,226609967742.0019,1.6886381570066938e+19
286,2021-07-30,226255644487.4355,1.5777216349621015e+19
287,2021-07-31,225686158027.13144,2.6696125761039098e+19
288,2021-08-01,225740183402.88113,4.232317307753011e+19
289,2021-08-02,227585547817.29047,1.9509393597875114e+19
290,2021-08-03,226223516779.85547,2.071725868291172e+19
291,2021-08-04,226014656426.10437,8.221176795563537e+19
292,2021-08-05,226297720865.47412,3.303302424991645e+19
293,2021-08-06,226265269968.89584,3.0043670410791506e+19
294,2021-08-07,225725934047.0917,4.051857114567334e+19
295,2021-08-08,225778776411.74603,2.935807133935867e+19
296,2021-08-09,225550648388.84103,2.548080429340761e+19
297,2021-08-10,225382559343.4828,2.095217898061089e+19
298,2021-08-11,225242443202.19675,1.195874023979737e+19
299,2021-08-12,225128549291.256,2.2616613961888133e+19
300,2021-08-13,225161522629.2684,1.5336601072551895e+19
301,2021-08-14,225270871388.8244,1.7734018707420207e+19
302,2021-08-15,225227920896.8881,1.8144890685294832e+19
303,2021-08-16,226361070848.3581,3.025442191249776e+19
304,2021-08-17,225494570315.1847,3.900200021426182e+19
305,2021-08-18,225349770957.59552,3.3891480949118353e+19
306,2021-08-19,226130562188.6144,5.110010132595877e+19
307,2021-08-20,225661647716.1184,3.6026151302262944e+19
308,2021-08-21,225698663938.21872,3.222389770227245e+19
309,2021-08-22,225412144719.1703,2.4327266948959e+19
310,2021-08-23,225585712944.79904,2.7837871971139686e+19
311,2021-08-24,193174671587.80527,2.46336182179972e+19
312,2021-08-25,143074649515.70337,2.1755402967534494e+19
313,2021-08-26,138210792780.8026,1.6372873406846464e+19
314,2021-08-27,167684703406.2782,2.558340852709875e+19
315,2021-08-28,149931559929.01028,1.418812658907454e+19
316,2021-08-29,118923245775.0704,1.5025735122087428e+19
317,2021-08-30,130225750287.87996,1.8163142482529217e+19
318,2021-08-31,126828283373.36742,2.3100425500602503e+19
319,2021-09-01,118779427942.26083,2.6405736819588936e+19
320,2021-09-02,125786229285.34244,1.6830394734120817e+19
321,2021-09-03,113098746589.7008,1.816372934323488e+19
322,2021-09-04,111751146700.67471,1.9163636092646105e+19
323,2021-09-05,106957920596.12056,1.9998889149859226e+19
324,2021-09-06,109617599754.0792,1.8275038352963647e+19
325,2021-09-07,147430776610.4456,2.537617167965296e+19
326,2021-09-08,125740853870.15427,2.607275034905049e+19
327,2021-09-09,128156708244.22491,2.6256694139249926e+19
328,2021-09-10,153591785388.12436,2.140077230782118e+19
329,2021-09-11,146739213181.0057,2.3683611827610837e+19
330,2021-09-12,148029852274.6182,2.0673531646980764e+19
331,2021-09-13,134136498961.38988,2.5511521749630337e+19
332,2021-09-14,115944363747.3366,1.951024170086371e+19
333,2021-09-15,125829011255.14024,1.448635378054002e+19
334,2021-09-16,140977487035.9529,2.16049561033378e+19
335,2021-09-17,116735956164.8976,2.0132583823816065e+19
336,2021-09-18,115373719873.31238,2.393792017160168e+19
337,2021-09-19,110709763452.25586,3.6249944100094206e+19
338,2021-09-20,144600813696.36493,3.0496949133714522e+19
339,2021-09-21,136867761525.83331,3.472252575737003e+19
340,2021-09-22,109174432317.72316,2.779865814913561e+19
341,2021-09-23,53991196713.837234,1.4706368600433748e+19
342,2021-09-24,56822746269.49436,2.1920032838889726e+19
343,2021-09-25,45513143767.68913,1.6330629539418071e+19
344,2021-09-26,48936232016.54102,1.775510620115096e+19
345,2021-09-27,42035118967.45765,1.4972019721784336e+19
346,2021-09-28,37897571365.536736,1.9124422208767095e+19
347,2021-09-29,50116165903.40392,1.9275398940094333e+19
348,2021-09-30,43907939488.488106,2.9197190381143724e+19
349,2021-10-01,40260428234.22041,1.7759948530441337e+19
350,2021-10-02,41302348912.98384,1.735766100671443e+19
351,2021-10-03,47418774098.82126,1.6341082955348222e+19
352,2021-10-04,50814232738.12813,3.6695565752694055e+19
353,2021-10-05,96209319747.77896,2.5944784775460893e+19
354,2021-10-06,44413222312.226616,2.6197050506297975e+19
355,2021-10-07,40685134314.04016,3.6302518697520255e+19
356,2021-10-08,38324897336.09746,3.943167525408389e+19
357,2021-10-09,35857419133.33697,1.5870294024089397e+19
358,2021-10-10,40375224798.54178,1.4613411749221612e+19
359,2021-10-11,39337382455.47628,2.8848561139843342e+19
360,2021-10-12,45775958751.34212,4.8519740472948064e+19
361,2021-10-13,37141773781.85812,3.0377573050222936e+19
362,2021-10-14,37714921297.900154,1.7929426485369516e+19
363,2021-10-15,40624613004.20581,2.333407881880173e+19
364,2021-10-16,37952236269.15912,1.4736562113432662e+19
365,2021-10-17,38099307120.452736,1.6848553036516452e+19
366,2021-10-18,38242382815.19256,1.7503102608910008e+19
367,2021-10-19,36688822562.91701,1.881537713701708e+19
368,2021-10-20,65912502216.829475,1.885102665745929e+19
369,2021-10-21,37507190532.45299,1.4635759515727927e+19
370,2021-10-22,41350753363.061264,1.4490278160354759e+19
371,2021-10-23,36416861429.460205,2.181086193773751e+19
372,2021-10-24,36063989535.67253,1.1628449460323432e+19
373,2021-10-25,35846639954.12511,1.2812352671894376e+19
374,2021-10-26,38355320123.76473,1.0902781559071697e+19
375,2021-10-27,41096789870.32688,2.367580744403182e+19
376,2021-10-28,37188751817.026024,1.8034984749566845e+19
377,2021-10-29,34319538232.3127,1.7623534930522493e+19
378,2021-10-30,34137497927.81597,1.122945583739282e+19
379,2021-10-31,34236235266.68108,1.1234176263389993e+19
380,2021-11-01,37973939121.76304,1.3792503141227708e+19
381,2021-11-02,36158099903.36948,1.857654894439264e+19
382,2021-11-03,38576836559.05524,1.530925987612506e+19
383,2021-11-04,41316793267.46047,3.553824181901529e+19
384,2021-11-05,38166764309.12292,1.1010119118095229e+19
385,2021-11-06,35975284861.77516,7.742712336771367e+18
386,2021-11-07,39657478264.91376,1.2542749907599888e+19
387,2021-11-08,58350220593.4032,1.4988816490140848e+19
388,2021-11-09,38096083564.644394,1.3160216107688405e+19
389,2021-11-10,44940505204.973755,1.6541627796517409e+19
390,2021-11-11,37494709746.32399,1.2096614607933856e+19
391,2021-11-12,38118815340.14224,1.4895106019348505e+19
392,2021-11-13,109467386075.5647,1.1127227881199155e+19
393,2021-11-14,35971172725.10333,1.1422391659131304e+19
394,2021-11-15,43532104047.325966,1.0012192167816397e+19
395,2021-11-16,47799781231.170975,1.4157426286289312e+19
396,2021-11-17,65756435974.92702,1.2024972745369151e+19
397,2021-11-18,93538659300.20079,9.00986765317812e+18
398,2021-11-19,46423810371.819496,7.899770012697543e+18
399,2021-11-20,59264436506.820526,1.2005115433816855e+19
400,2021-11-21,76193027230.92899,1.0274118471246932e+19
401,2021-11-22,153269609311.84937,9.589115850865664e+18
402,2021-11-23,114737540849.10909,1.1087454104737612e+19
403,2021-11-24,93979382524.0269,1.2049978684703963e+19
404,2021-11-25,112357284226.23424,9.30929682082972e+18
405,2021-11-26,164748490333.22195,9.49518962304359e+18
406,2021-11-27,46140976570.77279,8.963419557064371e+18
407,2021-11-28,57428680879.778534,7.094926613565839e+18
408,2021-11-29,98925764952.92015,7.338463450351e+18
409,2021-11-30,50550428270.43491,8.26468405360078e+18
410,2021-12-01,48597944241.64289,8.897974726850222e+18
411,2021-12-02,64867568458.16928,1.5050836897448372e+19
412,2021-12-03,55327456526.272415,9.040991617706451e+18
413,2021-12-04,75310770067.18707,1.652215941480503e+19
414,2021-12-05,46399060789.86536,1.1194867003386753e+19
415,2021-12-06,50468317210.67605,1.1927228814599356e+19
416,2021-12-07,44417665360.89941,7.825294271192653e+18
417,2021-12-08,48905365180.40338,6.897508160980088e+18
418,2021-12-09,47339971228.637886,1.4372171452538507e+19
419,2021-12-10,45742052688.85265,1.0811317852715823e+19
420,2021-12-11,41291600555.1808,1.0239574138380972e+19
421,2021-12-12,42434608867.65345,4.050060522704116e+18
422,2021-12-13,66894258231.42277,8.031730569472208e+18
423,2021-12-14,47688100250.140495,6.167880044305671e+18
424,2021-12-15,44434574965.55253,9.355958730240131e+18
425,2021-12-16,42762285687.61267,7.535995593732944e+18
426,2021-12-17,45856371825.01165,6.59406234763118e+18
427,2021-12-18,39660985626.82198,4.284019781307361e+18
428,2021-12-19,39838678276.93538,3.707770578466475e+18
429,2021-12-20,63555909769.875984,4.697859331030628e+18
430,2021-12-21,48580507010.20014,4.165410290991041e+18
431,2021-12-22,64855832830.606094,5.040884622655145e+18
432,2021-12-23,43041304081.56033,4.0341430620949064e+18
433,2021-12-24,38651666913.81191,4.684297511901887e+18
434,2021-12-25,37840413545.69006,3.9354979869929774e+18
435,2021-12-26,43148144557.657684,4.193082668735553e+18
436,2021-12-27,41225584035.41928,3.1391815127004083e+18
437,2021-12-28,44120962255.80796,4.670323614416664e+18
438,2021-12-29,43396081241.57917,4.867187130155726e+18
439,2021-12-30,43231752012.94237,1.0009909756567976e+19
440,2021-12-31,44435569471.86759,5.629316646513666e+18
441,2022-01-01,42424117729.757385,4.718922993953929e+18
442,2022-01-02,42678522411.03914,4.450178507101848e+18
443,2022-01-03,45464540704.46357,4.3135624176909665e+18
444,2022-01-04,43423449802.6872,5.063617958777817e+18
445,2022-01-05,50317332324.18949,5.935582927154416e+18
446,2022-01-06,42773554178.69321,4.5115661859116826e+18
447,2022-01-07,55163621669.23932,6.425973264984104e+18
448,2022-01-08,45348955890.29362,4.511942890334847e+18
449,2022-01-09,47967210738.403275,3.806882927676925e+18
450,2022-01-10,48948259208.72348,4.662814336805468e+18
451,2022-01-11,50493151191.37636,8.436879973235374e+18
452,2022-01-12,51198465348.31336,4.938184493043239e+18
453,2022-01-13,56041186802.53437,3.672375664234912e+18
454,2022-01-14,59451149798.61764,4.1005635127750794e+18
455,2022-01-15,55451435004.54196,4.99242070326477e+18
456,2022-01-16,54304375244.60607,4.088286521669345e+18
457,2022-01-17,85164963697.04315,4.809781120593404e+18
458,2022-01-18,45737137226.28205,5.74927925092713e+18
459,2022-01-19,88256365049.38733,5.358493207566567e+18
460,2022-01-20,42837038123.43943,3.7717559172049e+18
461,2022-01-21,79027356907.69283,6.130936462765136e+18
462,2022-01-22,61697474940.814835,8.133718505178066e+18
463,2022-01-23,48743152412.7904,5.197235106744476e+18
464,2022-01-24,52006219790.36615,7.452482257329103e+18
465,2022-01-25,62625633960.19881,6.412722415093684e+18
466,2022-01-26,70155769491.93216,5.830869208633064e+18
467,2022-01-27,64021695838.60374,5.251963508857477e+18
468,2022-01-28,43828319679.44948,5.498395828088325e+18
469,2022-01-29,52561424039.562485,4.624948746639215e+18
470,2022-01-30,53050591639.8269,3.7007722714779407e+18
471,2022-01-31,97474726908.5488,3.739391529757468e+18
472,2022-02-01,48695711547.23469,4.1975411886370314e+18
473,2022-02-02,51070379243.91325,4.4874576064147154e+18
474,2022-02-03,49687671626.83412,6.282931303858257e+18
475,2022-02-04,55639309178.58585,6.384370471347657e+18
476,2022-02-05,48883117262.30704,3.4173672756655053e+18
477,2022-02-06,52006792788.9315,2.482842053334448e+18
478,2022-02-07,73133643753.89903,3.542639426192127e+18
479,2022-02-08,50080086184.99005,1.1802910720384883e+19
480,2022-02-09,60131130504.79595,4.3184461754797143e+18
481,2022-02-10,90995421768.20369,4.2129435976966697e+18
482,2022-02-11,64142368219.471306,8.526140912132855e+18
483,2022-02-12,50759176291.759926,2.651866961538153e+18
484,2022-02-13,50014713794.01391,2.44514393415236e+18
485,2022-02-14,61994632925.60373,3.477016306632884e+18
486,2022-02-15,67839984498.033936,3.541586765148417e+18
487,2022-02-16,49499541331.53972,5.712709957905951e+18
488,2022-02-17,54991438151.72786,6.390756320648523e+18
489,2022-02-18,51315421403.11126,4.698196441349808e+18
490,2022-02-19,93418247342.40561,2.545664427990273e+18
491,2022-02-20,57206621408.330086,2.501251668442336e+18
492,2022-02-21,57611696913.54057,4.793390518921352e+18
493,2022-02-22,78404479216.53781,4.515494457763759e+18
494,2022-02-23,46070734789.46953,4.4347641693094897e+18
495,2022-02-24,78877794030.33714,7.145665187707241e+18
496,2022-02-25,62275497630.09162,4.423475757773949e+18
497,2022-02-26,52576461407.33121,3.980054934459384e+18
498,2022-02-27,61570706807.253555,3.040383648461313e+18
499,2022-02-28,73909761768.6939,3.606941572789792e+18
500,2022-03-01,82681044621.53313,4.396611185219221e+18
501,2022-03-02,68515276248.192245,3.1009481397324227e+18
502,2022-03-03,60822909202.51898,4.2596819156980326e+18
503,2022-03-04,84979394870.18483,5.821622535357078e+18
504,2022-03-05,56380400864.94192,4.407465236083873e+18
505,2022-03-06,57681010773.88735,2.6791479298055035e+18
506,2022-03-07,57457760192.06861,4.564561687384696e+18
507,2022-03-08,46759447866.95042,7.30192456136307e+18
508,2022-03-09,52307438557.7807,4.5111328368560794e+18
509,2022-03-10,39206026491.964584,4.91417762917101e+18
510,2022-03-11,67066320398.35685,6.244581478258694e+18
511,2022-03-12,51707742451.771774,2.2012823116561784e+18
512,2022-03-13,61548929087.77772,2.521384555223612e+18
513,2022-03-14,84349627544.30765,9.588177281829175e+18
514,2022-03-15,77172170372.72145,5.631210959168589e+18
515,2022-03-16,66896744398.730095,4.4576476448613545e+18
516,2022-03-17,82782682151.97653,4.401134803888634e+18
517,2022-03-18,72019725913.08946,4.270692696210466e+18
518,2022-03-19,62500775882.61124,2.992302057421446e+18
519,2022-03-20,64898118979.52362,2.1387684932105807e+18
520,2022-03-21,78197023936.64685,3.7250875962087967e+18
521,2022-03-22,81244467472.12836,5.131126849703524e+18
522,2022-03-23,77911921053.80637,3.320583588879569e+18
523,2022-03-24,65023872950.06493,4.415137759902908e+18
524,2022-03-25,70722717432.2423,3.0372504023265454e+18
525,2022-03-26,42661698473.304565,1.9423082387973888e+18
526,2022-03-27,47381529003.755455,1.308461675183642e+18
527,2022-03-28,89759210837.57938,5.924554891159765e+18
528,2022-03-29,84911051337.64323,3.968668043616917e+18
529,2022-03-30,78853166688.69315,5.189941756909625e+18
530,2022-03-31,78438918704.11794,4.2112806899506575e+18
531,2022-04-01,70487222927.43697,4.168765140632199e+18
532,2022-04-02,67646202789.79953,3.0881667475509524e+18
533,2022-04-03,67014616161.662415,2.494949717971e+18
534,2022-04-04,83289058173.48976,3.090648982876765e+18
535,2022-04-05,68702513799.24978,7.43640847816869e+18
536,2022-04-06,77676762136.08199,5.75343115305343e+18
537,2022-04-07,84836065183.15002,3.356172100545489e+18
538,2022-04-08,79298895375.92244,6.798288373387832e+18
539,2022-04-09,58336745324.611885,1.8213854750615473e+18
540,2022-04-10,86003203345.32674,1.72313125204871e+18
541,2022-04-11,110612053886.16492,4.068596071530116e+18
542,2022-04-12,91617248453.47104,2.7265733983298417e+18
543,2022-04-13,80135342565.31319,3.011321442397523e+18
544,2022-04-14,87302790939.12605,3.167217497813752e+18
545,2022-04-15,112379130126.3525,1.570979682018559e+18
546,2022-04-16,92236195828.17114,3.8953286915698714e+18
547,2022-04-17,57048228528.36533,1.4314947813486103e+18
548,2022-04-18,75403116338.86932,1.8942453810751803e+18
549,2022-04-19,79899836981.10826,4.0496978442433966e+18
550,2022-04-20,95346250091.57816,9.884621685060297e+18
551,2022-04-21,83956317890.58368,3.803415364981777e+18
552,2022-04-22,74703442246.27615,2.311376489154248e+18
553,2022-04-23,68827159052.42247,2.5056032387117276e+18
554,2022-04-24,63380240335.19906,1.8240367256734656e+18
555,2022-04-25,79235839396.5896,3.435065645154698e+18
556,2022-04-26,84880702690.67522,3.613539568530112e+18
557,2022-04-27,77421616662.60329,4.700272284810543e+18
558,2022-04-28,60963976055.34287,3.053421582099269e+18
559,2022-04-29,46553535725.524765,2.667742818826161e+18
560,2022-04-30,50815490539.69482,3.6111971036563825e+18
561,2022-05-01,51654769578.002,3.1754386712075433e+18
562,2022-05-02,71862707770.81122,7.570837107755767e+18
563,2022-05-03,90270280024.0658,4.4193279098757263e+18
564,2022-05-04,99343000807.0155,3.2778437992451794e+18
565,2022-05-05,109632534808.29327,3.209705053075067e+18
566,2022-05-06,110144897600.56895,2.0334766635790305e+18
567,2022-05-07,65015266195.48505,1.490963957181743e+18
568,2022-05-08,55721806096.11825,2.1597339538425672e+18
569,2022-05-09,104839179058.05548,5.187996981108317e+18
570,2022-05-10,106346816819.98132,6.38989106496424e+18
571,2022-05-11,212090757450.63287,1.341086763290376e+19
572,2022-05-12,183529093322.3916,1.326712119975358e+19
573,2022-05-13,81725297529.96434,9.719274115379415e+18
574,2022-05-14,38545500373.43905,7.666215328036155e+18
575,2022-05-15,37856974815.957436,4.750052877799691e+18
576,2022-05-16,37910822595.90369,1.6289945712258773e+19
577,2022-05-17,37146639930.25408,8.949152136328778e+18
578,2022-05-18,39791173388.25776,9.253474214699588e+18
579,2022-05-19,42617150199.12346,1.2958010125899516e+19
580,2022-05-20,41222255605.77919,1.37180237540182e+19
581,2022-05-21,39925777265.89488,7.809287918331774e+18
582,2022-05-22,41099452865.524185,1.6342900532037417e+19
583,2022-05-23,43055446609.44904,1.3288057922858428e+19
584,2022-05-24,41849217660.39856,1.9630463282562535e+19
585,2022-05-25,41440818431.18533,1.933706357587941e+19
586,2022-05-26,49457417084.99748,2.3230636583380967e+19
587,2022-05-27,52886725454.38446,2.9136258152112767e+19
588,2022-05-28,50606059812.907074,1.22411839744816e+19
589,2022-05-29,43134392313.991066,1.4042951719953005e+19
590,2022-05-30,47824753395.68712,1.463749184782076e+19
591,2022-05-31,44005072007.87136,1.9512011152068186e+19
592,2022-06-01,44748462313.73693,1.8712883555684905e+19
593,2022-06-02,42466944304.55704,2.507379623583776e+19
594,2022-06-03,38349867007.1222,1.7128636210966606e+19
595,2022-06-04,36659825384.56665,9.326148557226449e+18
596,2022-06-05,34067347487.112766,1.3284406142468153e+19
597,2022-06-06,38442956203.8316,1.7879151068378358e+19
598,2022-06-07,40458616033.0052,1.799255827273512e+19
599,2022-06-08,36353480022.728455,1.2486852346222311e+19
600,2022-06-09,36524399552.206955,1.200826743140749e+19
601,2022-06-10,45909557536.964806,1.8120678346256964e+19
602,2022-06-11,48935997238.774895,1.499036867183054e+19
603,2022-06-12,48776356654.30433,2.8889593011186655e+19
604,2022-06-13,95837791205.10239,2.2357164419621704e+19
605,2022-06-14,57452327102.89024,2.0052312809295446e+19
606,2022-06-15,76213236205.8708,1.8957615758861226e+19
607,2022-06-16,47187972178.27033,1.9414946435005866e+19
608,2022-06-17,37472961433.625374,1.0373281647036942e+19
609,2022-06-18,69821824856.03308,1.2281659940271892e+19
610,2022-06-19,46089795715.41559,1.4163470527660884e+19
611,2022-06-20,40068535410.833405,1.5222013975120304e+19
612,2022-06-21,36809989185.98844,1.6126803910403727e+19
613,2022-06-22,37255923154.613434,1.4034835679408267e+19
614,2022-06-23,35819755420.37784,1.3411078284177576e+19
615,2022-06-24,44574033372.66688,1.5005666439858217e+19
616,2022-06-25,41064818207.65557,1.2083264173787144e+19
617,2022-06-26,36011249161.71997,7.420772389842885e+18
618,2022-06-27,36083445970.22597,1.1970309430698924e+19
619,2022-06-28,38918847757.17177,1.5490559277438515e+19
620,2022-06-29,37614640824.46356,9.434688186599705e+18
621,2022-06-30,38302632901.967926,1.94560551553294e+19
622,2022-07-01,35939576480.72721,2.489423776730268e+19
623,2022-07-02,33541990398.475376,6.8103459213312e+18
624,2022-07-03,34742513974.35265,8.115346851905271e+18
625,2022-07-04,41063540962.936066,1.3921752783565103e+19
626,2022-07-05,42097379105.14983,1.316215873072792e+19
627,2022-07-06,35515357451.32682,1.4168438160995293e+19
628,2022-07-07,35659306434.33861,1.348784860664812e+19
629,2022-07-08,34692894717.684685,1.9267012494412632e+19
630,2022-07-09,31954674697.660133,1.3341216376130396e+19
631,2022-07-10,31551797018.93045,8.36418327097324e+18
632,2022-07-11,35946435428.649155,9.282923323102323e+18
633,2022-07-12,49607208872.09201,1.066618420562026e+19
634,2022-07-13,40872076217.41552,1.4800972101417032e+19
635,2022-07-14,34946467752.13826,1.9097285287909458e+19
636,2022-07-15,33752231812.09745,1.2283575130328873e+19
637,2022-07-16,43614445562.04335,1.346564705595467e+19
638,2022-07-17,33847431148.27408,6.998999365431268e+18
639,2022-07-18,47273411964.375275,1.6027135457175212e+19
640,2022-07-19,45574380194.864876,1.2676120667404055e+19
641,2022-07-20,35573975664.45749,1.2379669079349457e+19
642,2022-07-21,35108088708.48723,1.0647919760905021e+19
643,2022-07-22,33804528691.746315,8.733919447332511e+18
644,2022-07-23,33396170129.014973,7.937813695788476e+18
645,2022-07-24,34292808743.694614,5.259177300882002e+18
646,2022-07-25,34426025585.82833,1.2575408130596456e+19
647,2022-07-26,32913140655.95057,1.253729945108322e+19
648,2022-07-27,42105956566.312,1.052907319724614e+19
649,2022-07-28,37741339108.47691,1.1251468810487857e+19
650,2022-07-29,34580531955.054565,3.311852014161864e+19
651,2022-07-30,32309796406.52524,6.197405281120238e+18
652,2022-07-31,32674754042.256268,6.895414153045488e+18
653,2022-08-01,31240778090.47684,7.826990468824416e+18
654,2022-08-02,33011965667.284107,7.295126971272874e+18
655,2022-08-03,35024892157.01601,9.212033231286121e+18
656,2022-08-04,31132727850.51422,1.3416602307950582e+19
657,2022-08-05,33929716999.782436,9.751164998623252e+18
658,2022-08-06,35959313453.48963,8.381651611744709e+18
659,2022-08-07,35951190248.87751,1.3180632834129015e+19
660,2022-08-08,37022723565.77369,1.5376987420282538e+19
661,2022-08-09,32050290895.28,1.0347500258280313e+19
662,2022-08-10,36010794041.34224,1.4417942627929563e+19
663,2022-08-11,32240212811.89578,8.392562663053858e+18
664,2022-08-12,42817110201.65927,9.360505106166884e+18
665,2022-08-13,35152260835.00228,6.124211213268081e+18
666,2022-08-14,31010088771.34616,6.164380219358645e+18
667,2022-08-15,33930838405.779537,9.273569103710642e+18
668,2022-08-16,32152128915.652054,7.787877011504521e+18
669,2022-08-17,32008849321.080914,9.752161678340237e+18
670,2022-08-18,32052690147.966118,8.312132212687704e+18
671,2022-08-19,39482742367.7399,1.2266050085650356e+19
672,2022-08-20,33718506315.16398,7.99119459721681e+18
673,2022-08-21,31990269340.755905,5.124620615639989e+18
674,2022-08-22,35644747238.78011,8.420022869238709e+18
675,2022-08-23,32292909231.568203,8.27312195055116e+18
676,2022-08-24,30927095103.21544,5.87129276438759e+18
677,2022-08-25,31860348917.677258,5.978833848038318e+18
678,2022-08-26,35729280627.710785,7.198334886006944e+18
679,2022-08-27,32555775270.96584,7.195775391016749e+18
680,2022-08-28,34461770525.50855,2.1616921807618466e+19
681,2022-08-29,33926698508.72112,2.551707800336168e+19
682,2022-08-30,35467712452.94276,2.412315570406815e+19
683,2022-08-31,32106552480.116142,1.1043975526804828e+19
684,2022-09-01,30822563883.766407,1.5205920059664386e+19
685,2022-09-02,31825992479.010025,8.171032819202711e+18
686,2022-09-03,31360469319.70825,8.090190108840995e+18
687,2022-09-04,30937682287.038372,4.601510456456488e+18
688,2022-09-05,31102114381.71373,1.0908054682267726e+19
689,2022-09-06,34961635085.074425,1.3233272374936197e+19
690,2022-09-07,31847730736.51984,1.0689030133625663e+19
691,2022-09-08,32044109011.066887,1.4046282152576385e+19
692,2022-09-09,33157646671.80962,1.0226589941636755e+19
693,2022-09-10,31706342681.653507,1.3455764564487563e+19
694,2022-09-11,31152099769.807495,7.041936383005198e+18
695,2022-09-12,36919044528.34727,1.8122878360407652e+19
696,2022-09-13,45910332428.45613,2.5851145445506343e+19
697,2022-09-14,32676430446.930973,1.4237266287568564e+19
698,2022-09-15,34313503426.32107,1.699851608596803e+19
699,2022-09-16,35094990419.88905,1.5193866550081442e+19
700,2022-09-17,34916345223.3028,8.441943364119206e+18
701,2022-09-18,56605137754.07794,1.0738967057759291e+19
702,2022-09-19,37605409856.86313,1.476433303101433e+19
703,2022-09-20,32882365045.055153,3.252433322386329e+19
704,2022-09-21,48915510759.449104,1.1353265292746285e+19
705,2022-09-22,33292938046.04817,1.0932526464634266e+19
706,2022-09-23,31736436623.74492,1.6310490918861525e+19
707,2022-09-24,31587066365.968304,8.70270813150214e+18
708,2022-09-25,30885970799.854378,5.613742813801432e+18
709,2022-09-26,31241457673.248848,1.1390940999900123e+19
710,2022-09-27,31860797377.93945,2.335725124890526e+19
711,2022-09-28,32040948210.026985,1.6144457559619252e+19
712,2022-09-29,30529392049.133354,5.420838487345829e+18
713,2022-09-30,31612201947.561012,1.2289403589120416e+19
714,2022-10-01,30260462021.715706,5.895198698597122e+18
715,2022-10-02,31213143993.48538,7.280032845404416e+18
716,2022-10-03,33310336285.097923,8.823199833655437e+18
717,2022-10-04,31077345022.502705,6.692112936146313e+18
718,2022-10-05,35739135570.7418,1.1449441953111257e+19
719,2022-10-06,40540515477.13367,8.493290473097147e+18
720,2022-10-07,32578559936.32376,9.060614026493592e+18
721,2022-10-08,31596792457.994766,6.843077390275009e+18
722,2022-10-09,31358569149.533783,4.929197727511224e+18
723,2022-10-10,32086579038.621975,1.2929804320179044e+19
724,2022-10-11,32827387065.18204,1.0944721816056246e+19
725,2022-10-12,31141730742.12335,1.3572907009975222e+19
726,2022-10-13,54559654193.8694,1.9908901884342387e+19
727,2022-10-14,32924204679.242634,1.1067859741274808e+19
728,2022-10-15,30127448750.832867,4.783026908267952e+18
729,2022-10-16,30176544251.272808,4.051818160064613e+18
730,2022-10-17,30249665434.699055,1.3032020914772414e+19
731,2022-10-18,30257144473.21756,1.9490005012397527e+19
732,2022-10-19,31838188010.494347,1.2103315975202707e+19
733,2022-10-20,38211122537.94704,1.1187852760243657e+19
734,2022-10-21,35635684025.11614,1.0030909970834545e+19
735,2022-10-22,30637085257.525967,7.52691545948755e+18
736,2022-10-23,34941393322.19513,6.10919643325703e+18
737,2022-10-24,30257499312.704582,8.845249708290077e+18
738,2022-10-25,43840843767.52637,1.0483830887005602e+19
739,2022-10-26,38068294076.09968,7.519022961835079e+18
740,2022-10-27,39810740973.80957,1.0400888830140514e+19
741,2022-10-28,50325359407.67697,1.9849201832252166e+19
742,2022-10-29,34098963514.759174,8.828171866223886e+18
743,2022-10-30,31751229047.97795,1.5392375348492005e+19
744,2022-10-31,30920871050.663357,2.2119905191544177e+19
745,2022-11-01,29085293896.977966,1.7162926078105367e+19
746,2022-11-02,34630162270.6958,1.263454868788774e+19
747,2022-11-03,39478730929.50655,8.036329925600941e+18
748,2022-11-04,33586900561.05341,3.748719463962385e+19
749,2022-11-05,31925838473.067356,7.453881584931026e+18
750,2022-11-06,30230229312.016407,1.0579501931637465e+19
751,2022-11-07,31987764529.711193,1.991732069945167e+19
752,2022-11-08,74623133896.46436,2.263069737067644e+19
753,2022-11-09,55510622711.03722,2.149245672977889e+19
754,2022-11-10,45565553655.03402,2.6770560530888688e+19
755,2022-11-11,56322618988.932655,1.1354867734962076e+19
756,2022-11-12,38825996777.65176,2.792148272208915e+19
757,2022-11-13,36739959684.677826,9.422903762267683e+18
758,2022-11-14,39694594848.803474,1.7935501202671444e+19
759,2022-11-15,33892412447.638836,8.461077452084717e+18
760,2022-11-16,31914497061.311497,8.635786978294341e+18
761,2022-11-17,33320098208.778587,9.016619559322019e+18
762,2022-11-18,30538821768.23353,9.900945219261393e+18
763,2022-11-19,31482447732.853703,1.2393929832267123e+19
764,2022-11-20,34271647288.834984,1.1225905246617033e+19
765,2022-11-21,37385456266.26873,1.492090712198035e+19
766,2022-11-22,33951618585.284595,1.654580139446286e+19
767,2022-11-23,34272408952.396023,1.4085143962522124e+19
768,2022-11-24,33538397611.696716,1.0606760486531938e+19
769,2022-11-25,33653159245.069202,7.780771782445104e+18
770,2022-11-26,32193898272.225163,6.448181655613228e+18
771,2022-11-27,30857662712.64188,5.599340716934485e+18
772,2022-11-28,34183425351.420803,1.069283969373614e+19
773,2022-11-29,32462158867.58444,2.2589607045888373e+19
774,2022-11-30,31615531207.501835,2.408377060776998e+19
775,2022-12-01,32679460796.73979,8.402008481700398e+18
776,2022-12-02,34812689677.717094,9.075888132869027e+18
777,2022-12-03,31861988444.962906,5.746578357544729e+18
778,2022-12-04,31530094747.1442,6.542079362888268e+18
779,2022-12-05,32095998688.800198,9.450332992135584e+18
780,2022-12-06,31568793727.945137,1.7170601488835031e+19
781,2022-12-07,33024477091.866898,1.1488091515707177e+19
782,2022-12-08,31334218176.264866,7.25417774800795e+18
783,2022-12-09,31077443291.239685,6.427469738482996e+18
784,2022-12-10,35273566701.41192,6.061607235726055e+18
785,2022-12-11,32384640813.514954,4.772675827062072e+18
786,2022-12-12,32024521260.457264,1.3777799761851124e+19
787,2022-12-13,41124687847.87276,5.172766814572392e+19
788,2022-12-14,31220742244.76775,1.3743311882354784e+19
789,2022-12-15,31339439002.978764,1.2809460327717874e+19
790,2022-12-16,37702048104.14792,1.0863786136206311e+19
791,2022-12-17,31508699148.836697,1.4065243211227447e+19
792,2022-12-18,30268203347.199417,5.65231711028298e+18
793,2022-12-19,33216148925.81305,7.97549989049389e+18
794,2022-12-20,30615386402.248966,6.221596485850633e+18
795,2022-12-21,30338142440.74533,6.971636003353979e+18
796,2022-12-22,31308966480.893536,5.943356123082071e+18
797,2022-12-23,30597513240.98947,4.448862775821516e+18
798,2022-12-24,30287013687.752968,3.416928188171455e+18
799,2022-12-25,30863932506.247364,8.559663726804778e+18
800,2022-12-26,30241450380.742058,4.0545492549643914e+18
801,2022-12-27,32092924549.335728,9.888926919931472e+18
802,2022-12-28,32553900490.64587,8.08301830354136e+18
803,2022-12-29,33541630128.52596,1.1428640204987793e+19
804,2022-12-30,31636354211.10992,1.1111406324669516e+19
805,2022-12-31,41123804719.536194,2.3569624008808047e+19
806,2023-01-01,37804941410.63036,1.0085465997069445e+19
807,2023-01-02,32912589219.49833,1.0848692235068144e+19
808,2023-01-03,32684493076.0235,1.5499317275241929e+19
809,2023-01-04,32780767157.01053,2.3106508413004505e+19
810,2023-01-05,34403756238.52512,9.454895452167093e+19
811,2023-01-06,48617218353.26451,9.594036696495989e+18
812,2023-01-07,30269151669.040913,9.39729732785064e+18
813,2023-01-08,31193611248.030186,8.392543117120307e+18
814,2023-01-09,38013496599.28604,1.77659353833997e+19
815,2023-01-10,33793411673.066105,2.1129387276742365e+19
816,2023-01-11,44651881925.3378,3.7133365376982974e+19
817,2023-01-12,42312803497.83354,2.546220072207972e+19
818,2023-01-13,35485294930.47575,1.7453903436802585e+19
819,2023-01-14,47486958751.58874,1.9920860784267244e+19
820,2023-01-15,36684353127.06157,2.4305266889142e+19
821,2023-01-16,38486014078.92538,2.3455935256966894e+19
822,2023-01-17,39571008661.60073,3.0519946012377514e+19
823,2023-01-18,38760338198.13037,2.829961824557909e+19
824,2023-01-19,33161738797.577435,1.3248082553275447e+19
825,2023-01-20,38108086452.21525,1.086533849030788e+19
826,2023-01-21,38300541294.21335,1.0286543835343145e+19
827,2023-01-22,34500320478.75841,1.0835546988072495e+19
828,2023-01-23,35713925001.85659,1.8368841171575673e+19
829,2023-01-24,38861872769.28783,2.0845527744133018e+19
830,2023-01-25,32923259131.247387,1.4619871201758208e+19
831,2023-01-26,33757982362.954655,2.174577340227433e+19
832,2023-01-27,41493225510.352196,2.5505554561223426e+19
833,2023-01-28,36321842761.46407,2.4316445174173938e+19
834,2023-01-29,31292899527.883286,1.5838648139738305e+19
835,2023-01-30,40500040500.971214,2.253792020707721e+19
836,2023-01-31,31429195806.710518,1.3925722772734913e+19
837,2023-02-01,38019859531.854385,1.891258073339623e+19
838,2023-02-02,39767617726.62797,2.8815850539635827e+19
839,2023-02-03,34331118787.98344,1.6771095797859443e+19
840,2023-02-04,31784538808.978485,1.028346449021777e+19
841,2023-02-05,32922394534.722645,1.2128139230555064e+19
842,2023-02-06,37625541568.232895,1.9143226504921928e+19
843,2023-02-07,33850751741.70032,1.1283298274441257e+19
844,2023-02-08,32860463118.6596,1.554130585647174e+19
845,2023-02-09,38122873778.89577,2.4227185499768336e+19
846,2023-02-10,34053832581.660378,2.3513695289438626e+19
847,2023-02-11,30821588361.2704,7.856641505898787e+18
848,2023-02-12,31905135157.35172,8.519828216859667e+18
849,2023-02-13,34242076762.022095,1.6326215218766735e+19
850,2023-02-14,36454422184.82841,1.6875365653185016e+19
851,2023-02-15,34242497727.942024,1.7403438396485163e+19
852,2023-02-16,38134822021.70215,1.904874269778527e+19
853,2023-02-17,32695330038.902897,1.2579140838614852e+19
854,2023-02-18,34736589376.72448,7.659614954386778e+18
855,2023-02-19,35652927413.29473,9.99364867756821e+18
856,2023-02-20,36500275333.65271,1.772076116165484e+19
857,2023-02-21,35394817241.91196,2.4175469595191316e+19
858,2023-02-22,35596715746.764755,1.8622789771617325e+19
859,2023-02-23,35020167546.6445,1.8187175417318375e+19
860,2023-02-24,37000126455.593605,2.187188421111553e+19
861,2023-02-25,32871687864.92242,1.4310333701493555e+19
862,2023-02-26,36084775861.11165,9.514720388754991e+18
863,2023-02-27,32852356124.646408,4.786947296193134e+19
864,2023-02-28,37539078059.798805,6.0482627656417255e+19
865,2023-03-01,34456698620.4678,2.6017710786160816e+19
866,2023-03-02,33704789330.32525,2.2179721945947038e+19
867,2023-03-03,43846195643.04038,2.457287498222148e+19
868,2023-03-04,34121768331.54309,1.3304069255038263e+19
869,2023-03-05,30981579650.54301,1.1772322187995832e+19
870,2023-03-06,34601079655.727615,1.5845711508764617e+19
871,2023-03-07,37764885232.54876,2.1219530503187223e+19
872,2023-03-08,33371550163.72041,2.2107700262482637e+19
873,2023-03-09,39387562208.95232,2.0153615869825585e+19
874,2023-03-10,40793837531.39914,2.7441306715681657e+19
875,2023-03-11,57934452772.20849,1.6010486055405177e+19
876,2023-03-12,39630760342.85444,1.6684905516702128e+19
877,2023-03-13,36096939193.83645,3.0321389573945815e+19
878,2023-03-14,42568468533.366646,2.246168340753671e+19
879,2023-03-15,34309445617.80389,2.3222941847375397e+19
880,2023-03-16,36312643518.19698,1.5421945895481328e+19
881,2023-03-17,33712128092.339,1.4338902915521057e+19
882,2023-03-18,48314895599.24858,9.51326421735675e+18
883,2023-03-19,39383764658.15931,6.959139205396889e+18
884,2023-03-20,34502578064.97364,1.3819761317435996e+19
885,2023-03-21,37808995036.87319,1.2948154660248803e+19
886,2023-03-22,36623243580.88069,1.3633662869919605e+19
887,2023-03-23,33227578295.49209,2.0478034582920745e+19
888,2023-03-24,33083201483.677273,1.5940027572487285e+19
889,2023-03-25,30901648600.512962,8.392800602253289e+18
890,2023-03-26,34817352595.66256,6.835185850963408e+18
891,2023-03-27,38278387896.63592,1.962100895025763e+19
892,2023-03-28,35902706511.08984,1.1834924141088831e+19
893,2023-03-29,32996653570.492496,9.666185964110797e+18
894,2023-03-30,41117701264.347664,4.792678109221831e+19
895,2023-03-31,33771979856.48748,1.305584536698638e+19
896,2023-04-01,32002434157.797245,8.376587184360394e+18
897,2023-04-02,32750912388.666172,6.400280306618658e+18
898,2023-04-03,32685156286.79889,9.229391242666836e+18
899,2023-04-04,33282300234.211567,1.2148510372349204e+19
900,2023-04-05,33138035040.003464,9.527353350691858e+18
901,2023-04-06,35042069049.53238,6.831357709775399e+18
902,2023-04-07,31103307005.123043,5.154951892582535e+18
903,2023-04-08,31092144223.526855,2.9830629745610266e+18
904,2023-04-09,30341829430.76908,2.389064642343709e+18
905,2023-04-10,31038684556.58456,4.023113769732857e+18
906,2023-04-11,30893685449.70645,5.807540676669492e+18
907,2023-04-12,31693293390.919724,1.3569065636929432e+19
908,2023-04-13,32663672809.562992,1.5813449962295464e+19
909,2023-04-14,32027123828.620293,7.315059501378569e+18
910,2023-04-15,33465047131.788227,6.353177156885744e+18
911,2023-04-16,33124608013.41608,6.123043839823731e+18
912,2023-04-17,31876537348.72898,1.1079293885096356e+19
913,2023-04-18,30728091222.06607,7.420904312878626e+18
914,2023-04-19,38849747093.54065,1.2474286998852665e+19
915,2023-04-20,38263304559.31635,1.0494311972739604e+19
916,2023-04-21,40364207783.65549,1.4324555743137473e+19
917,2023-04-22,37464101181.36668,3.072072646534162e+18
918,2023-04-23,44585275764.67001,2.9644932632972206e+18
919,2023-04-24,47106365209.66149,5.557097338979584e+18
920,2023-04-25,47563686860.03712,7.082142005469002e+18
921,2023-04-26,50443091932.730576,6.403607021122452e+18
922,2023-04-27,45525986618.15761,6.554646331733504e+18
923,2023-04-28,38709478334.11336,3.864601872791935e+18
924,2023-04-29,34288701943.38701,2.074521680720732e+18
925,2023-04-30,33180913572.119022,3.0608257499739e+18
926,2023-05-01,32895361408.7516,3.5518785043705805e+18
927,2023-05-02,31271612123.270073,4.284133228949955e+18
928,2023-05-03,32593652577.285126,3.237131725009728e+18
929,2023-05-04,31544837522.175117,3.6273982931125176e+18
930,2023-05-05,32304745297.971325,4.961944554660524e+18
931,2023-05-06,34103604066.35524,6.026824448327759e+18
932,2023-05-07,32812604996.836082,3.205655144435817e+18
933,2023-05-08,37036912411.774254,5.901556497345352e+18
934,2023-05-09,34682866885.43388,6.058180405418855e+18
935,2023-05-10,36721341261.90944,2.5869310819377627e+19
936,2023-05-11,33246681790.63207,1.2874406907189326e+19
937,2023-05-12,33955543969.629063,5.010624954726052e+18
938,2023-05-13,32680693904.240044,3.214776376581389e+18
939,2023-05-14,31495952807.15781,2.786451122628528e+18
940,2023-05-15,31474381130.73024,1.0266733819244376e+19
941,2023-05-16,32490593624.47865,7.867513658905629e+18
942,2023-05-17,35653207000.40821,9.106683208873565e+18
943,2023-05-18,32301563105.22614,6.058202006755993e+18
944,2023-05-19,32001273716.806168,3.789371211464454e+18
945,2023-05-20,31519319722.89128,2.1704952527054487e+18
946,2023-05-21,31399341497.52442,2.500826960976216e+18
947,2023-05-22,31404145361.651848,4.1417731215898015e+18
948,2023-05-23,31401131983.319336,3.4039832239896125e+18
949,2023-05-24,32984483478.904747,4.237451201500409e+18
950,2023-05-25,31913493160.084465,2.2406339643260913e+18
951,2023-05-26,31032007169.83545,2.459276641817713e+18
952,2023-05-27,31003173569.698483,1.794478047842706e+18
953,2023-05-28,32107259883.457504,9.104119240101734e+18
954,2023-05-29,31285757572.73928,3.1183795864712095e+18
955,2023-05-30,31845758631.208454,4.826705012373631e+18
956,2023-05-31,32123242513.37123,3.5662359123849764e+18
957,2023-06-01,31693851344.227016,4.165896983350061e+18
958,2023-06-02,30994485908.5267,4.254725051992289e+18
959,2023-06-03,30680094216.31511,1.6250340265131264e+18
960,2023-06-04,30381702994.46564,2.390120842488553e+18
961,2023-06-05,36379686412.69517,6.498952584312671e+18
962,2023-06-06,32110033486.359657,1.1324927295223368e+19
963,2023-06-07,31776187063.724773,1.2874705794662236e+19
964,2023-06-08,31104482347.998524,2.97413336636084e+18
965,2023-06-09,30849336263.487656,5.787034876961282e+18
966,2023-06-10,62546966466.0404,1.2113053359693562e+19
967,2023-06-11,31626315625.310055,3.601838749008025e+18
968,2023-06-12,31666539922.84612,7.792240170728192e+18
969,2023-06-13,31397064667.765354,6.971716378673739e+18
970,2023-06-14,33018703152.730717,3.005323150576235e+18
971,2023-06-15,32915394705.296886,6.677151016272918e+18
972,2023-06-16,30616508829.37378,3.650604668662245e+18
973,2023-06-17,30412758429.17592,2.2272197197050831e+18
974,2023-06-18,30616622245.91556,2.1151961684671063e+18
975,2023-06-19,30884141464.85323,2.56857998261506e+18
976,2023-06-20,30639768223.16608,4.702340847073464e+18
977,2023-06-21,30417901038.1864,3.67236065000449e+18
978,2023-06-22,30650292944.757774,6.288855615072078e+18
979,2023-06-23,29916319999.25339,4.280392213363557e+18
980,2023-06-24,29168338660.369705,2.812043903820111e+18
981,2023-06-25,29465884169.02521,3.9312853399144817e+18
982,2023-06-26,29541311133.265648,5.473677268413899e+18
983,2023-06-27,29374067630.035522,8.190369908803778e+18
984,2023-06-28,30133994096.368416,3.396674477422576e+18
985,2023-06-29,29867771042.258423,4.1429333873812255e+18
986,2023-06-30,35928869223.399826,5.800837795180581e+18
987,2023-07-01,29692915385.73256,1.0438621619212388e+19
988,2023-07-02,29239955388.997387,3.2750484148428764e+18
989,2023-07-03,29659335124.102222,1.0840243901178112e+19
990,2023-07-04,29813718846.61676,3.5577459637851085e+18
991,2023-07-05,29466947583.038803,4.3695735403099407e+18
992,2023-07-06,29719039622.491783,5.523293339909551e+18
993,2023-07-07,29350361346.54504,3.1061495062656256e+18
994,2023-07-08,29799015459.299976,7.121926499233487e+18
995,2023-07-09,29498283385.146587,5.132727315965432e+18
996,2023-07-10,29963973421.932415,5.826142687087655e+18
997,2023-07-11,30485788651.69019,4.843308657562882e+18
998,2023-07-12,30107713464.115562,3.591356541450762e+18
999,2023-07-13,30868800778.396145,6.799357981228941e+18
1000,2023-07-14,35211347321.73749,1.1942498688704889e+19
1001,2023-07-15,30334654681.35024,5.052664290526532e+18
1002,2023-07-16,30197611909.201828,3.3930401017561815e+18
1003,2023-07-17,30542696490.87581,5.072666990392698e+18
1004,2023-07-18,29681159712.21803,6.234663985282927e+18
1005,2023-07-19,29850097584.03928,5.249930255274396e+18
1006,2023-07-20,30312032222.34378,3.66724445839894e+18
1007,2023-07-21,29518493074.513535,6.001953522831895e+18
1008,2023-07-22,29399510640.466816,3.730934220118848e+18
1009,2023-07-23,30045013898.0642,2.1397746556091927e+18
1010,2023-07-24,32164635847.571815,5.247180345853182e+18
1011,2023-07-25,33324545697.413353,5.494620806314761e+18
1012,2023-07-26,29704427180.664005,4.562737420351457e+18
1013,2023-07-27,29354467807.29644,3.5227397980572314e+18
1014,2023-07-28,29042795329.97232,2.310824576547706e+18
1015,2023-07-29,29083610892.669044,2.367022215749175e+18
1016,2023-07-30,30795406079.479954,3.4842584475874007e+18
1017,2023-07-31,31681438593.296326,9.90999151730588e+18
1018,2023-08-01,30556019362.183945,7.242900182030111e+18
1019,2023-08-02,30532506291.236584,5.016126676682023e+18
1020,2023-08-03,29649456360.023643,3.496453488465744e+18
1021,2023-08-04,29690141102.134113,3.3192122997218985e+18
1022,2023-08-05,29614374147.848602,2.3019155898450017e+18
1023,2023-08-06,29151209736.658318,2.7926797196737766e+18
1024,2023-08-07,29550605361.032497,5.173455811850512e+18
1025,2023-08-08,29733286655.770397,6.548164301727414e+18
1026,2023-08-09,29623838055.36637,8.143512332758661e+18
1027,2023-08-10,30293085025.765034,5.188158828431064e+18
1028,2023-08-11,30207058172.061493,4.0155295969122944e+18
1029,2023-08-12,29458464861.65036,2.5735593175390346e+18
1030,2023-08-13,29484022355.02817,3.368263344177943e+18
1031,2023-08-14,29835769715.114647,7.296043493741363e+18
1032,2023-08-15,40456974763.387146,3.901111435569694e+18
1033,2023-08-16,31034400604.761772,6.478695659388589e+18
1034,2023-08-17,64245457585.6186,8.121119006744707e+18
1035,2023-08-18,32272067761.45516,1.1901751799220648e+19
1036,2023-08-19,30015494651.902,3.9641047270552535e+18
1037,2023-08-20,29078843002.591507,3.2385281328832154e+18
1038,2023-08-21,32010399746.731247,7.238469282874282e+18
1039,2023-08-22,33152296699.06861,2.0214597963526377e+19
1040,2023-08-23,30028707724.288364,1.0600704730363548e+19
1041,2023-08-24,30684014389.884605,1.1218465890399973e+19
1042,2023-08-25,31364480553.187897,3.940934800918815e+18
1043,2023-08-26,31109063640.089695,6.432979121506555e+18
1044,2023-08-27,29666573961.84716,3.4619456150110884e+18
1045,2023-08-28,30290301638.3286,6.064074687026046e+18
1046,2023-08-29,34484069478.00831,1.057153133030148e+19
1047,2023-08-30,33217098133.79139,1.3908561256604017e+19
1048,2023-08-31,35210389355.82769,1.5739982189907163e+19
1049,2023-09-01,32077406558.27324,5.751546328227156e+18
1050,2023-09-02,31222378919.07577,3.26385408508846e+18
1051,2023-09-03,30691779062.632885,2.912762113925184e+18
1052,2023-09-04,31415624244.78979,4.204516683103896e+18
1053,2023-09-05,30656809012.43188,1.2769073335416355e+19
1054,2023-09-06,30648623375.56735,5.59285398464869e+18
1055,2023-09-07,29982115288.84417,6.634994330676066e+18
1056,2023-09-08,29813785622.549606,1.5305978368369652e+19
1057,2023-09-09,29158400267.672543,1.932060803966904e+18
1058,2023-09-10,34567364420.269615,6.609313672930134e+18
1059,2023-09-11,32038824904.080418,2.275719862177572e+19
1060,2023-09-12,31866762660.114742,1.767245791319839e+19
1061,2023-09-13,32686224841.18352,6.891741211982697e+18
1062,2023-09-14,30205345160.178608,1.5133600627391756e+19
1063,2023-09-15,30215529830.64388,1.1127618307413555e+19
1064,2023-09-16,29415944610.456966,1.0569378091619391e+19
1065,2023-09-17,30260954092.948566,9.131903157074378e+18
1066,2023-09-18,30377601210.807,2.047613114490875e+19
1067,2023-09-19,29841951353.36708,9.14066144715553e+18
1068,2023-09-20,29790725623.27055,1.0096386197763305e+19
1069,2023-09-21,30682840755.877697,1.4627660295217345e+19
1070,2023-09-22,29900819944.007526,9.209710651468472e+18
1071,2023-09-23,29237092311.312557,4.921896857908865e+18
1072,2023-09-24,29914211349.304886,7.920262099101571e+18
1073,2023-09-25,28589082416.093544,4.614272596006919e+18
1074,2023-09-26,29329552082.480732,6.1337828844418e+18
1075,2023-09-27,30587449639.720573,1.0290310650624131e+19
1076,2023-09-28,29380752327.61229,1.1893084653939298e+19
1077,2023-09-29,29035949153.827583,1.3031569160270772e+19
1078,2023-09-30,28918636290.17321,5.409633813332372e+18
1079,2023-10-01,30780539659.579716,7.096471000723917e+18
1080,2023-10-02,32028973692.15515,7.253434043220815e+18
1081,2023-10-03,28658316419.406704,4.5467810832555433e+18
1082,2023-10-04,36027545995.36612,5.654025177771997e+18
1083,2023-10-05,38068516491.12349,1.6635833235189615e+19
1084,2023-10-06,39849263242.22244,1.1324184513383272e+19
1085,2023-10-07,40396784039.08294,2.889850196869851e+19
1086,2023-10-08,32262624590.20639,8.785305061870795e+18
1087,2023-10-09,33179076785.67664,2.8137644068617208e+19
1088,2023-10-10,32207263525.428986,1.873192694774719e+19
1089,2023-10-11,33318878023.61028,2.406350819338429e+19
1090,2023-10-12,32171794023.830944,1.4738273991350985e+19
1091,2023-10-13,30314989755.09863,1.4482664561252448e+19
1092,2023-10-14,30791156635.67984,6.597006939390132e+18
1093,2023-10-15,30209907723.062206,1.0641153692509168e+19
1094,2023-10-16,35958732117.18247,2.4763314654046523e+19
1095,2023-10-17,37784028038.541756,1.6187571655821076e+19
1096,2023-10-18,32540019095.60496,1.4408045033746235e+19
1097,2023-10-19,30011008543.774303,1.017803371073816e+19
1098,2023-10-20,30149123684.839928,2.7698718688306934e+19
1099,2023-10-21,56686709617.45687,1.5581845954282349e+19
1100,2023-10-22,33391129478.395073,1.1397723376437647e+19
1101,2023-10-23,38766740787.52722,1.4849051655766073e+19
1102,2023-10-24,37143814148.28623,1.6906678116695384e+19
1103,2023-10-25,34385695098.007706,1.413836687747106e+19
1104,2023-10-26,36817446898.398605,1.949078562801085e+19
1105,2023-10-27,33895983924.253857,1.5952212259346369e+19
1106,2023-10-28,32329184883.68297,1.0270633608261837e+19
1107,2023-10-29,33326546431.410458,1.0661043134534097e+19
1108,2023-10-30,32928096784.68614,2.8197788762151838e+19
1109,2023-10-31,33484923725.015102,1.6964607137172337e+19
1110,2023-11-01,36086154418.646,2.1242467128705225e+19
1111,2023-11-02,34734717580.172455,1.9245534107345306e+19
1112,2023-11-03,32421997825.54919,1.1517845508967537e+19
1113,2023-11-04,31434353511.78177,7.528330641305529e+18
1114,2023-11-05,32672404672.312416,7.459506852758384e+18
1115,2023-11-06,33510850961.12409,1.6768741229114935e+19
1116,2023-11-07,33577682436.59873,1.4103583696457236e+19
1117,2023-11-08,34100327794.774055,9.533167178729904e+18
1118,2023-11-09,49461306557.19152,1.7887428910315356e+19
1119,2023-11-10,43306872768.67277,2.6167076815544123e+19
1120,2023-11-11,44185736051.954475,2.479099668138176e+19
1121,2023-11-12,45693680639.63096,2.447494425140895e+19
1122,2023-11-13,41174233640.870575,3.874124651687021e+19
1123,2023-11-14,47324955690.87237,2.634484619735645e+19
1124,2023-11-15,47030684543.83801,3.2280268011089887e+19
1125,2023-11-16,46412006152.98224,4.090432896942447e+19
1126,2023-11-17,43254485787.24706,2.785787941274274e+19
1127,2023-11-18,33288758986.78249,1.0453494106706612e+19
1128,2023-11-19,80194925417.57994,1.4124886979739085e+18
1129,2023-11-20,63628265742.24513,6.302557673472026e+17
1130,2023-11-21,112540385006.94604,1.5011645847359887e+18
1131,2023-11-22,294721820830.1021,9.37446319878939e+17
1132,2023-11-23,230503402022.85544,8.599590806142266e+17
1133,2023-11-24,36568042305.034004,2.3052117737199452e+19
1134,2023-11-25,29209115059.077625,3.078054471809423e+18
1135,2023-11-26,32529253119.90016,7.393808330908413e+18
1136,2023-11-27,34406197944.16452,1.7553202033999356e+19
1137,2023-11-28,32715455381.28917,1.69237007876884e+19
1138,2023-11-29,33429108159.654087,1.5656563686287217e+19
1139,2023-11-30,33112029235.859646,1.3759572176678932e+19
1140,2023-12-01,33447311596.549526,3.8638959555632955e+19
1141,2023-12-02,33973823584.32928,9.4105639525295e+18
1142,2023-12-03,33493731852.18685,1.3220408055938615e+19
1143,2023-12-04,40472698454.0242,2.369295041415041e+19
1144,2023-12-05,37767781544.63312,1.876849042896169e+19
1145,2023-12-06,41514818001.14536,2.6429347108055126e+19
1146,2023-12-07,28437190075.03696,3.1407392866827853e+18
1147,2023-12-08,54852042482.17312,1.6775129856292111e+18
1148,2023-12-09,132833603682.29454,2.371275571195595e+18
1149,2023-12-10,91345772745.19858,2.1174008328528655e+18
1150,2023-12-11,41666773958.022736,9.989713008696386e+18
1151,2023-12-12,38896968307.4966,7.046291448424965e+18
1152,2023-12-13,134944281950.1716,2.0834367143805665e+18
1153,2023-12-14,239586623867.8052,1.1773098193604529e+18
1154,2023-12-15,572329986836.1414,1.082732714063253e+18
1155,2023-12-16,1087117721393.1548,9.421155349537048e+17
1156,2023-12-17,862146337044.2451,1.2189022381520333e+18
1157,2023-12-18,1146360064458.1653,1.2396744149805484e+18
1158,2023-12-19,1055752490915.6356,9.966199314871649e+17
1159,2023-12-20,1559300097959.5105,1.3597941816295375e+18
1160,2023-12-21,670989425887.4058,1.4713692281060288e+18
1161,2023-12-22,173128783245.58047,1.1504466570754307e+18
1162,2023-12-23,89565546698.62015,6.483877437308111e+17
1163,2023-12-24,82946472502.19576,9.03207231357388e+17
1164,2023-12-25,57760614963.19915,5.989150941635087e+17
1165,2023-12-26,56946602515.952576,1.512096405384003e+18
1166,2023-12-27,32182214504.45325,1.3429759801538458e+18
1167,2023-12-28,29533438065.683155,3.456159870232725e+18
1168,2023-12-29,30533143170.81014,5.25923117029372e+18
1169,2023-12-30,29003952231.66632,1.8483122163735508e+18
1170,2023-12-31,30685031854.41889,2.6366598106233743e+18
1171,2024-01-01,30008606128.017036,1.2296877401240704e+18
1172,2024-01-02,32226293896.68241,3.3670073618971264e+18
1173,2024-01-03,43425840020.395966,9.654580004719118e+18
1174,2024-01-04,37925800410.507454,8.420735465117582e+18
1175,2024-01-05,39771563667.081635,1.4143216165581945e+19
1176,2024-01-06,34902097942.4178,6.644550661095763e+18
1177,2024-01-07,41806513096.267265,5.681116786345381e+18
1178,2024-01-08,40465724885.32859,1.3521534126953845e+19
1179,2024-01-09,36766742649.73829,1.1307836604002208e+19
1180,2024-01-10,38738854173.859695,1.0524808743031341e+19
1181,2024-01-11,34983823196.610695,1.5871973415761672e+19
1182,2024-01-12,34194728613.89853,7.452870364798597e+18
1183,2024-01-13,32076877677.734737,5.192526749712617e+18
1184,2024-01-14,34497073037.34508,7.234316441041582e+18
1185,2024-01-15,36400645601.90914,5.294286369154321e+18
1186,2024-01-16,35291726149.21741,7.709237830758486e+18
1187,2024-01-17,37005548768.59237,9.751249411952316e+18
1188,2024-01-18,35835819306.0108,1.1489453188738736e+19
1189,2024-01-19,40062759507.22739,1.1605836406686745e+19
1190,2024-01-20,37051225536.1701,7.444387386350703e+18
1191,2024-01-21,36738360762.165,7.148775582667791e+18
1192,2024-01-22,44032940727.09053,1.6744767480117055e+19
1193,2024-01-23,38505850671.68101,1.3647465025667193e+19
1194,2024-01-24,34938812581.09601,1.0377226720099185e+19
1195,2024-01-25,36819631857.46755,1.1367482104071723e+19
1196,2024-01-26,40314277412.81418,1.7383036676789314e+19
1197,2024-01-27,37292444327.74145,5.955383701416823e+18
1198,2024-01-28,41134391193.58211,1.6128125906920376e+19
1199,2024-01-29,38277812911.65701,1.238299432821076e+19
1200,2024-01-30,38076739151.889854,9.596746837166092e+18
1201,2024-01-31,36675674926.07585,1.4136965131070224e+19
1202,2024-02-01,39796391126.39423,9.099884152965743e+18
1203,2024-02-02,37614244962.268814,1.1921239724715944e+19
1204,2024-02-03,36645249826.96602,8.321393900901944e+18
1205,2024-02-04,37571574111.52708,6.904909564845117e+18
1206,2024-02-05,36143912634.66857,1.0520810989536373e+19
1207,2024-02-06,39996391714.37048,8.100829392901934e+18
1208,2024-02-07,40813339877.53437,1.7032569767498768e+19
1209,2024-02-08,41257888535.46095,1.0893265170457915e+19
1210,2024-02-09,39247888704.47595,1.6788176223284888e+19
1211,2024-02-10,38808529623.72336,1.2758690246419044e+19
1212,2024-02-11,37807430956.0036,7.458653006067421e+18
1213,2024-02-12,39342890715.053925,1.7276772762430898e+19
1214,2024-02-13,39251398280.38892,1.5234342507494904e+19
1215,2024-02-14,45987514696.34139,1.2235671616774312e+19
1216,2024-02-15,39543945395.08432,1.3075348520051683e+19
1217,2024-02-16,41156006861.543304,1.1201605512260313e+19
1218,2024-02-17,36535772494.32281,6.572746933835112e+18
1219,2024-02-18,35737990293.22985,7.443743169455343e+18
1220,2024-02-19,40125283125.77829,1.270554355213318e+19
1221,2024-02-20,39964209195.73685,1.4074968231169966e+19
1222,2024-02-21,38077398523.31893,1.4333900123031114e+19
1223,2024-02-22,38713601484.432785,1.2083128888510138e+19
1224,2024-02-23,86920196441.53362,1.2975016356383652e+18
1225,2024-02-24,104565937105.8426,2.994953217980656e+17
1226,2024-02-25,105972120573.1962,1.293252677292606e+18
1227,2024-02-26,46523316605.04308,1.0897505715073884e+19
1228,2024-02-27,41839447545.31504,8.141585201006592e+18
1229,2024-02-28,48542771608.61252,1.1782976970489629e+19
1230,2024-02-29,41087866757.20582,1.408335323569218e+19
1231,2024-03-01,39321214572.436775,1.2406580281093374e+19
1232,2024-03-02,39534740042.70101,9.651199784439943e+18
1233,2024-03-03,40604992104.56729,1.0393662588034046e+19
1234,2024-03-04,42671533114.201614,1.3184399444160113e+19
1235,2024-03-05,53667177951.09316,1.54217665218012e+19
1236,2024-03-06,39435258057.94977,1.4511839979026123e+19
1237,2024-03-07,38468549571.71865,1.2248419448285151e+19
1238,2024-03-08,41575298336.574554,1.4462279836771189e+19
1239,2024-03-09,40835806223.76091,1.2776119691796974e+19
1240,2024-03-10,40724580618.14956,8.830477885514021e+18
1241,2024-03-11,43642265151.530235,1.7844080522625632e+19
1242,2024-03-12,51451047664.772514,1.907448792606668e+19
1243,2024-03-13,45959064494.2018,1.0971425462727625e+19
1244,2024-03-14,43121635486.8064,1.380684322073864e+19
1245,2024-03-15,49830592092.30669,1.2237674446084456e+19
1246,2024-03-16,42601746695.872635,1.1796415722745557e+19
1247,2024-03-17,42572189720.36559,9.851771320051204e+18
1248,2024-03-18,42792660367.89991,1.891336599923767e+19
1249,2024-03-19,39750575135.82646,2.9908492306347213e+19
1250,2024-03-20,41234876206.258095,2.828789754510856e+19
1251,2024-03-21,37539754863.49552,1.1232126698045532e+19
1252,2024-03-22,37087453919.022575,1.281267425231313e+19
1253,2024-03-23,32730535460.032818,1.1748023254202163e+19
1254,2024-03-24,37953551099.379456,7.320712601410642e+18
1255,2024-03-25,32781019345.176,1.1848699423745251e+19
1256,2024-03-26,33958839590.082134,1.2633153240583952e+19
1257,2024-03-27,33813786086.20378,1.450341498992163e+19
1258,2024-03-28,37981472660.43376,8.550503713563522e+18
1259,2024-03-29,33171891532.17152,6.577744875750014e+18
1260,2024-03-30,32683007672.83228,6.180065818170238e+18
1261,2024-03-31,32179751945.11284,9.045859663186704e+18
1262,2024-04-01,40284700865.44472,1.7965902673433336e+19
1263,2024-04-02,37511665377.099525,1.2365071162553268e+19
1264,2024-04-03,33192061423.54106,1.2487117534936189e+19
1265,2024-04-04,33932869416.00451,1.542437493934569e+19
1266,2024-04-05,34207279950.73729,7.421005501781316e+18
1267,2024-04-06,36448669601.05938,7.950301606883707e+18
1268,2024-04-07,34117790228.9611,6.984759064460283e+18
1269,2024-04-08,33563506327.696743,1.5848366948799013e+19
1270,2024-04-09,34950681746.46877,8.831391854269286e+18
1271,2024-04-10,34289045064.10633,6.981518107508171e+18
1272,2024-04-11,34543289427.93189,6.574842762062305e+18
1273,2024-04-12,84683880300.3403,1.579793374897159e+19
1274,2024-04-13,108915785399.17947,2.005586646725036e+19
1275,2024-04-14,35604157563.871864,1.2676319038114402e+19
1276,2024-04-15,34696319654.49285,1.511075073313672e+19
1277,2024-04-16,35145751903.84749,1.0664281473391268e+19
1278,2024-04-17,35322889935.78699,1.1517137035676766e+19
1279,2024-04-18,35549445243.987686,8.71630081225922e+18
1280,2024-04-19,35526613833.16307,1.2229027769034252e+19
1281,2024-04-20,33648076601.247257,1.1524044655105935e+19
1282,2024-04-21,34938914794.50991,6.970260728578401e+18
1283,2024-04-22,37562499248.13163,1.0133045652480543e+19
1284,2024-04-23,32628996046.198975,7.278288362044174e+18
1285,2024-04-24,34503005810.54093,1.27484913696847e+19
1286,2024-04-25,32510689238.622326,9.959961084876739e+18
1287,2024-04-26,32952684319.748016,1.2663721397148754e+19
1288,2024-04-27,33216047316.04612,7.026048733696484e+18
1289,2024-04-28,33292877393.674847,4.515404228924416e+18
1290,2024-04-29,34534328181.791115,1.2125250520155228e+19
1291,2024-04-30,34774320918.48479,1.4645760631159796e+19
1292,2024-05-01,37068021742.98089,1.0770138822020532e+19
1293,2024-05-02,32804379178.992317,9.762193271215487e+18
1294,2024-05-03,31830965577.617393,1.4840327942539674e+19
1295,2024-05-04,33721281359.870186,7.852963412884765e+18
1296,2024-05-05,32988714224.57177,7.038114725502685e+18
1297,2024-05-06,34775293531.990944,1.3342395066039904e+19
1298,2024-05-07,32314108489.08756,1.8323932498808168e+19
1299,2024-05-08,33013624298.26505,9.60008813631702e+18
1300,2024-05-09,32049473315.77949,7.616451444462163e+18
1301,2024-05-10,33325593712.801384,1.513409207999757e+19
1302,2024-05-11,36703367681.26772,7.59171143737e+18
1303,2024-05-12,31759931759.510944,1.2918853808149735e+19
1304,2024-05-13,35458076086.86441,1.8166002690241137e+19
1305,2024-05-14,35644814789.91545,2.2321981749047992e+19
1306,2024-05-15,34982747318.2878,1.7531858782501628e+19
1307,2024-05-16,33668938287.65005,1.565098049941056e+19
1308,2024-05-17,34853812921.36867,1.5442474779031216e+19
1309,2024-05-18,34223932807.763424,7.474168772708796e+18
1310,2024-05-19,33497519139.461166,7.590405288735432e+18
1311,2024-05-20,35226416255.09994,1.6682345954780748e+19
1312,2024-05-21,33721904037.25075,2.663678324605801e+19
1313,2024-05-22,35285975817.61796,1.7197109030216075e+19
1314,2024-05-23,39829501759.61961,9.392875076883286e+18
1315,2024-05-24,34641735773.43722,1.05960039773361e+19
1316,2024-05-25,33948482134.271008,8.559315788612807e+18
1317,2024-05-26,34903494332.25496,7.093621262292817e+18
1318,2024-05-27,35195603563.29002,4.3592123525718204e+19
1319,2024-05-28,35134325871.69329,2.213760778337156e+19
1320,2024-05-29,34479554108.8034,1.62274815187939e+19
1321,2024-05-30,35281239800.278694,2.6738216350905856e+19
1322,2024-05-31,33251994519.58057,1.06630854584785e+19
1323,2024-06-01,38008342185.45906,1.05498232843691e+19
1324,2024-06-02,33173508131.25124,1.5886158140089061e+19
1325,2024-06-03,34390008992.95945,1.201767387340242e+19
1326,2024-06-04,33642187752.08404,1.5371148004307745e+19
1327,2024-06-05,34780028890.614746,1.864511696776623e+19
1328,2024-06-06,33070809905.883713,1.040903792473754e+19
1329,2024-06-07,62694351113.964775,1.6781740599165434e+19
1330,2024-06-08,33797081399.9842,1.0792977785452372e+19
1331,2024-06-09,32327817376.04346,7.705675341598536e+18
1332,2024-06-10,32964512630.20596,2.3050852570270642e+19
1333,2024-06-11,35598161405.89305,1.1157169649729452e+19
1334,2024-06-12,38526300272.89903,1.2508037163156111e+19
1335,2024-06-13,34591065516.91153,1.0898260600315488e+19
1336,2024-06-14,34589474599.41102,1.4967326728817195e+19
1337,2024-06-15,30973371826.513504,8.090152393771307e+18
1338,2024-06-16,31852960170.922478,1.3579474606646501e+19
1339,2024-06-17,34690355252.61852,1.2313388907075647e+19
1340,2024-06-18,43972647158.76752,1.6117488823840117e+19
1341,2024-06-19,38237592567.13767,1.019575652304278e+19
1342,2024-06-20,33541926027.201496,9.475691457599025e+18
1343,2024-06-21,32037697565.849483,7.45249981813733e+18
1344,2024-06-22,38883337531.90205,7.090230709672095e+19
1345,2024-06-23,35122129310.95933,1.6693446023553372e+19
1346,2024-06-24,35060260309.06091,1.89806879346462e+19
1347,2024-06-25,31248884792.04314,1.5011908275477176e+19
1348,2024-06-26,32471272791.89079,2.0617374851984208e+19
1349,2024-06-27,32434974770.57808,2.0426895645029233e+19
1350,2024-06-28,32465995809.678474,1.861818699719515e+19
1351,2024-06-29,31256753732.701508,1.0193607436210383e+19
1352,2024-06-30,34690587229.58003,1.1548620893298012e+19
1353,2024-07-01,31781299141.48805,3.4183375832796013e+19
1354,2024-07-02,31858483148.095524,3.9051335396111565e+19
1355,2024-07-03,32135742475.04896,2.1965170932030607e+19
1356,2024-07-04,32685147051.418243,1.3770886499810116e+19
1357,2024-07-05,47695389365.84423,2.063956266430686e+19
1358,2024-07-06,32320436004.06192,9.765688079329864e+18
1359,2024-07-07,32711546695.67932,9.289972183995537e+18
1360,2024-07-08,33820271864.071724,1.5620922366677172e+19
1361,2024-07-09,33982470098.644512,1.4616263495900723e+19
1362,2024-07-10,32636431433.37909,1.694115691238198e+19
1363,2024-07-11,34221224141.392387,1.752645931338098e+19
1364,2024-07-12,32961474081.24406,2.84481574101818e+19
1365,2024-07-13,33586350985.694565,2.319849377575393e+19
1366,2024-07-14,32826878636.575817,1.0182639422826824e+19
1367,2024-07-15,33616951291.31148,3.5844984030519968e+19
1368,2024-07-16,35376083735.734726,2.1812997436094456e+19
1369,2024-07-17,36304481693.68304,1.802547010111486e+19
1370,2024-07-18,34111705469.08529,1.4492311447794698e+19
1371,2024-07-19,34348420958.14292,1.6570791499056513e+19
1372,2024-07-20,33439725786.87735,1.4644573632815907e+19
1373,2024-07-21,37596817247.01541,1.8978380840807006e+19
1374,2024-07-22,35760552932.50025,1.944716807076073e+19
1375,2024-07-23,34250981740.202835,2.900687211521455e+19
1376,2024-07-24,37673942079.15647,2.0687292421504733e+19
1377,2024-07-25,35689916580.5116,1.5857838471079756e+19
1378,2024-07-26,35161950836.92719,2.6395759804385165e+19
1379,2024-07-27,33128533535.702084,1.6745791519759448e+19
1380,2024-07-28,32980522777.361652,1.3824616931140098e+19
1381,2024-07-29,33483131527.327736,1.68302703070526e+19
1382,2024-07-30,32965388954.536304,2.2682035092376887e+19
1383,2024-07-31,32964207758.914658,2.02825405430698e+19
1384,2024-08-01,33444902141.26684,2.303894714608835e+19
1385,2024-08-02,35503363564.904305,2.3345701459895448e+19
1386,2024-08-03,35381309518.431366,1.3949493255355986e+19
1387,2024-08-04,39683908967.850685,1.9078884386947654e+19
1388,2024-08-05,116823301887.20052,2.6195216641560297e+19
1389,2024-08-06,35778605637.585785,2.056779788033788e+19
1390,2024-08-07,36170464991.21795,2.0524853185880072e+19
1391,2024-08-08,37322393515.77092,1.9100661415006175e+19
1392,2024-08-09,34012456709.771366,2.021229342119532e+19
1393,2024-08-10,33797684457.09037,9.932887221779833e+18
1394,2024-08-11,34667646294.97244,1.7088270250259507e+19
1395,2024-08-12,35161083564.65352,1.9729736736165954e+19
1396,2024-08-13,33445706897.702377,1.7028891383792427e+19
1397,2024-08-14,35146553442.37069,1.1978385920131744e+19
1398,2024-08-15,37430877934.357605,1.862378540480032e+19
1399,2024-08-16,35374542390.31444,2.1491158360634647e+19
1400,2024-08-17,31550484627.46516,8.014159036097832e+18
1401,2024-08-18,33084455374.94236,1.5098428899728996e+19
1402,2024-08-19,35558090383.90756,1.574660640747799e+19
1403,2024-08-20,35125015757.21469,3.3101501807476007e+19
1404,2024-08-21,38990014058.69116,2.887992839252881e+19
1405,2024-08-22,41164229030.90566,2.1993531305105465e+19
1406,2024-08-23,38262959420.12733,2.351105770208656e+19
1407,2024-08-24,37467933949.75181,1.7696196748042035e+19
1408,2024-08-25,34700875327.40709,1.6533718205231364e+19
1409,2024-08-26,36524427901.55578,1.4120750610600268e+19
1410,2024-08-27,38348115919.91364,1.6452051699461857e+19
1411,2024-08-28,35207461970.80196,2.488860659896864e+19
1412,2024-08-29,34503163657.402855,2.838841344626617e+19
1413,2024-08-30,34103592752.927143,1.7026858431497974e+19
1414,2024-08-31,31771813721.700172,1.071855768276974e+19
1415,2024-09-01,35079537661.0612,1.5789654598463058e+19
1416,2024-09-02,33123768989.91328,1.6631728253963244e+19
1417,2024-09-03,32458468791.514683,1.7475661705748488e+19
1418,2024-09-04,36709474565.02008,1.9830661254992675e+19
1419,2024-09-05,33409978534.773018,2.0230592532394414e+19
1420,2024-09-06,39232993154.15983,2.0288801461421425e+19
1421,2024-09-07,31828783336.110985,1.0997887100593215e+19
1422,2024-09-08,34779254436.83828,1.6087086711522382e+19
1423,2024-09-09,34535834592.31639,2.2223460500764377e+19
1424,2024-09-10,33336069319.831684,1.8205429905264607e+19
1425,2024-09-11,33102105086.050186,2.173031997565467e+19
1426,2024-09-12,33732339986.78083,1.7639333358117964e+19
1427,2024-09-13,35383203775.884895,1.7604296205391323e+19
1428,2024-09-14,33183615578.467316,1.4779660363684178e+19
1429,2024-09-15,34150677343.476208,1.7902045708768248e+19
1430,2024-09-16,36099711014.664024,2.128321800837956e+19
1431,2024-09-17,33503186946.266476,1.5062585386746485e+19
1432,2024-09-18,34056758679.001587,3.1003260013876003e+19
1433,2024-09-19,33736270320.715855,3.2103340799793705e+19
1434,2024-09-20,37024146691.74762,4.3980257332131135e+19
1435,2024-09-21,33675699376.365246,1.2745868068673925e+19
1436,2024-09-22,31821472711.97219,1.3456847288402266e+19
1437,2024-09-23,33220063658.833614,1.5279059581624777e+19
1438,2024-09-24,33069080017.60513,2.1668227880225505e+19
1439,2024-09-25,34449642150.224846,2.224452649164872e+19
1440,2024-09-26,33418447666.600037,2.376511693534877e+19
1441,2024-09-27,33966513611.4016,1.8346175004759337e+19
1442,2024-09-28,32742005894.067738,1.140019488075498e+19
1443,2024-09-29,32485276235.748623,1.3729777115113648e+19
1444,2024-09-30,33139585756.597713,2.0062406194395607e+19
1445,2024-10-01,36355911058.73758,2.536220315026524e+19
1446,2024-10-02,32466722443.084717,1.7233956897700567e+19
1447,2024-10-03,33965368330.429413,2.7419451530973016e+19
1448,2024-10-04,32578849011.526554,4.601677023354288e+19
1449,2024-10-05,30896880662.513737,1.9707302701902967e+19
1450,2024-10-06,32234217617.950264,2.0998204525849747e+19
1451,2024-10-07,32661006514.493423,2.083068252224476e+19
1452,2024-10-08,32299840427.345707,1.7130930946297983e+19
1453,2024-10-09,32399278225.942802,3.349934331178859e+19
1454,2024-10-10,32222264646.438187,1.3900637866319186e+19
1455,2024-10-11,33752177376.4656,1.614604750600428e+19
1456,2024-10-12,33976190229.63775,1.972675351187032e+19
1457,2024-10-13,33560312153.444633,1.802617894253884e+19
1458,2024-10-14,32929302966.611664,1.9816159927189127e+19
1459,2024-10-15,35103180973.23904,2.6409325940314493e+19
1460,2024-10-16,33209017003.85646,2.231599486679589e+19
1461,2024-10-17,31880096122.13844,1.6712027345442632e+19
1462,2024-10-18,30247602529.97534,1.7271696958950052e+19
1463,2024-10-19,30616291581.615772,1.1014380588502743e+19
1464,2024-10-20,30321247040.597095,8.92715395587278e+18
1465,2024-10-21,30173058736.3914,1.5096234543007535e+19
1466,2024-10-22,31149415059.885468,1.7398683417175355e+19
1467,2024-10-23,30667244923.449684,1.5189179569375328e+19
1468,2024-10-24,30091401363.48573,1.4807204794185044e+19
1469,2024-10-25,32297332373.32884,1.6340298022562576e+19
1470,2024-10-26,30662382269.445972,1.0313298337118718e+19
1471,2024-10-27,30239149426.63616,9.029563866845606e+18
1472,2024-10-28,31842165943.2971,2.0460637818491023e+19
1473,2024-10-29,33684845678.975555,1.8604825398847746e+19
1474,2024-10-30,30690223095.099174,1.4223488909847783e+19
1475,2024-10-31,30802357877.149174,4.952154334653177e+19
1476,2024-11-01,31599172527.046196,1.7107009362716195e+19
1477,2024-11-02,29886075393.10241,1.0619454524921051e+19
1478,2024-11-03,31762533294.208946,2.398613434437308e+19
1479,2024-11-04,32291605337.74728,2.2563184507205403e+19
1480,2024-11-05,31224360397.816162,2.3097312900209308e+19
1481,2024-11-06,33313862940.695007,2.561301368536729e+19
1482,2024-11-07,32280905814.90365,3.0825729451829498e+19
1483,2024-11-08,33668007445.951126,3.5229396082773037e+19
1484,2024-11-09,34856096199.50753,2.5474762036776296e+19
1485,2024-11-10,35255229535.00662,2.7929208740986327e+19
1486,2024-11-11,36835485279.85912,2.879973172760707e+19
1487,2024-11-12,39791298425.6198,2.7847268705962422e+19
1488,2024-11-13,37650423468.4994,2.8729826374936863e+19
1489,2024-11-14,35625748033.7098,2.0818879871868916e+19
1490,2024-11-15,34150650398.318005,2.0086079417096524e+19
1491,2024-11-16,34919850395.164696,1.922430645547955e+19
1492,2024-11-17,36877563082.66276,2.749951322375962e+19
1493,2024-11-18,34977836245.67925,2.4262498735096705e+19
1494,2024-11-19,35224395691.66699,3.983481197452615e+19
1495,2024-11-20,36716057515.58801,2.653602885047036e+19
1496,2024-11-21,36320001753.5097,2.4927944880495997e+19
1497,2024-11-22,38095323696.01831,2.848299790829546e+19
1498,2024-11-23,39477863899.76256,2.5748534098867614e+19
1499,2024-11-24,38270493400.86102,2.072006333733309e+19
1500,2024-11-25,38777613361.82179,3.1791697583852003e+19
1501,2024-11-26,37679888100.45273,3.3524288558934725e+19
1502,2024-11-27,34193300760.177296,2.1050127263329726e+19
1503,2024-11-28,33637714640.790855,1.4378998691220228e+19
1504,2024-11-29,33135453898.371113,1.7379558795437586e+19
1505,2024-11-30,33800193861.82113,1.3655127555964484e+19
1506,2024-12-01,34350661882.541687,1.5876702621000223e+19
1507,2024-12-02,41637891298.658646,2.9555593371708027e+19
1508,2024-12-03,40512521505.45053,2.7491122243200905e+19
1509,2024-12-04,42272967470.82169,1.9878799146907873e+19
1510,2024-12-05,41966693242.18595,2.309452402741688e+19
1511,2024-12-06,39873625461.59671,2.217996965984845e+19
1512,2024-12-07,41019901002.13808,1.3176605052621527e+19
1513,2024-12-08,37254916902.88784,1.7544117078204373e+19
1514,2024-12-09,94579665448.7224,3.1245573225950188e+19
1515,2024-12-10,38960449821.75413,3.646082934534561e+19
1516,2024-12-11,36987351469.65745,1.6822973970922815e+19
1517,2024-12-12,40886533154.997696,2.405291174966716e+19
1518,2024-12-13,36220159422.36508,2.1570402382744687e+19
1519,2024-12-14,33940742547.76352,2.1703395424481104e+19
1520,2024-12-15,36364687685.70144,1.9363919902883287e+19
1521,2024-12-16,25830186079.805546,1.9959719333152023e+19
1522,2024-12-17,9242395689.51571,1.526813083472178e+19
1523,2024-12-18,22735065335.23908,3.045065915522425e+19
1524,2024-12-19,18122311333.958096,2.338445164280461e+19
1525,2024-12-20,13224497630.863316,2.20438880039816e+19
1526,2024-12-21,9915248308.840033,1.6330334002150908e+19
1527,2024-12-22,8608435774.37809,1.2714997186544833e+19
1528,2024-12-23,9292567580.624813,1.8364631862720385e+19
1529,2024-12-24,8087341587.98125,1.8644397745165427e+19
1530,2024-12-25,7829055168.093183,2.048121499292884e+19
1531,2024-12-26,7870952198.162653,1.4389581689442728e+19
1532,2024-12-27,8094715088.891741,1.2330627690842337e+19
1533,2024-12-28,4800727455.731791,5.947064959484546e+18
1534,2024-12-29,4638415577.815639,7.136560751493449e+18
1535,2024-12-30,6981391890.716231,1.1852761739667137e+19
1536,2024-12-31,6260979437.425924,9.485423350191071e+18
