,date,avg_fee,avg_value
0,2020-01-01,20348.150034275,71534356.59062369
1,2020-01-02,19208.722236939,93039445.69338147
2,2020-01-03,20454.254069905,130179299.49212468
3,2020-01-04,18723.730767193,91973356.16134307
4,2020-01-05,19025.313681092,77528686.59462109
5,2020-01-06,21753.172576341,143447647.51255512
6,2020-01-07,22200.656778997,90065049.72989435
7,2020-01-08,28916.378208572,116647856.6735583
8,2020-01-09,33555.363596041,155970566.0737386
9,2020-01-10,30177.236592479,109808833.74747965
10,2020-01-11,32868.223721311,79408976.22919664
11,2020-01-12,20410.457566173,74368578.0268989
12,2020-01-13,22248.611993489,97594224.32902129
13,2020-01-14,25659.444932308,149987662.33053693
14,2020-01-15,29518.481396371,197117862.5008068
15,2020-01-16,34639.201707828,112289954.17687175
16,2020-01-17,24063.919624027,142899253.55474764
17,2020-01-18,30498.545741582,72406076.50854003
18,2020-01-19,23651.519793892,92873888.47838864
19,2020-01-20,24420.79716261,129677860.8021957
20,2020-01-21,23079.268615066,88195263.49038275
21,2020-01-22,23145.496083981,114628287.143383
22,2020-01-23,22417.608278981,110873999.09764428
23,2020-01-24,19936.357405859,92402950.20661752
24,2020-01-25,19981.508393976,71785799.11736283
25,2020-01-26,19700.39067373,93100463.73483215
26,2020-01-27,24170.307176209,222911829.09230056
27,2020-01-28,23298.411121729,130876946.94773668
28,2020-01-29,20223.730828026,111253224.24543388
29,2020-01-30,22533.876241418,182566702.96644264
30,2020-01-31,25796.607649972,149682889.967618
31,2020-02-01,27557.807922584,111831989.08695956
32,2020-02-02,21564.457134526,99390757.081014
33,2020-02-03,22162.763869504,202046687.53426784
34,2020-02-04,25248.585540506,120210914.37743792
35,2020-02-05,23214.438826939,97741563.4105243
36,2020-02-06,41459.116326301,205518809.59473637
37,2020-02-07,28806.377148426,205707285.91838703
38,2020-02-08,35016.780335933,102313967.81191668
39,2020-02-09,21228.439431445,76384090.35682242
40,2020-02-10,27584.824410187,144369742.68279284
41,2020-02-11,28996.365132768,117470852.15035048
42,2020-02-12,34524.124913849,132803423.7612528
43,2020-02-13,33165.602709843,130622785.03317012
44,2020-02-14,29944.048780519,132484353.92987588
45,2020-02-15,38382.486291183,110821525.4806402
46,2020-02-16,32210.721589307,136523589.05591512
47,2020-02-17,25213.530634908,158097899.16307676
48,2020-02-18,24797.094411537,130864960.05396084
49,2020-02-19,29579.536024366,168950979.9740098
50,2020-02-20,30113.446612537,134674428.27880162
51,2020-02-21,24424.28593299,100827036.5624108
52,2020-02-22,27330.376744986,76514204.22124808
53,2020-02-23,21351.111553042,97486138.73469353
54,2020-02-24,23001.731744372,101977459.03675236
55,2020-02-25,25784.244717517,107575611.38502528
56,2020-02-26,28406.520286763,109198555.015256
57,2020-02-27,24615.989180939,120840203.47721864
58,2020-02-28,23166.083299819,113746619.18346168
59,2020-02-29,23098.36739913,85726111.56039505
60,2020-03-01,19445.631005963,75034762.85437204
61,2020-03-02,22795.58253482,98356897.75171144
62,2020-03-03,23487.674552969,95139433.01562311
63,2020-03-04,22090.374419961,117741188.2202524
64,2020-03-05,22513.908881356,101943035.1801858
65,2020-03-06,24739.474990135,115961598.258578
66,2020-03-07,24715.291872328,80366928.04497625
67,2020-03-08,21417.854223398,83936869.44502465
68,2020-03-09,28246.600836089,145368546.46031716
69,2020-03-10,25987.914958632,132352333.8441866
70,2020-03-11,29546.97654966,237625131.007512
71,2020-03-12,49465.8919499,263380140.8611466
72,2020-03-13,97890.224740726,303413388.4696873
73,2020-03-14,73533.253489723,154458358.791678
74,2020-03-15,53941.677401244,146814729.34128404
75,2020-03-16,67059.117755039,222312807.91197568
76,2020-03-17,61469.106356794,197790940.0296065
77,2020-03-18,72005.203819138,180838668.93988845
78,2020-03-19,67874.96248901,185702683.39513844
79,2020-03-20,70914.922457318,179290702.7761743
80,2020-03-21,79182.257387749,107353501.7661396
81,2020-03-22,85075.284736495,142129819.60129488
82,2020-03-23,77669.76539595,152202239.96282393
83,2020-03-24,49949.615973278,191674912.78099316
84,2020-03-25,66748.560968599,148600205.52436784
85,2020-03-26,59812.788765072,115182021.23014548
86,2020-03-27,58276.667839516,142391918.32339263
87,2020-03-28,50239.779832321,107250656.99420136
88,2020-03-29,37636.510686565,104309439.0829176
89,2020-03-30,25922.503762876,137533392.31674764
90,2020-03-31,32382.360677344,137338311.9502962
91,2020-04-01,29067.670953051,136792632.73313832
92,2020-04-02,26174.677781508,128682896.66290618
93,2020-04-03,27966.13220176,131480421.09029289
94,2020-04-04,26842.889273362,127478520.5935346
95,2020-04-05,19497.660166821,87816441.55611533
96,2020-04-06,21652.204496765,146260905.53537545
97,2020-04-07,26250.705607288,144007033.90588033
98,2020-04-08,27791.507319208,99975521.38734886
99,2020-04-09,26878.702393123,146876414.071401
100,2020-04-10,25624.575833802,142971634.1679629
101,2020-04-11,20624.807089115,91664639.30316609
102,2020-04-12,15321.831882165,81102382.08093615
103,2020-04-13,15915.796621149,129245903.91177562
104,2020-04-14,19278.420662678,97604912.85527109
105,2020-04-15,27017.109310714,104983511.12537675
106,2020-04-16,29023.880890077,128430260.15099876
107,2020-04-17,27406.49319664,123473423.43833768
108,2020-04-18,26147.943898301,77581876.4808923
109,2020-04-19,63070.029534384,79767528.16268604
110,2020-04-20,23198.83286363,98941824.47910015
111,2020-04-21,23756.783034494,97580624.52685584
112,2020-04-22,27499.977785689,113023487.3766809
113,2020-04-23,35571.881824165,106371533.42242226
114,2020-04-24,37272.589743381,147174831.6266463
115,2020-04-25,40133.685525442,81859377.33508189
116,2020-04-26,29127.718306254,77498388.55143641
117,2020-04-27,31460.558180278,124052005.24725434
118,2020-04-28,26731.028308621,101301627.4566278
119,2020-04-29,46816.251406966,200918770.29850927
120,2020-04-30,101808.526075694,229263477.0181328
121,2020-05-01,106579.628206525,119668582.13386352
122,2020-05-02,113240.903658413,71000380.35285413
123,2020-05-03,133118.137386192,97301727.14665207
124,2020-05-04,72969.350777679,105157057.71907371
125,2020-05-05,66814.628823973,125673547.74098615
126,2020-05-06,61953.116991596,115082778.6683313
127,2020-05-07,84478.558921487,144322407.23713303
128,2020-05-08,106229.909981174,151457802.3820426
129,2020-05-09,123479.025739888,140647975.88403305
130,2020-05-10,81281.493674897,104546681.93268847
131,2020-05-11,93897.464299288,137109717.92012095
132,2020-05-12,93861.095678283,132496557.85373995
133,2020-05-13,101465.063295763,138571726.62853694
134,2020-05-14,140168.808536372,152000714.6424159
135,2020-05-15,159466.289969476,120074413.2574905
136,2020-05-16,182523.288857336,75345536.11970532
137,2020-05-17,145343.131577306,91636175.5094131
138,2020-05-18,224962.304987553,137754635.24671713
139,2020-05-19,199962.301189715,159322314.47145656
140,2020-05-20,242312.758589241,141414096.990687
141,2020-05-21,246421.949057601,120546996.00149284
142,2020-05-22,200531.397035414,128900864.8270336
143,2020-05-23,207463.455968526,77245163.17250142
144,2020-05-24,119019.868094821,100855710.5295145
145,2020-05-25,107978.664440958,151988327.6368382
146,2020-05-26,71733.955805359,121872520.08925654
147,2020-05-27,72270.4373026,140542666.66772962
148,2020-05-28,87800.853501989,104323313.43386236
149,2020-05-29,103129.753930888,135771693.0083458
150,2020-05-30,107516.106048651,78034440.31591825
151,2020-05-31,62232.401001112,110273168.86681964
152,2020-06-01,77698.413754619,152559524.0910808
153,2020-06-02,191602.028625116,188539096.31861153
154,2020-06-03,78117.272761647,133847522.26007876
155,2020-06-04,61788.487269497,137253700.5613972
156,2020-06-05,51923.931445737,121781934.34372482
157,2020-06-06,63354.262550507,65498596.47045948
158,2020-06-07,43863.222987131,67581163.64686655
159,2020-06-08,40141.639858073,116800814.59869848
160,2020-06-09,30474.906199725,101538719.9425612
161,2020-06-10,32189.004530905,137360282.3154865
162,2020-06-11,38145.903715098,111408601.38035683
163,2020-06-12,28251.282009584,96924901.93664916
164,2020-06-13,30485.901729146,77298007.1387207
165,2020-06-14,18312.293821941,66240667.4292016
166,2020-06-15,37670.98431595,124600670.00857195
167,2020-06-16,43316.485573358,149860798.7665166
168,2020-06-17,43739.661204944,105451821.68026164
169,2020-06-18,50971.679411225,101164478.13513
170,2020-06-19,43834.553195644,159901418.0212732
171,2020-06-20,50980.961847015,71050180.29865181
172,2020-06-21,29711.277804382,70546323.11713149
173,2020-06-22,34399.393253989,119192138.65236165
174,2020-06-23,39435.708494604,144297174.80412552
175,2020-06-24,40311.70214478,157554068.85516644
176,2020-06-25,40199.106832454,141680552.22090468
177,2020-06-26,33353.034605461,139221697.47994885
178,2020-06-27,39418.373304488,77650656.29189442
179,2020-06-28,25791.554217161,97978604.6869146
180,2020-06-29,33060.714402846,121675511.85489713
181,2020-06-30,43237.196066,133582993.49865714
182,2020-07-01,48493.051234948,107945794.45295382
183,2020-07-02,49062.870790201,113648883.44350027
184,2020-07-03,89145.105260337,108502881.40458368
185,2020-07-04,56009.148401856,86693310.56978777
186,2020-07-05,30419.648326543,84135121.38481604
187,2020-07-06,31709.030139061,129151134.16363464
188,2020-07-07,33060.496430763,106453050.2924457
189,2020-07-08,41761.946584507,117632372.03129058
190,2020-07-09,46714.3654947,102236702.07509148
191,2020-07-10,45845.165364485,104897880.19625118
192,2020-07-11,48031.350505286,74192977.16475841
193,2020-07-12,26525.279104335,92612194.72837272
194,2020-07-13,36159.584975648,145462249.79658994
195,2020-07-14,48668.122003047,94756530.31706516
196,2020-07-15,66501.89537781,95251949.87914263
197,2020-07-16,70602.820000493,105471509.91259892
198,2020-07-17,79563.313650862,104649760.27906476
199,2020-07-18,106371.05338613,79504732.95581675
200,2020-07-19,55353.486201696,89382433.54333934
201,2020-07-20,73446.072403406,108626392.62621176
202,2020-07-21,98368.439942029,102997612.64977624
203,2020-07-22,121419.748968025,97750701.57891025
204,2020-07-23,116537.49281205,111908727.96786208
205,2020-07-24,108986.738408023,105155413.77911082
206,2020-07-25,137190.551692893,97502990.15352257
207,2020-07-26,84506.509598624,92036974.88228185
208,2020-07-27,102274.160008979,138414122.54117075
209,2020-07-28,157775.569285034,132608965.53921494
210,2020-07-29,153780.590643071,119497289.0615614
211,2020-07-30,173377.67296791,115970158.61956742
212,2020-07-31,169207.75734867,104649338.77334948
213,2020-08-01,188839.553076688,103447398.69445424
214,2020-08-02,282853.477220491,98152496.87407196
215,2020-08-03,138070.79819883,122822581.73445334
216,2020-08-04,103220.514069091,108022678.15081304
217,2020-08-05,150467.14778563,119074120.68445729
218,2020-08-06,200582.038128525,120782209.12212896
219,2020-08-07,153445.085800478,110874060.43936092
220,2020-08-08,122949.307663216,99567766.8123604
221,2020-08-09,86945.942545719,94165406.7057128
222,2020-08-10,165684.701781774,115984408.47942507
223,2020-08-11,145781.008888583,107240008.03915069
224,2020-08-12,132235.092648705,101031563.22408636
225,2020-08-13,130692.407760137,99043236.43885043
226,2020-08-14,103114.679774824,142922971.9330029
227,2020-08-15,97935.464421079,161363411.501574
228,2020-08-16,72399.798393477,232519036.2962444
229,2020-08-17,99385.857488628,347464508.34404874
230,2020-08-18,153593.983654587,218180079.8003864
231,2020-08-19,161990.396463325,200671764.5263576
232,2020-08-20,140255.460055433,199488558.6644641
233,2020-08-21,139635.289810295,168104756.59026176
234,2020-08-22,120371.791993556,158337783.27683327
235,2020-08-23,80967.762468421,175246355.29836804
236,2020-08-24,107538.155231764,206342532.45245844
237,2020-08-25,99351.312192745,184072990.24818575
238,2020-08-26,106287.150011539,213054821.3194324
239,2020-08-27,124832.495722091,218470417.54951575
240,2020-08-28,109386.460567886,224616493.46042165
241,2020-08-29,87265.303397211,211462586.58944315
242,2020-08-30,86301.9161788,234726096.67152947
243,2020-08-31,90987.225414067,310829501.5428065
244,2020-09-01,113247.493197655,253079733.84343448
245,2020-09-02,117892.958286315,249527932.3205597
246,2020-09-03,149751.031320952,303776878.2519505
247,2020-09-04,163536.328404329,297986130.9608886
248,2020-09-05,161854.122136629,262346615.95158803
249,2020-09-06,102304.126743917,306794729.11881834
250,2020-09-07,107384.417762862,327152553.67381686
251,2020-09-08,92404.0010816,289478276.96357363
252,2020-09-09,94717.119117007,351336844.0512068
253,2020-09-10,100303.717697309,352821071.2682174
254,2020-09-11,98887.087540868,348933382.41544485
255,2020-09-12,66676.308512718,309222874.41877484
256,2020-09-13,59766.118618208,356284202.75448364
257,2020-09-14,65104.794314846,281432149.2581976
258,2020-09-15,72017.923090749,300626247.2124257
259,2020-09-16,93381.238795348,310605408.42288977
260,2020-09-17,66351.487729869,419034799.5879105
261,2020-09-18,62065.186719449,408608795.82467526
262,2020-09-19,52720.909043432,343476554.5536284
263,2020-09-20,43301.909692787,321233828.6968571
264,2020-09-21,77914.420397984,404282505.56983906
265,2020-09-22,73763.46418662,314808431.49361336
266,2020-09-23,91860.651562826,273060356.82828
267,2020-09-24,83366.370122039,269765917.2355787
268,2020-09-25,74807.949571467,288866550.11670166
269,2020-09-26,52386.553774206,306600128.8132714
270,2020-09-27,48503.297259868,284427106.9598204
271,2020-09-28,58064.862429371,276569937.430244
272,2020-09-29,68988.70671749,268575214.10446614
273,2020-09-30,79631.737043853,241356866.5050596
274,2020-10-01,99341.313304046,225371248.05575404
275,2020-10-02,120148.624545192,300464436.0715379
276,2020-10-03,74922.529884379,255243662.37479764
277,2020-10-04,65552.6422828,248633513.79956013
278,2020-10-05,100404.541175903,246408254.87647527
279,2020-10-06,110445.837842634,242880893.6645797
280,2020-10-07,98680.182641196,209751160.0497099
281,2020-10-08,92098.646659205,221742111.76321897
282,2020-10-09,99474.995439677,291580569.2844151
283,2020-10-10,84927.365972031,226841205.89653647
284,2020-10-11,71930.843728694,296292989.7481577
285,2020-10-12,73833.788150357,251460276.9314856
286,2020-10-13,71441.043044986,240844892.7963069
287,2020-10-14,86987.969779249,269808672.41533625
288,2020-10-15,95229.176574958,272955243.94593227
289,2020-10-16,71144.589853328,253348139.15371972
290,2020-10-17,44499.130436355,313038069.02290094
291,2020-10-18,47017.027232477,322794428.0717151
292,2020-10-19,56779.340145102,395583263.33288074
293,2020-10-20,68823.760114025,458820300.3182961
294,2020-10-21,106796.016350775,434079906.389464
295,2020-10-22,144877.694766021,423780992.2923058
296,2020-10-23,141721.282668984,298476667.55868304
297,2020-10-24,103896.927663797,218208109.39165404
298,2020-10-25,81707.86139955,236428476.33019903
299,2020-10-26,126599.050812969,387397958.9150912
300,2020-10-27,223059.144815758,336005327.7715253
301,2020-10-28,248002.651288406,348329041.2018701
302,2020-10-29,299694.138062483,297303197.7929557
303,2020-10-30,383363.246034889,289986278.08984584
304,2020-10-31,323993.117411294,213714006.35481876
305,2020-11-01,213840.929605753,278523008.4717269
306,2020-11-02,330749.61453859,373553872.8951956
307,2020-11-03,313198.946775054,345867666.3035258
308,2020-11-04,230682.394227363,227759541.17956492
309,2020-11-05,298776.091582416,339521453.0412092
310,2020-11-06,290714.227525784,321008823.2319501
311,2020-11-07,169681.659328865,208505731.53181168
312,2020-11-08,700734.824337307,213375774.11707953
313,2020-11-09,147041.098698111,235320052.51370543
314,2020-11-10,152272.396428371,247566820.76117325
315,2020-11-11,119745.082250807,226364758.80007944
316,2020-11-12,123056.691596719,212092282.56188372
317,2020-11-13,107452.635389694,180081430.70944217
318,2020-11-14,78392.577564634,240592679.90260175
319,2020-11-15,80824.507108893,221854859.10741383
320,2020-11-16,79457.961236092,416237612.60487777
321,2020-11-17,93373.712977524,311110286.2125577
322,2020-11-18,89690.445330343,287962776.3239916
323,2020-11-19,103492.200328367,264211069.31330955
324,2020-11-20,109358.88142961,249153378.1837107
325,2020-11-21,51087.936975733,219418388.96282625
326,2020-11-22,37479.656802002,247455497.47535044
327,2020-11-23,60379.843112128,264130680.9348493
328,2020-11-24,106361.753159859,246361220.64453673
329,2020-11-25,99104.398346767,215906194.4386092
330,2020-11-26,117112.75079276,244709082.8086128
331,2020-11-27,104258.565856646,202088971.72406575
332,2020-11-28,65511.137469059,157540537.08000007
333,2020-11-29,52298.261510834,170748600.02364925
334,2020-11-30,122587.116544978,291773358.8612923
335,2020-12-01,150795.064575665,198740858.64928412
336,2020-12-02,163716.270776439,176321519.0494216
337,2020-12-03,154567.487361676,154510740.69669545
338,2020-12-04,134956.09619013,206045477.8416041
339,2020-12-05,80967.454232044,187715728.73414585
340,2020-12-06,58295.871737735,182365480.10020545
341,2020-12-07,76041.488147737,180886112.45448747
342,2020-12-08,76391.820188174,173219199.35264468
343,2020-12-09,82788.992753138,209031264.5830504
344,2020-12-10,85563.504335305,217754125.85943043
345,2020-12-11,86077.479191712,157244829.63314283
346,2020-12-12,56322.46872408,170691692.1553374
347,2020-12-13,44522.636833449,213054260.3420939
348,2020-12-14,67866.418487625,234708075.55418217
349,2020-12-15,77152.255162178,235247991.3817213
350,2020-12-16,99309.521712983,287391970.5929109
351,2020-12-17,206583.485495864,268006299.05109343
352,2020-12-18,215125.165156092,225768917.27313337
353,2020-12-19,114576.861415913,173383805.1344638
354,2020-12-20,90542.752357476,164962840.1577274
355,2020-12-21,170468.898259004,217649856.40830964
356,2020-12-22,151312.889089759,217023898.8465005
357,2020-12-23,159813.772526339,200443298.10248163
358,2020-12-24,148600.706333546,259873508.3438962
359,2020-12-25,123360.080216592,241119960.9050033
360,2020-12-26,91744.723244153,253030055.4333161
361,2020-12-27,115923.64999238,285986308.9544945
362,2020-12-28,124782.282973582,217692072.6537624
363,2020-12-29,109813.803648039,187798722.18027055
364,2020-12-30,128672.681876027,170673437.4821652
365,2020-12-31,139194.144070031,187866004.0802959
366,2021-01-01,72706.600928187,204993315.2270836
367,2021-01-02,84881.615512574,242130536.93201292
368,2021-01-03,91520.858186653,216718723.1650245
369,2021-01-04,125710.276880539,177546343.5468606
370,2021-01-05,142302.797920732,208125909.3869126
371,2021-01-06,147348.228753092,183983290.39405417
372,2021-01-07,140598.770417802,233921279.0395908
373,2021-01-08,216579.087409403,230073783.20465645
374,2021-01-09,131753.856792341,203318880.6886132
375,2021-01-10,128108.392777665,187535311.55582952
376,2021-01-11,178266.177152265,243478202.44017947
377,2021-01-12,231783.685891647,223072323.56439063
378,2021-01-13,180504.390535655,185860281.8409912
379,2021-01-14,173279.832362151,193632179.17234212
380,2021-01-15,233889.782845223,169196600.65312725
381,2021-01-16,147080.232490913,181368930.36897367
382,2021-01-17,89618.274628539,178014221.0814562
383,2021-01-18,113375.403430731,197657001.66566783
384,2021-01-19,152344.092199292,220500751.0817117
385,2021-01-20,125960.328195933,212941884.0398848
386,2021-01-21,185880.286377158,240551272.62987128
387,2021-01-22,193257.675452505,203521622.38893807
388,2021-01-23,95219.826381721,180437611.2674882
389,2021-01-24,82956.373211233,197918227.73037693
390,2021-01-25,144890.549210527,251218904.7997635
391,2021-01-26,97152.58011365,174268313.87188566
392,2021-01-27,115818.746672838,201223984.7395995
393,2021-01-28,116878.012450224,223501474.5631306
394,2021-01-29,280412.110974884,225100922.83564168
395,2021-01-30,178361.948048901,205897415.61522016
396,2021-01-31,145849.848467991,225154351.52554065
397,2021-02-01,246909.901184402,209994445.4730253
398,2021-02-02,173328.076079725,178555374.1090445
399,2021-02-03,195967.236650211,197392090.27996823
400,2021-02-04,260209.26857585,193103793.3607836
401,2021-02-05,243811.449468919,180218484.86805043
402,2021-02-06,136681.458234992,216067769.82332492
403,2021-02-07,127360.004061868,229397247.97629064
404,2021-02-08,189250.626574174,220763140.70564443
405,2021-02-09,272599.661158705,303166163.79722714
406,2021-02-10,263702.902384221,201139298.63620728
407,2021-02-11,319030.569903801,241026491.53094748
408,2021-02-12,365044.185345368,199242163.76203677
409,2021-02-13,176480.772178382,152242895.03663424
410,2021-02-14,138778.782578179,218108966.17901
411,2021-02-15,199568.266518895,243583972.18186143
412,2021-02-16,204143.544743757,269661114.6223773
413,2021-02-17,242414.420774761,202124297.9777076
414,2021-02-18,276277.212544459,215904282.20421672
415,2021-02-19,316761.451114258,213381265.0269983
416,2021-02-20,190806.882693773,212296501.13891628
417,2021-02-21,146789.704978733,209505272.9803757
418,2021-02-22,279677.241654881,209852205.01754177
419,2021-02-23,385378.673596617,219683188.99424285
420,2021-02-24,306666.198105134,190711015.59577805
421,2021-02-25,267377.165411991,220758318.1886345
422,2021-02-26,386602.44230999,200979657.59946224
423,2021-02-27,141368.920898599,170265373.20949855
424,2021-02-28,119107.187962394,219107150.7663325
425,2021-03-01,245594.832641346,191376210.0120568
426,2021-03-02,204398.013534851,183739926.02712613
427,2021-03-03,212514.767703965,178127621.78323683
428,2021-03-04,238116.364480197,160384210.57760048
429,2021-03-05,256345.633578418,172245819.451168
430,2021-03-06,153321.534951137,172908943.01492184
431,2021-03-07,108537.783275635,259146422.94030625
432,2021-03-08,184837.837455819,215094725.96111393
433,2021-03-09,180192.518438766,197396568.72010452
434,2021-03-10,158630.227773557,162132561.54971507
435,2021-03-11,216134.095754559,175333011.59237066
436,2021-03-12,292822.977599864,134520990.66952443
437,2021-03-13,224980.886257747,128810100.73457313
438,2021-03-14,124737.324250473,140781464.82326928
439,2021-03-15,277750.409674838,132162982.49307436
440,2021-03-16,185918.663745659,139695483.9043108
441,2021-03-17,190262.519316128,143781421.50695443
442,2021-03-18,261777.057421018,116671677.06899208
443,2021-03-19,277497.937645873,115633721.03344236
444,2021-03-20,158443.613821268,121547848.83299886
445,2021-03-21,114627.824515694,144046618.75907785
446,2021-03-22,154209.635592043,132148290.35244793
447,2021-03-23,133590.003558374,177971301.5186465
448,2021-03-24,116403.008745491,166154468.5665852
449,2021-03-25,145874.853779205,160364716.8693883
450,2021-03-26,164004.10929864,146313995.59093782
451,2021-03-27,113105.442692658,133815025.98619412
452,2021-03-28,89456.674556279,115064215.35988292
453,2021-03-29,144149.756402872,165421530.84598136
454,2021-03-30,196757.541028437,143322562.5846758
455,2021-03-31,200480.554668478,121414571.3076528
456,2021-04-01,160151.174822546,133502530.90306492
457,2021-04-02,196317.06271654,136922774.36392337
458,2021-04-03,142846.062030896,149656573.604599
459,2021-04-04,101671.660196868,148088561.47661743
460,2021-04-05,160611.548161485,183330123.8898576
461,2021-04-06,222042.521599807,199023240.18105257
462,2021-04-07,221970.919456141,155985660.6945133
463,2021-04-08,224825.25900608,157659669.15029812
464,2021-04-09,294808.680468731,146752325.30389956
465,2021-04-10,195881.319403187,158169719.88384917
466,2021-04-11,110556.735656465,166411715.07241493
467,2021-04-12,150574.121074207,173806873.93947223
468,2021-04-13,207299.553345663,182546806.3161285
469,2021-04-14,308623.078039277,172970760.04223463
470,2021-04-15,348929.861328978,154307135.84631166
471,2021-04-16,539412.363381173,203386725.15178567
472,2021-04-17,420895.020576385,152777763.9811297
473,2021-04-18,355728.002204269,176827706.49296373
474,2021-04-19,557289.682150143,154206189.58488017
475,2021-04-20,586446.28371665,182821836.78670812
476,2021-04-21,641439.517469209,220271811.7253564
477,2021-04-22,558217.155259607,234644604.05644605
478,2021-04-23,423777.122696193,221680684.12239993
479,2021-04-24,325154.142484837,178042435.55916345
480,2021-04-25,216720.96926109,218762681.41133085
481,2021-04-26,475129.376247419,257935902.7873016
482,2021-04-27,286935.995735434,245107690.69544876
483,2021-04-28,270536.487563775,221974404.1862257
484,2021-04-29,288069.100618567,245606491.3211146
485,2021-04-30,234280.548642976,249293582.29559004
486,2021-05-01,242464.701756845,191136769.27404287
487,2021-05-02,175745.35854598,205267998.1892386
488,2021-05-03,210220.110166991,234370272.08957568
489,2021-05-04,153807.441742152,235488451.10539007
490,2021-05-05,154266.946211181,181571998.46651348
491,2021-05-06,214341.47318359,171673623.84142637
492,2021-05-07,189510.055369065,191484516.54207888
493,2021-05-08,175220.343498254,148529477.12304667
494,2021-05-09,187877.926892966,128863111.28791147
495,2021-05-10,180480.558291082,138944229.8616545
496,2021-05-11,154816.898475462,114034813.77956358
497,2021-05-12,146106.463292612,148790258.93412447
498,2021-05-13,137639.442703785,252085610.4165395
499,2021-05-14,133118.119952504,247617617.52052277
500,2021-05-15,191545.765443797,239974674.6030288
501,2021-05-16,118841.653796652,245323883.7480919
502,2021-05-17,138378.679494916,303768352.1113301
503,2021-05-18,138208.993203691,246718078.5164574
504,2021-05-19,196477.403521277,331589390.8915521
505,2021-05-20,331061.023763592,334876404.47205937
506,2021-05-21,299802.560728241,256506983.7483327
507,2021-05-22,199980.405947179,314990139.2034661
508,2021-05-23,252198.420070178,324583581.34905237
509,2021-05-24,201481.253266652,327440228.9882341
510,2021-05-25,201429.266957828,286552949.05515707
511,2021-05-26,181828.123466922,280159436.80281043
512,2021-05-27,179320.53798796,265412900.47786185
513,2021-05-28,123009.584689198,378117409.7611194
514,2021-05-29,106879.871134843,304145082.88210213
515,2021-05-30,66498.273019378,181925022.15750527
516,2021-05-31,99387.05597858,149472071.82681015
517,2021-06-01,88763.087674136,194530787.31393772
518,2021-06-02,160065.102407015,139495807.31637132
519,2021-06-03,119542.052138472,141688664.96824583
520,2021-06-04,167166.307560891,128584421.99328756
521,2021-06-05,203265.380434767,111884895.3621672
522,2021-06-06,90492.077473843,295054021.94072306
523,2021-06-07,80726.45322119,280664863.8906968
524,2021-06-08,177158.257269813,303187136.5999216
525,2021-06-09,148799.930701856,179336248.32233065
526,2021-06-10,195603.184389765,166622850.36821783
527,2021-06-11,154279.635012051,191951151.8452097
528,2021-06-12,149170.734129923,138270223.3617716
529,2021-06-13,103364.749223857,194170481.0505576
530,2021-06-14,83230.003746324,191042261.6296188
531,2021-06-15,253652.286925632,165947079.3388011
532,2021-06-16,130525.609942958,196380289.83906272
533,2021-06-17,113252.112693813,203039137.35691935
534,2021-06-18,104492.656165854,213564967.06847256
535,2021-06-19,101824.674462263,173067854.0019831
536,2021-06-20,88569.09290979,229031001.45386416
537,2021-06-21,173479.576363107,254805201.7107125
538,2021-06-22,188066.496134298,281910474.38785243
539,2021-06-23,192129.483627187,243625645.3337076
540,2021-06-24,126066.162141725,249527272.319318
541,2021-06-25,226763.513254909,334197629.9239083
542,2021-06-26,136034.030116293,287049135.60947126
543,2021-06-27,559010.509336123,282189432.6949197
544,2021-06-28,224892.391696418,229410529.16029665
545,2021-06-29,215985.649331582,195091869.61938488
546,2021-06-30,295383.412393832,173424801.60370114
547,2021-07-01,274124.793195566,215797820.40945393
548,2021-07-02,264968.207821219,260488246.88429168
549,2021-07-03,164542.913898219,176225789.68380365
550,2021-07-04,206970.260786388,274757005.69685405
551,2021-07-05,92969.3568096,206070264.0160092
552,2021-07-06,125176.517567562,181996697.1426568
553,2021-07-07,104157.967509934,184453090.16239187
554,2021-07-08,66989.06125126,437428653.7564856
555,2021-07-09,69182.945216697,466749061.6305864
556,2021-07-10,71189.311706579,296851615.77023387
557,2021-07-11,57343.21977414,338252286.3187595
558,2021-07-12,153252.744740424,237011891.3577473
559,2021-07-13,71658.067575211,216409681.77282447
560,2021-07-14,91450.590778177,206013658.4446418
561,2021-07-15,49072.248069624,254242397.346658
562,2021-07-16,44523.000133598,257244718.09123904
563,2021-07-17,65396.789954632,315075548.6385875
564,2021-07-18,54306.345692042,222217333.1139852
565,2021-07-19,29363.955943472,256663990.9002504
566,2021-07-20,52027.520214221,250445860.12629005
567,2021-07-21,29095.316481183,253619797.84325296
568,2021-07-22,44964.663939628,246774063.4219177
569,2021-07-23,116598.299356225,234646242.24726224
570,2021-07-24,21315.819347718,236546896.26008943
571,2021-07-25,21211.924142893,264682476.2915864
572,2021-07-26,164911.606336308,284236579.4842161
573,2021-07-27,39446.793671757,969280071.8665748
574,2021-07-28,23753.048923939,519404597.5051152
575,2021-07-29,48426.82293406,315634807.6620337
576,2021-07-30,27500.760174251,220185181.4123889
577,2021-07-31,26173.557540298,303665175.5264287
578,2021-08-01,26173.834626577,556062099.9349501
579,2021-08-02,21234.357840211,368865751.58493936
580,2021-08-03,22151.08519855,328410401.280391
581,2021-08-04,23804.408672101,317732667.99873745
582,2021-08-05,25029.261161024,233943886.1812825
583,2021-08-06,22361.979494807,247185518.21985176
584,2021-08-07,21255.266607318,281567221.7952485
585,2021-08-08,22427.061213868,291152149.1787287
586,2021-08-09,21030.883850221,250334776.04006615
587,2021-08-10,22519.146075525,230265878.11806756
588,2021-08-11,20961.205655681,282492792.1098524
589,2021-08-12,22277.366421117,245744079.02459696
590,2021-08-13,34863.471307999,203777229.58110216
591,2021-08-14,26233.204168959,263317701.48873433
592,2021-08-15,22354.317780787,297707484.7925337
593,2021-08-16,22360.609305322,295346392.3265928
594,2021-08-17,21496.048382846,307011474.24006695
595,2021-08-18,21997.776492868,357563941.82141906
596,2021-08-19,20900.22311514,331995807.91722023
597,2021-08-20,26043.613535759,268160472.33966088
598,2021-08-21,24964.134297926,345024723.1169136
599,2021-08-22,24360.145634644,305689102.85818595
600,2021-08-23,22506.325620946,387707233.34772867
601,2021-08-24,24027.218817813,1006832335.667905
602,2021-08-25,22760.477998318,520773485.1888799
603,2021-08-26,22357.486728485,585544415.6775553
604,2021-08-27,22110.727281951,491061450.98383105
605,2021-08-28,24438.998453843,504525042.4353715
606,2021-08-29,19546.766698425,601565610.2417641
607,2021-08-30,20208.07553828,524952165.2415144
608,2021-08-31,23426.423824075,456473696.4758261
609,2021-09-01,26325.066695404,476175659.62625057
610,2021-09-02,29016.674002523,464374818.21892285
611,2021-09-03,26630.023739263,342690322.2833344
612,2021-09-04,30137.1501289,380006633.7950697
613,2021-09-05,24049.521558352,337511103.0145721
614,2021-09-06,24608.02750748,443870570.29451126
615,2021-09-07,25829.865502645,449378737.7050496
616,2021-09-08,25628.595983899,395240345.4482939
617,2021-09-09,27372.111632453,436434192.52011025
618,2021-09-10,25576.585100752,1221150947.081982
619,2021-09-11,36698.239418582,788734110.3961407
620,2021-09-12,23485.559063387,715940839.7604605
621,2021-09-13,24698.060382882,1298093128.5310333
622,2021-09-14,25767.843241603,1371071227.0745835
623,2021-09-15,26384.105771576,477161180.8879262
624,2021-09-16,28850.639986899,507908670.01150566
625,2021-09-17,23609.900258515,415544526.9044186
626,2021-09-18,19938.195080651,417121530.1684708
627,2021-09-19,19151.628065793,389397678.2248072
628,2021-09-20,21130.059541348,674642991.5964037
629,2021-09-21,22992.811974517,1475317439.937551
630,2021-09-22,21598.36146452,604354232.7709632
631,2021-09-23,25716.547014379,522710011.46210814
632,2021-09-24,23912.029817471,483826598.92855775
633,2021-09-25,19028.089587892,757710906.4943843
634,2021-09-26,21831.501808983,479409372.95510983
635,2021-09-27,19177.615795873,544230453.607632
636,2021-09-28,19460.675433886,446529774.0284156
637,2021-09-29,21273.460660682,531378534.93522173
638,2021-09-30,26561.396187396,477372803.7166999
639,2021-10-01,27931.590951196,499744981.42249954
640,2021-10-02,19163.62594798,396261434.09619766
641,2021-10-03,23079.426588754,510923965.6433196
642,2021-10-04,21045.548394004,452219021.534319
643,2021-10-05,22608.561771681,520220585.7621069
644,2021-10-06,31362.524064414,590020301.2550333
645,2021-10-07,42856.675159693,456042383.0244276
646,2021-10-08,33754.685779517,458020405.9286539
647,2021-10-09,28229.79918752,405889962.74210185
648,2021-10-10,25954.66353971,413538385.1689117
649,2021-10-11,33428.739876669,512980216.51876813
650,2021-10-12,33157.213006862,398212656.5430113
651,2021-10-13,26915.942453076,372336341.24238056
652,2021-10-14,28743.048602446,310940703.08001
653,2021-10-15,34253.984039569,404389081.62507486
654,2021-10-16,36292.38608705,344686769.0343826
655,2021-10-17,30758.799575728,457276813.8697416
656,2021-10-18,31290.925573305,459870545.5227536
657,2021-10-19,28217.153863413,1172143352.735217
658,2021-10-20,32996.367463361,546380483.475833
659,2021-10-21,37438.921100225,449603965.2315871
660,2021-10-22,29361.62007485,394615787.8682355
661,2021-10-23,28785.544948197,354162447.98149496
662,2021-10-24,26547.179127521,396729759.4626217
663,2021-10-25,25538.997338645,363830142.85356605
664,2021-10-26,25061.634612276,386317484.0766915
665,2021-10-27,23279.464488564,321338908.7792457
666,2021-10-28,22041.35826325,311307004.457723
667,2021-10-29,23573.820175947,321216987.97826964
668,2021-10-30,23144.909564958,377047068.98087406
669,2021-10-31,22312.123564112,368818241.00741136
670,2021-11-01,22918.135656023,350956391.42044663
671,2021-11-02,26719.219359167,380966678.48045754
672,2021-11-03,24468.144971914,374271348.0347433
673,2021-11-04,28329.551052161,457344177.381676
674,2021-11-05,29567.787868172,474413517.51099133
675,2021-11-06,24778.906594222,551795135.0285157
676,2021-11-07,23655.274844607,467415937.50891936
677,2021-11-08,27851.659115168,660662658.6641498
678,2021-11-09,34842.65744222,493609419.6790013
679,2021-11-10,32975.472561171,491743183.5018947
680,2021-11-11,26277.423849485,421355145.0441215
681,2021-11-12,25463.153238205,456635449.89595807
682,2021-11-13,26205.449078706,415850502.14300054
683,2021-11-14,21733.541680544,415588310.5258397
684,2021-11-15,22138.912547404,490904380.31633615
685,2021-11-16,23428.667465451,1291096807.1908543
686,2021-11-17,23494.968951593,688484537.7472605
687,2021-11-18,21077.378800448,596666121.1671292
688,2021-11-19,22517.370304083,506561932.5109668
689,2021-11-20,23472.017587372,430963364.3080924
690,2021-11-21,27118.111743843,484068003.58708555
691,2021-11-22,24911.332449205,504014735.71731585
692,2021-11-23,45674.379622475,493572121.6877364
693,2021-11-24,27987.040818322,525855752.3739475
694,2021-11-25,39231.240849648,565277341.0319563
695,2021-11-26,31089.261350004,534253320.09516686
696,2021-11-27,19245.48447605,367891601.52351254
697,2021-11-28,18397.723111103,455873837.32853216
698,2021-11-29,14107.52163545,451948582.4549422
699,2021-11-30,26031.274395074,456821920.4994239
700,2021-12-01,33662.529636969,410662236.7966049
701,2021-12-02,31128.281638169,386337370.5770188
702,2021-12-03,33728.452309618,370926318.3226306
703,2021-12-04,26479.997556365,495590304.1233424
704,2021-12-05,46099.807123243,394362703.84277457
705,2021-12-06,19162.756100677,610573496.2457662
706,2021-12-07,80418.650232429,564222913.5903763
707,2021-12-08,18337.192399869,514770539.4607083
708,2021-12-09,21222.21542612,346130028.94269544
709,2021-12-10,69838.739622952,325633843.04953134
710,2021-12-11,20316.061099351,336486108.82792085
711,2021-12-12,15262.970939885,314357658.07723016
712,2021-12-13,19696.609037026,349007903.156404
713,2021-12-14,17840.170099125,1022844033.0260732
714,2021-12-15,19600.169288664,438451490.4781112
715,2021-12-16,20778.060111275,409316513.53904974
716,2021-12-17,24991.323253839,360381043.06452006
717,2021-12-18,20409.966276026,356987814.8633376
718,2021-12-19,18151.842024814,339957649.6765141
719,2021-12-20,20499.17775927,347810904.45027745
720,2021-12-21,18558.493645704,282389770.5553233
721,2021-12-22,17179.189311122,346979546.3535275
722,2021-12-23,17121.021168907,337347478.51214546
723,2021-12-24,21477.863921159,329942989.0004823
724,2021-12-25,20524.859968513,330644262.67607033
725,2021-12-26,21165.750257648,345361919.8644584
726,2021-12-27,25271.144468583,365435202.18900794
727,2021-12-28,30225.654342457,360997037.8440392
728,2021-12-29,28712.393477911,374631368.4919457
729,2021-12-30,38192.281625344,366454650.1875128
730,2021-12-31,32852.085144265,355071919.9403763
731,2022-01-01,29913.810068881,354727003.9114072
732,2022-01-02,27956.723500715,332278704.43857515
733,2022-01-03,24463.403172108,427370358.3310237
734,2022-01-04,20740.09248369,367877892.58865696
735,2022-01-05,24111.204174203,456997130.04193014
736,2022-01-06,27943.839054776,427397313.0156776
737,2022-01-07,26085.50350273,422803424.68617874
738,2022-01-08,21212.340279616,371271144.7326912
739,2022-01-09,21432.13064888,362847624.9936706
740,2022-01-10,18733.452510828,400978441.926273
741,2022-01-11,20217.457670736,825958822.7115105
742,2022-01-12,17896.496657861,535135609.2555888
743,2022-01-13,21415.502254587,477186715.31853
744,2022-01-14,18639.337718727,434722945.41787106
745,2022-01-15,17072.826856753,494528230.02860934
746,2022-01-16,17139.217844546,511590907.4229736
747,2022-01-17,17299.834499751,450029090.4403275
748,2022-01-18,16965.764035131,509622230.13949674
749,2022-01-19,15233.235830218,431527612.3582701
750,2022-01-20,18127.828018716,392890326.6480402
751,2022-01-21,26333.875521905,550264969.4361448
752,2022-01-22,23008.542725016,748691007.8191015
753,2022-01-23,24589.381917752,799902116.4417475
754,2022-01-24,21157.108159938,772359159.087569
755,2022-01-25,21799.946823416,669136663.1321572
756,2022-01-26,25507.862867566,493969660.4095436
757,2022-01-27,27842.202194115,474796244.7444725
758,2022-01-28,26915.936975468,479298809.3393317
759,2022-01-29,27586.358402566,503559722.66350967
760,2022-01-30,29272.574930422,529584758.6729893
761,2022-01-31,25877.850912359,457620256.4646487
762,2022-02-01,25358.379235201,436077757.6257801
763,2022-02-02,23565.168021041,376621244.4895012
764,2022-02-03,21104.567543189,410438952.98049945
765,2022-02-04,28893.759099458,524295930.8258255
766,2022-02-05,35236.053757989,405900082.2431514
767,2022-02-06,33477.347494388,413974192.2713082
768,2022-02-07,29405.98036495,554480537.4149902
769,2022-02-08,28512.117723745,1343808279.0583832
770,2022-02-09,30412.624667377,634733361.3481396
771,2022-02-10,37926.902396151,615600449.4386429
772,2022-02-11,35765.416201676,458558897.2841109
773,2022-02-12,42884.089597672,388306767.5575964
774,2022-02-13,28798.14638889,443752119.49552274
775,2022-02-14,25813.611772501,485610733.9274056
776,2022-02-15,30777.43491204,391013516.7051295
777,2022-02-16,20151.315008836,449640990.3298984
778,2022-02-17,18771.463032273,428850651.72110415
779,2022-02-18,22053.205208507,446647931.3872306
780,2022-02-19,20904.98356278,432526492.2429257
781,2022-02-20,19019.963696821,486035355.8143896
782,2022-02-21,22412.138847486,637540252.6849416
783,2022-02-22,17322.692456248,565322692.5667274
784,2022-02-23,16936.465146333,443983166.1024966
785,2022-02-24,22260.058283676,495017023.3246485
786,2022-02-25,18898.66218447,483204348.62603253
787,2022-02-26,18229.930319778,414883996.6489124
788,2022-02-27,19212.481059964,386753334.09028447
789,2022-02-28,16887.051771251,480865779.200306
790,2022-03-01,30346.601456135,535274068.0265996
791,2022-03-02,63145.275356981,386393670.19651943
792,2022-03-03,37930.766690492,431842576.3213644
793,2022-03-04,32852.992446467,400996143.8263003
794,2022-03-05,35213.669479471,327361934.8862134
795,2022-03-06,34910.683411635,386880753.8504121
796,2022-03-07,21068.963206553,424872516.5356156
797,2022-03-08,19444.188020929,1045139827.5933667
798,2022-03-09,25576.14374192,839671140.9075309
799,2022-03-10,26649.387131946,552215661.9619945
800,2022-03-11,27939.881113502,478859242.8298168
801,2022-03-12,24099.611013466,444197106.0112232
802,2022-03-13,25958.050477871,482746411.35255665
803,2022-03-14,21616.726774425,515865275.12872416
804,2022-03-15,24631.731762132,420432267.90448266
805,2022-03-16,21780.684349016,451852260.6894092
806,2022-03-17,24637.198401796,426791096.25934345
807,2022-03-18,24658.46589042,372329872.4767391
808,2022-03-19,22615.072216448,437829358.67235583
809,2022-03-20,22283.639679814,343312175.1373573
810,2022-03-21,20256.303708079,526466450.3005936
811,2022-03-22,25734.000020695,415652736.0600631
812,2022-03-23,24385.403029805,385721248.9644521
813,2022-03-24,26126.114628975,406836362.02624154
814,2022-03-25,26034.077605175,435868275.5414415
815,2022-03-26,25616.901150875,423526578.5028711
816,2022-03-27,27920.785954617,433543320.1850616
817,2022-03-28,21548.260029296,510803323.943676
818,2022-03-29,22020.428841648,485138999.8566149
819,2022-03-30,22575.888290494,422585465.14554656
820,2022-03-31,38866.319257558,427226498.4688786
821,2022-04-01,42886.458138659,356171271.0528915
822,2022-04-02,38856.274965478,466765733.85213095
823,2022-04-03,35965.345085079,381605294.17726815
824,2022-04-04,28769.462528259,388659035.5017339
825,2022-04-05,27649.04527159,859852170.0635651
826,2022-04-06,24474.529717151,723803809.86459
827,2022-04-07,22687.47295654,629179765.0090489
828,2022-04-08,32225.567319943,550880620.6218951
829,2022-04-09,27230.743282761,425065935.1527669
830,2022-04-10,27626.437457558,478461766.32456493
831,2022-04-11,21208.236134572,632320785.4106433
832,2022-04-12,23120.378450661,560794694.0689065
833,2022-04-13,29795.549725704,579911918.2252525
834,2022-04-14,25039.283383777,626074239.6298271
835,2022-04-15,23006.223523381,473776234.16422814
836,2022-04-16,21794.61398606,405877987.6933372
837,2022-04-17,20090.972059033,461210634.8949366
838,2022-04-18,20182.051586122,667373403.6952215
839,2022-04-19,20654.152186334,550597959.5855943
840,2022-04-20,18776.919911682,458553475.04277223
841,2022-04-21,22478.819299193,587093660.378522
842,2022-04-22,24844.813823738,626867833.4645138
843,2022-04-23,25755.916656245,582110670.1379986
844,2022-04-24,25861.84400715,695284616.6133537
845,2022-04-25,25842.170967738,910252009.1031107
846,2022-04-26,28210.185119438,845679140.2382101
847,2022-04-27,23859.117398061,738231914.9560088
848,2022-04-28,24932.351587899,766607022.3931347
849,2022-04-29,27733.865415435,562100410.6002575
850,2022-04-30,27585.848271709,421404830.78815144
851,2022-05-01,29211.116526489,499755335.7348633
852,2022-05-02,24638.972846509,719640537.5627387
853,2022-05-03,24674.096409533,975276198.3512808
854,2022-05-04,27933.866517982,788298871.2282622
855,2022-05-05,33971.024559535,988491577.3607411
856,2022-05-06,32330.77962394,886438164.1946878
857,2022-05-07,33796.145117768,540532187.1367584
858,2022-05-08,40809.805345371,645485413.7505655
859,2022-05-09,33863.255548229,864600078.613935
860,2022-05-10,36983.501676106,911436203.4201832
861,2022-05-11,37774.680941641,815364564.2953347
862,2022-05-12,55194.471756446,1060150006.9513688
863,2022-05-13,125561.483062887,708945934.9805063
864,2022-05-14,76888.330922313,485930689.5362984
865,2022-05-15,60480.449395154,358532665.5169993
866,2022-05-16,49407.724326952,527071897.6145367
867,2022-05-17,50502.411870405,451607903.3759216
868,2022-05-18,41715.021232851,348056767.4946099
869,2022-05-19,48262.524531999,320392877.9661592
870,2022-05-20,38121.985663465,276522135.94760317
871,2022-05-21,47549.693384949,199942251.29053688
872,2022-05-22,45422.681949915,172444827.83561072
873,2022-05-23,37026.580583791,254676343.24085015
874,2022-05-24,51731.374955717,331584944.220113
875,2022-05-25,48542.893212324,209710147.56868917
876,2022-05-26,41278.32470098,273097349.73942107
877,2022-05-27,48869.888504939,309523831.57467264
878,2022-05-28,38923.215517683,206914054.35790893
879,2022-05-29,39809.189201059,219362361.81283057
880,2022-05-30,34570.126514223,264175783.22506672
881,2022-05-31,40456.495285904,507327142.9641494
882,2022-06-01,50688.034239773,400026216.9010616
883,2022-06-02,59240.55446411,262284620.86832207
884,2022-06-03,43275.699996843,227559621.4265361
885,2022-06-04,58707.194076461,178248954.00322816
886,2022-06-05,69210.420371583,220343686.82143947
887,2022-06-06,38375.603919033,264548698.8573749
888,2022-06-07,30601.861666599,296424577.36234736
889,2022-06-08,36427.252188782,223132647.65089348
890,2022-06-09,33378.018210963,190682126.57855776
891,2022-06-10,31746.923336295,275865893.3636026
892,2022-06-11,30763.732978696,287424281.79799676
893,2022-06-12,43857.087778793,325110881.2253167
894,2022-06-13,75404.951405768,878795955.8341584
895,2022-06-14,79663.799803568,1480177035.9035375
896,2022-06-15,52602.085747727,1846580126.664244
897,2022-06-16,87035.785136906,1574839709.0417643
898,2022-06-17,66144.560940222,1364753443.947775
899,2022-06-18,66489.465078749,1242188868.8080041
900,2022-06-19,63929.922298738,714426066.3004748
901,2022-06-20,43009.911371722,571920302.3195492
902,2022-06-21,39524.445801237,501647636.3552652
903,2022-06-22,45623.114150713,390073497.5084401
904,2022-06-23,37186.920138206,353849964.70321935
905,2022-06-24,40141.955683332,429888997.0581417
906,2022-06-25,40517.111305359,244318463.7512473
907,2022-06-26,42748.745242945,202579045.0737676
908,2022-06-27,33056.637828661,370700241.9355489
909,2022-06-28,38999.069759369,494026284.2621301
910,2022-06-29,29753.168422035,539695707.8350633
911,2022-06-30,43845.858258778,515616792.68133545
912,2022-07-01,49663.604624164,534620006.755868
913,2022-07-02,38291.692232216,408247738.81326085
914,2022-07-03,40561.017251029,467019995.2836674
915,2022-07-04,35989.027786534,462359098.20272046
916,2022-07-05,62227.474107752,459525959.9123308
917,2022-07-06,89888.422054533,375093293.082001
918,2022-07-07,54242.84220524,289831351.40334654
919,2022-07-08,67992.438476297,415855611.41389805
920,2022-07-09,59579.9284046,318395811.71161
921,2022-07-10,58858.808989773,265199671.1863109
922,2022-07-11,46542.062098479,607133211.4009838
923,2022-07-12,46715.959452404,534463269.3532852
924,2022-07-13,107014.028444051,694825986.6172467
925,2022-07-14,82002.819640254,351780898.8365994
926,2022-07-15,59441.684970789,410704295.98438114
927,2022-07-16,56400.931111292,358428389.5025033
928,2022-07-17,75926.644548065,253042960.901615
929,2022-07-18,71273.590346859,417324200.2484829
930,2022-07-19,62632.024384744,373226627.7862268
931,2022-07-20,79130.894917767,308733004.1649854
932,2022-07-21,94287.691447974,413684991.9677538
933,2022-07-22,60562.089427641,374393730.38040835
934,2022-07-23,43325.850499755,351249299.2039181
935,2022-07-24,51107.25985114,246818745.54900524
936,2022-07-25,33584.146257156,458919182.1751743
937,2022-07-26,41669.312108333,604529098.4858823
938,2022-07-27,32494.542422675,445816478.62410426
939,2022-07-28,39575.10310397,347980340.477928
940,2022-07-29,42988.061842691,366399059.4654947
941,2022-07-30,37792.236108181,229427455.94088593
942,2022-07-31,55603.170875306,216242760.67099327
943,2022-08-01,42610.742288662,417683735.6469949
944,2022-08-02,35786.471223881,444428926.3613105
945,2022-08-03,47472.624962814,475360346.6399586
946,2022-08-04,54704.52750078,404024595.1736748
947,2022-08-05,51488.744527093,488442835.07702047
948,2022-08-06,32980.022518128,294673827.20394623
949,2022-08-07,70114.749287057,183479914.0303929
950,2022-08-08,48329.507580157,657336031.2105819
951,2022-08-09,59839.322061659,477163172.10875726
952,2022-08-10,59895.46543674,543395589.5191132
953,2022-08-11,62593.703865661,401111944.9522472
954,2022-08-12,46593.129506749,274529913.4840674
955,2022-08-13,33079.272121057,220046018.8639787
956,2022-08-14,28020.864367667,173168375.7249858
957,2022-08-15,31597.647347841,429053918.62014925
958,2022-08-16,30469.973950786,373919801.60116065
959,2022-08-17,41047.485018324,416707061.74693704
960,2022-08-18,35220.33653821,269078121.6216086
961,2022-08-19,50417.056519637,465123463.73532176
962,2022-08-20,35064.53713311,546504986.8234236
963,2022-08-21,32861.29589604,317903408.05684686
964,2022-08-22,32056.903237881,632943329.2379675
965,2022-08-23,32645.43636962,621906573.2176071
966,2022-08-24,28773.044616384,426442789.2829314
967,2022-08-25,46029.343007054,379228522.1603055
968,2022-08-26,29898.646464949,321818295.33773786
969,2022-08-27,30351.933515554,382897643.5408495
970,2022-08-28,31947.239700178,255949354.9239024
971,2022-08-29,32755.962489358,447183023.47313255
972,2022-08-30,31050.778308948,402458860.92634094
973,2022-08-31,51337.948232798,500028721.04994017
974,2022-09-01,37996.088590782,470867804.03951293
975,2022-09-02,71893.320416379,414022486.3992632
976,2022-09-03,41199.098474909,234765103.11856657
977,2022-09-04,47144.694639817,360224728.0148215
978,2022-09-05,41839.107998129,537949177.3305497
979,2022-09-06,33106.127944232,750087648.3282557
980,2022-09-07,43333.185616604,660821639.960906
981,2022-09-08,54737.50123816,555786256.7206172
982,2022-09-09,52605.805092872,413539654.20726293
983,2022-09-10,39662.69123741,278798997.0631954
984,2022-09-11,47387.796154953,168219045.43347877
985,2022-09-12,27857.713095729,282495635.159622
986,2022-09-13,48536.482327156,334178301.04349566
987,2022-09-14,52327.075659085,510997964.6007101
988,2022-09-15,25918.455773967,444284747.23943466
989,2022-09-16,73062.953982148,337442623.57569057
990,2022-09-17,33676.743564671,220985148.33223048
991,2022-09-18,38688.853154025,271197927.48043805
992,2022-09-19,21167.58082756,596054805.9585396
993,2022-09-20,27498.672488925,526149402.3050075
994,2022-09-21,21462.830067023,561202180.1059954
995,2022-09-22,23509.186251984,431014161.6614952
996,2022-09-23,23566.208659805,312722406.4902526
997,2022-09-24,23762.10243327,203324051.87611023
998,2022-09-25,56022.586517043,241182018.1395584
999,2022-09-26,20487.184829891,377845610.3361733
1000,2022-09-27,28050.671020349,328947404.8488976
1001,2022-09-28,18904.399112181,394719528.22287774
1002,2022-09-29,26615.982336032,321593201.32152337
1003,2022-09-30,35013.122468244,269567214.2403439
1004,2022-10-01,19350.044359138,175883218.0333109
1005,2022-10-02,28468.48244245,160309447.50653338
1006,2022-10-03,16073.351843843,281568209.25962377
1007,2022-10-04,14063.196603766,285578771.84604454
1008,2022-10-05,15544.229149174,252940156.48226956
1009,2022-10-06,14614.94216961,192288207.1463934
1010,2022-10-07,14578.310838528,198696300.30944288
1011,2022-10-08,14540.524612865,181716978.56352085
1012,2022-10-09,17257.698868189,207929650.56810725
1013,2022-10-10,12050.348315357,286358810.0184257
1014,2022-10-11,13459.404238775,319623614.9289172
1015,2022-10-12,16306.429425665,282688182.7473562
1016,2022-10-13,22598.351305838,302442829.2550037
1017,2022-10-14,20136.434351547,214241981.84045127
1018,2022-10-15,14802.11546021,111369092.4694285
1019,2022-10-16,32333.761665375,113794882.8140504
1020,2022-10-17,17965.813804352,190936676.7461674
1021,2022-10-18,26529.71336088,281338229.25664806
1022,2022-10-19,20307.917829329,289786336.02080804
1023,2022-10-20,19178.10585958,212571388.93902847
1024,2022-10-21,18730.314500214,209942326.3966508
1025,2022-10-22,14959.322505352,161376711.96767983
1026,2022-10-23,31934.616995344,170639345.0471881
1027,2022-10-24,18353.176151712,226716616.973462
1028,2022-10-25,30560.837688055,243207578.8806802
1029,2022-10-26,25124.476830002,283303029.12314314
1030,2022-10-27,31594.712359356,310493578.71987987
1031,2022-10-28,28022.474332817,201479016.39402175
1032,2022-10-29,43928.012455747,211908439.0278378
1033,2022-10-30,69558.034012559,170983520.49975637
1034,2022-10-31,20307.634835869,240060208.5272192
1035,2022-11-01,21515.632028754,242076457.7834967
1036,2022-11-02,28028.271915939,300156215.0519956
1037,2022-11-03,25252.096476058,361193742.96413136
1038,2022-11-04,31503.126587048,402819330.19884175
1039,2022-11-05,22638.690616461,225948455.5674282
1040,2022-11-06,58667.578533972,517386442.16344225
1041,2022-11-07,22773.999222741,470772589.66599697
1042,2022-11-08,29155.227800626,225982241.42473352
1043,2022-11-09,32321.633493488,377046368.83566856
1044,2022-11-10,35073.266875913,387750765.3913193
1045,2022-11-11,31204.882227476,415963194.6251679
1046,2022-11-12,35254.114766645,286415925.63624525
1047,2022-11-13,71440.127893514,394289415.9592973
1048,2022-11-14,48941.512032255,374128834.5769016
1049,2022-11-15,60019.610309021,296151932.78608227
1050,2022-11-16,53607.195361474,251741730.6600445
1051,2022-11-17,60046.923676664,192172779.91241488
1052,2022-11-18,68978.906539836,194146068.36981672
1053,2022-11-19,47782.725283574,138123707.1970528
1054,2022-11-20,32200.568325062,213795851.27251503
1055,2022-11-21,36700.531525665,203975911.33132577
1056,2022-11-22,44237.594031666,188480886.32132423
1057,2022-11-23,50312.21377238,140080783.81354186
1058,2022-11-24,42880.106535937,111403112.58987422
1059,2022-11-25,40457.496381169,180527189.8950176
1060,2022-11-26,42378.580704142,103226754.71599148
1061,2022-11-27,26417.276330563,95286012.45062208
1062,2022-11-28,30691.763888156,121186008.56302696
1063,2022-11-29,34435.817286766,110220178.23479152
1064,2022-11-30,36876.290220149,100874911.64065744
1065,2022-12-01,49041.767154877,96973319.85730495
1066,2022-12-02,47696.10559316,90318193.61814265
1067,2022-12-03,35283.4829114,81227386.77898215
1068,2022-12-04,28218.208209054,76998179.70358704
1069,2022-12-05,25732.729950089,108668262.32159942
1070,2022-12-06,37016.572163222,97517929.60931006
1071,2022-12-07,22798.29824584,104947950.12818632
1072,2022-12-08,19036.553898526,111239127.40127784
1073,2022-12-09,18165.924632154,100464973.55101287
1074,2022-12-10,17996.188550965,84036760.55518585
1075,2022-12-11,14459.398558124,85946643.98074177
1076,2022-12-12,16191.738150714,104746906.73368952
1077,2022-12-13,16477.606512047,136733630.96487924
1078,2022-12-14,18878.865499569,156427122.27034593
1079,2022-12-15,23547.885261699,114279258.99597447
1080,2022-12-16,27160.390790706,127179041.18404202
1081,2022-12-17,27420.404140385,89909177.59015203
1082,2022-12-18,20220.602443076,98875312.52916758
1083,2022-12-19,23450.692589207,129201461.36450008
1084,2022-12-20,26007.043987577,116672844.64576004
1085,2022-12-21,21612.264329463,100543938.87301944
1086,2022-12-22,22893.948295798,94058792.22469226
1087,2022-12-23,23991.906843772,97844713.7025162
1088,2022-12-24,34574.050359095,82489970.79469004
1089,2022-12-25,24956.972247618,85388579.23798865
1090,2022-12-26,25763.098129593,93759311.01401384
1091,2022-12-27,36054.039332735,96707890.65593448
1092,2022-12-28,28198.062098514,101393611.6646822
1093,2022-12-29,25813.133274483,99125950.82899544
1094,2022-12-30,24674.708019576,92187358.59093176
1095,2022-12-31,18852.151653337,76676789.2331566
1096,2023-01-01,16049.845633081,84748657.38485235
1097,2023-01-02,14221.924632437,92699333.49754599
1098,2023-01-03,19271.326093559,98858203.12604214
1099,2023-01-04,20095.460982238,102171378.7814818
1100,2023-01-05,19333.047003488,98879381.90537533
1101,2023-01-06,16551.465429777,110933128.20756157
1102,2023-01-07,14058.075193538,94491412.97906557
1103,2023-01-08,13347.399113898,97599334.5272964
1104,2023-01-09,13387.359050611,122697238.1816587
1105,2023-01-10,14760.730871075,108353135.72925188
1106,2023-01-11,16717.535751247,100057144.8538612
1107,2023-01-12,21833.904574729,115570751.43593612
1108,2023-01-13,19212.140431856,111001389.15376712
1109,2023-01-14,16556.82577876,97662131.62969674
1110,2023-01-15,13165.551823683,96456663.35006417
1111,2023-01-16,14608.554005369,94916602.3042619
1112,2023-01-17,17249.996923716,113545607.54597272
1113,2023-01-18,21838.733094836,101283753.61193042
1114,2023-01-19,22364.630417149,90914295.053138
1115,2023-01-20,30550.676142029,89531732.12310211
1116,2023-01-21,25182.214264184,95065418.60483684
1117,2023-01-22,25560.553934667,83116680.1924605
1118,2023-01-23,18402.61834932,99940549.56259464
1119,2023-01-24,26403.133263852,88310231.67326115
1120,2023-01-25,19632.335549564,94148853.82687183
1121,2023-01-26,17533.312136651,89185420.73555617
1122,2023-01-27,21919.553004319,85592911.47194724
1123,2023-01-28,18768.230578773,61950982.24476643
1124,2023-01-29,16745.748548551,71977252.04778637
1125,2023-01-30,16489.023983483,106795280.64569396
1126,2023-01-31,26898.020158255,98958072.83098792
1127,2023-02-01,27077.167865769,93325258.28679998
1128,2023-02-02,27539.033775271,78576798.3531006
1129,2023-02-03,37050.1242273,83979244.68041807
1130,2023-02-04,26831.855575174,56204017.95693674
1131,2023-02-05,27670.725093387,70680633.03256945
1132,2023-02-06,20540.199402976,78420616.66787535
1133,2023-02-07,28677.350011109,70796650.72606899
1134,2023-02-08,26765.261756753,73736588.5955894
1135,2023-02-09,21115.327530427,81464778.08488841
1136,2023-02-10,36872.833289971,149817662.99265224
1137,2023-02-11,29496.050377728,98548162.03672573
1138,2023-02-12,29099.636538752,87913155.58575995
1139,2023-02-13,28857.420378205,101074544.71919905
1140,2023-02-14,39397.065400645,87680141.8910402
1141,2023-02-15,37745.883005356,86878716.84442349
1142,2023-02-16,35614.439344351,101391586.38654748
1143,2023-02-17,34160.060121451,97077698.59800084
1144,2023-02-18,28711.002248579,71071904.16912647
1145,2023-02-19,27352.343561919,67620338.0639854
1146,2023-02-20,23312.525307574,87181863.84907472
1147,2023-02-21,24440.541459378,97953489.92091091
1148,2023-02-22,24423.146811412,93575315.11912575
1149,2023-02-23,21330.413800767,91972458.67000626
1150,2023-02-24,29785.145812716,91476996.45308532
1151,2023-02-25,29899.50359939,69639103.4485016
1152,2023-02-26,26647.448752477,67352536.31921186
1153,2023-02-27,33401.103071075,88796125.11367565
1154,2023-02-28,38150.440569926,86630323.09546557
1155,2023-03-01,32045.936261403,75963562.19893928
1156,2023-03-02,31480.55919396,82814896.50022046
1157,2023-03-03,33777.284401759,87704326.51574366
1158,2023-03-04,29074.710786594,62838106.92766463
1159,2023-03-05,27972.18604437,68888730.22793227
1160,2023-03-06,30559.131240865,85175913.08169235
1161,2023-03-07,32857.323387543,90764119.95361987
1162,2023-03-08,41215.588042913,98847801.47641024
1163,2023-03-09,61990.830475177,86244371.31843127
1164,2023-03-10,58683.981556729,97800134.99700938
1165,2023-03-11,34045.618030987,98056610.89643145
1166,2023-03-12,29704.583092893,82807846.80562332
1167,2023-03-13,29807.954524191,119564392.23438253
1168,2023-03-14,70617.244366906,120197349.08367655
1169,2023-03-15,47353.976398076,97709443.0485552
1170,2023-03-16,51618.903542789,93880585.744314
1171,2023-03-17,60455.085437885,112055529.61205068
1172,2023-03-18,45568.729124075,86422908.31786093
1173,2023-03-19,46081.839580729,107271565.84108384
1174,2023-03-20,36799.168677308,133626240.48492424
1175,2023-03-21,41198.821133473,121924566.17135282
1176,2023-03-22,73202.726595192,115296128.28312723
1177,2023-03-23,47997.52560669,115893561.94638914
1178,2023-03-24,58580.760778165,119787630.66002198
1179,2023-03-25,49239.922044673,84913217.01234296
1180,2023-03-26,41030.800533444,94292190.45385504
1181,2023-03-27,38544.999026243,126395808.13003498
1182,2023-03-28,56813.692139803,125667179.33577706
1183,2023-03-29,35789.099595837,116027117.12134108
1184,2023-03-30,49098.061000619,156431892.2953868
1185,2023-03-31,55766.026313656,109195816.06261478
1186,2023-04-01,50826.20198384,80072370.76227675
1187,2023-04-02,43982.130879151,77838498.57166626
1188,2023-04-03,42564.19511857,110989218.94019796
1189,2023-04-04,52248.508010173,92913109.60176654
1190,2023-04-05,44697.993929445,110298289.215251
1191,2023-04-06,44968.430566258,97882157.10522963
1192,2023-04-07,40711.663030206,73141681.4355395
1193,2023-04-08,38013.113517264,62938777.60890173
1194,2023-04-09,27320.015737745,74533843.81921645
1195,2023-04-10,36637.705458992,112091731.89764242
1196,2023-04-11,40923.847257394,89880068.35724044
1197,2023-04-12,28567.582354911,122613885.72698268
1198,2023-04-13,36218.35071767,80214338.16454665
1199,2023-04-14,42313.321378847,104452288.46071976
1200,2023-04-15,31216.059756028,88873734.54650627
1201,2023-04-16,27063.768352916,86068968.87441279
1202,2023-04-17,30651.888785838,117964324.31049578
1203,2023-04-18,32436.996478262,86203278.39583644
1204,2023-04-19,38965.341174434,85585588.43919781
1205,2023-04-20,33125.979596523,86676843.27918333
1206,2023-04-21,41192.102139963,78211468.84467632
1207,2023-04-22,20316.31642499,54520989.29196415
1208,2023-04-23,18182.5673088,42570378.79952019
1209,2023-04-24,34289.448068363,83581298.73852427
1210,2023-04-25,39815.842430313,76094916.42156908
1211,2023-04-26,43419.468375675,75632836.94965446
1212,2023-04-27,56300.435888616,75873337.92094761
1213,2023-04-28,55169.426793565,64706805.392877676
1214,2023-04-29,56911.484116634,46176347.72743522
1215,2023-04-30,55759.836354882,47305298.8785408
1216,2023-05-01,68182.279228609,48592221.51039429
1217,2023-05-02,176303.69271346,54487209.9134093
1218,2023-05-03,117925.510728529,73543501.7827756
1219,2023-05-04,120364.074821107,64748416.01681659
1220,2023-05-05,194256.608990314,70407301.21677768
1221,2023-05-06,157261.507797134,57220601.790594526
1222,2023-05-07,298874.959391056,68166660.97854184
1223,2023-05-08,472055.312757764,54953506.16588113
1224,2023-05-09,364471.887370508,50403037.849269465
1225,2023-05-10,230418.668138369,51252335.40865279
1226,2023-05-11,161242.316590852,60700733.84204654
1227,2023-05-12,177153.191842405,72202476.60295923
1228,2023-05-13,114393.834756483,36977861.613175996
1229,2023-05-14,87885.540221948,34614422.31454029
1230,2023-05-15,83468.501858792,54329060.85470724
1231,2023-05-16,119768.12974587,61461995.87578653
1232,2023-05-17,84048.519788916,55848324.89931752
1233,2023-05-18,115003.704654243,65700635.139052846
1234,2023-05-19,115832.550027319,53227867.89398456
1235,2023-05-20,100009.360574108,42960969.052274816
1236,2023-05-21,77595.823005396,42652359.57819087
1237,2023-05-22,70542.223178024,64877960.872509554
1238,2023-05-23,86435.207219563,71727386.09027895
1239,2023-05-24,114045.134016806,89880171.23188119
1240,2023-05-25,113207.65563176,66809217.3965564
1241,2023-05-26,91700.869552976,52721041.02139648
1242,2023-05-27,65928.811351751,44625375.3856891
1243,2023-05-28,57747.991634948,49328871.06207614
1244,2023-05-29,57722.04596115,62896325.69146789
1245,2023-05-30,93953.154720383,75684467.51448055
1246,2023-05-31,117085.161041011,119558471.52806896
1247,2023-06-01,103186.425109376,104667562.44694743
1248,2023-06-02,67688.189537551,87456616.39695185
1249,2023-06-03,72733.406732188,77138301.47625567
1250,2023-06-04,49179.581516207,96347101.90353322
1251,2023-06-05,89903.913391745,151354727.40337193
1252,2023-06-06,140934.227090782,107527674.708855
1253,2023-06-07,109891.43764015,87865715.17237654
1254,2023-06-08,74655.672129032,93657035.45824191
1255,2023-06-09,83909.00653354,98146518.51565233
1256,2023-06-10,64368.603805008,100357277.88765916
1257,2023-06-11,42783.279315422,95498510.44540703
1258,2023-06-12,50855.28042011,111067511.90894796
1259,2023-06-13,66588.413978704,88638716.41508543
1260,2023-06-14,52537.108436936,95892969.07758136
1261,2023-06-15,51125.592663193,76317418.2125359
1262,2023-06-16,58224.013005949,71800393.68162005
1263,2023-06-17,62538.844244085,55208562.41668617
1264,2023-06-18,72805.620491685,66501471.74108196
1265,2023-06-19,53848.37277403,90245056.95788544
1266,2023-06-20,64424.918103762,88659018.17525414
1267,2023-06-21,61947.617329141,119216646.40283114
1268,2023-06-22,60238.684265371,108390645.18128213
1269,2023-06-23,75533.844917049,98935351.04337122
1270,2023-06-24,68239.485908853,71205507.33574352
1271,2023-06-25,106739.036383547,74299303.5659198
1272,2023-06-26,119628.321311768,94862657.76931827
1273,2023-06-27,81667.694451259,85819460.31356122
1274,2023-06-28,82511.67336243,98522050.54525904
1275,2023-06-29,71458.159298551,94213439.7468649
1276,2023-06-30,68380.106291909,92409242.29687932
1277,2023-07-01,66892.240539439,78267952.75071515
1278,2023-07-02,37210.532481727,69037147.20366113
1279,2023-07-03,53525.280243695,96737049.27071312
1280,2023-07-04,54434.259910475,85789535.81117526
1281,2023-07-05,38934.469832835,63766652.93283524
1282,2023-07-06,47029.278081379,81208050.88945791
1283,2023-07-07,47501.13146929,63865466.84204218
1284,2023-07-08,41217.961499794,48627286.009425215
1285,2023-07-09,43398.167892631,48867905.781256005
1286,2023-07-10,32664.251427243,67217038.60579842
1287,2023-07-11,36159.099955377,71254997.21014093
1288,2023-07-12,40689.595157228,70638323.12365352
1289,2023-07-13,38300.137426805,86786362.73117736
1290,2023-07-14,44727.731009589,78042782.95025945
1291,2023-07-15,38426.597962417,52639743.198624134
1292,2023-07-16,40133.41191562,46980023.48887512
1293,2023-07-17,34124.781266402,71430672.58237574
1294,2023-07-18,36050.391026761,76908287.15750505
1295,2023-07-19,33849.868536225,68364257.62081122
1296,2023-07-20,39608.915475657,76361238.87219016
1297,2023-07-21,44743.293620783,74934076.00294375
1298,2023-07-22,68502.565482567,62768894.978849955
1299,2023-07-23,46319.851289197,39189368.60244381
1300,2023-07-24,40027.642377467,57346781.23879106
1301,2023-07-25,56079.577399606,54990914.776578285
1302,2023-07-26,43118.488636712,58019086.71730369
1303,2023-07-27,44415.312836613,62387950.82679712
1304,2023-07-28,46062.393323499,63167457.016116686
1305,2023-07-29,59762.384760335,44548967.90712559
1306,2023-07-30,73200.536490154,40108700.44613654
1307,2023-07-31,50939.454607602,65646808.772272944
1308,2023-08-01,60116.335116392,65331013.2892556
1309,2023-08-02,50488.280765835,61516784.76825081
1310,2023-08-03,52263.767997268,55114465.04831086
1311,2023-08-04,55436.227793079,67124682.96260582
1312,2023-08-05,56727.910579475,43433417.19188589
1313,2023-08-06,86051.078555269,32175216.215271823
1314,2023-08-07,59820.243659093,75395785.13402876
1315,2023-08-08,59116.621918752,92715039.89553802
1316,2023-08-09,63899.419250494,66754243.40015809
1317,2023-08-10,135114.850242832,84341129.53641759
1318,2023-08-11,58307.176767727,62042958.44890177
1319,2023-08-12,65009.177508993,56865543.02966007
1320,2023-08-13,71924.301948335,50368856.13846375
1321,2023-08-14,61019.724943418,60187958.90265325
1322,2023-08-15,80639.560299823,54090414.78129416
1323,2023-08-16,47529.76385547,65271686.007405326
1324,2023-08-17,69967.412160668,91384127.11005642
1325,2023-08-18,78258.449594455,79851690.4059678
1326,2023-08-19,55826.239315307,51712142.836223476
1327,2023-08-20,92617.991136429,40461788.36663767
1328,2023-08-21,84788.896286853,69332733.3602474
1329,2023-08-22,47979.438134299,95758283.2119653
1330,2023-08-23,58724.686909131,92866265.24816145
1331,2023-08-24,57789.958596494,77982163.30321324
1332,2023-08-25,58168.773609695,65832044.193082586
1333,2023-08-26,87367.128119359,43677454.93180496
1334,2023-08-27,75015.907506075,74567572.06859529
1335,2023-08-28,59039.272579402,92806627.76781176
1336,2023-08-29,68270.88792996,73943005.80774826
1337,2023-08-30,59279.350729347,86558124.54772824
1338,2023-08-31,76006.16311028,65191721.16170268
1339,2023-09-01,83599.63827794,75547016.58207078
1340,2023-09-02,95973.525540806,42561923.60824363
1341,2023-09-03,119135.298048482,31285636.732573666
1342,2023-09-04,145780.923875867,43719554.272006914
1343,2023-09-05,205579.773380688,56558572.28723538
1344,2023-09-06,186617.660044941,55144271.036498584
1345,2023-09-07,188953.703498415,50914254.73521772
1346,2023-09-08,151776.82567038,55863224.70997416
1347,2023-09-09,233528.780942046,36142380.16523599
1348,2023-09-10,250781.221501347,44427843.988670774
1349,2023-09-11,114136.107212215,63504683.8984041
1350,2023-09-12,141570.318646809,67045398.53926469
1351,2023-09-13,123564.657996468,52116512.38237021
1352,2023-09-14,150012.783968182,51725232.71925792
1353,2023-09-15,172179.027907097,48371805.00003589
1354,2023-09-16,177136.615612869,42684081.69722821
1355,2023-09-17,225753.071694586,38595320.167022206
1356,2023-09-18,298069.879540194,53052499.66123398
1357,2023-09-19,149962.618647829,68960973.75266935
1358,2023-09-20,182315.990704741,68553573.70153171
1359,2023-09-21,178063.346975904,60923100.023556344
1360,2023-09-22,207132.494188503,52895126.60827472
1361,2023-09-23,272921.381638786,31091482.811212063
1362,2023-09-24,206262.633815628,43351768.4089624
1363,2023-09-25,64284.777276881,93963836.47331192
1364,2023-09-26,55294.087901266,73387458.02005722
1365,2023-09-27,48568.580896236,80977947.46801937
1366,2023-09-28,45394.724774333,80384875.76512727
1367,2023-09-29,48691.055759933,85848570.19692633
1368,2023-09-30,43658.685119578,74428856.92762893
1369,2023-10-01,29325.560515609,59363937.23281313
1370,2023-10-02,51847.293018926,107619017.3096497
1371,2023-10-03,45997.25153708,88157823.70867844
1372,2023-10-04,40792.699537435,108592339.02217083
1373,2023-10-05,41209.650144264,108085007.58574869
1374,2023-10-06,60717.779301873,109832401.22671348
1375,2023-10-07,48089.68306084,97497732.1557332
1376,2023-10-08,35887.926454406,81324526.17849755
1377,2023-10-09,33314.356561709,89706569.02835597
1378,2023-10-10,33358.398823734,94564748.88442096
1379,2023-10-11,38546.889178227,105010137.40185496
1380,2023-10-12,41469.335967257,87834156.81633233
1381,2023-10-13,37916.528921097,70317998.00288448
1382,2023-10-14,23382.762258504,83847167.58980034
1383,2023-10-15,28548.263303275,65139570.07322329
1384,2023-10-16,35197.684719213,107712526.54057814
1385,2023-10-17,32803.933067225,96841362.45219721
1386,2023-10-18,32335.283318841,97408450.48366547
1387,2023-10-19,34039.157795653,97436956.06710704
1388,2023-10-20,36252.17129847,106114615.77073272
1389,2023-10-21,26752.46645787,71856234.07511249
1390,2023-10-22,26742.747411358,77734863.66924298
1391,2023-10-23,27089.355078376,125228243.63556992
1392,2023-10-24,76494.761216219,135156912.55170843
1393,2023-10-25,83355.921918127,82422111.15396747
1394,2023-10-26,49905.962271633,77495566.99751814
1395,2023-10-27,38926.270313971,67916959.69933292
1396,2023-10-28,40851.282543023,42673018.32617008
1397,2023-10-29,32720.978899792,55913006.63701998
1398,2023-10-30,44948.130654589,76756120.4188858
1399,2023-10-31,36036.51575156,65125320.006130405
1400,2023-11-01,39061.37820328,64154120.450763665
1401,2023-11-02,41205.66454966,67345429.00388812
1402,2023-11-03,85258.714060068,63118518.30060544
1403,2023-11-04,244593.229698815,34578655.551849745
1404,2023-11-05,254796.039727336,33741409.05884116
1405,2023-11-06,167462.504767669,63390325.869585276
1406,2023-11-07,160640.843413956,61082918.453301094
1407,2023-11-08,211316.363863798,54488719.34537003
1408,2023-11-09,593187.228185593,73433398.07432367
1409,2023-11-10,200827.670821209,58036191.2748344
1410,2023-11-11,281145.154931003,42698884.79097835
1411,2023-11-12,433562.761946824,35304513.19652881
1412,2023-11-13,278472.425221811,68782711.23631985
1413,2023-11-14,212915.177597854,69105434.93911818
1414,2023-11-15,320362.814902909,55797582.5309017
1415,2023-11-16,819648.831625667,53650967.52152794
1416,2023-11-17,481086.952028625,52218249.71979669
1417,2023-11-18,747375.670677819,30521831.053090613
1418,2023-11-19,475003.099542335,31860903.453502197
1419,2023-11-20,409172.011680032,59149529.0300573
1420,2023-11-21,342514.548234697,68669728.6086872
1421,2023-11-22,353889.102804858,64486683.10012226
1422,2023-11-23,445000.66236706,48689493.68475645
1423,2023-11-24,227610.5531121,57290486.27927794
1424,2023-11-25,296338.716133056,41865962.97841498
1425,2023-11-26,323319.48266405,47260781.01334917
1426,2023-11-27,320480.901967775,69312103.2150177
1427,2023-11-28,151801.775278173,67762172.83353856
1428,2023-11-29,123744.632509822,84293876.48286858
1429,2023-11-30,100066.148896653,77580116.30891629
1430,2023-12-01,189417.035955318,73496256.04726861
1431,2023-12-02,223943.362680235,59990164.55871746
1432,2023-12-03,526931.852557653,42021320.6578606
1433,2023-12-04,236183.642249657,74030566.5993755
1434,2023-12-05,355004.943966662,62357314.55243122
1435,2023-12-06,290262.600154776,67244805.50982873
1436,2023-12-07,356168.325876956,80328165.32594694
1437,2023-12-08,223045.952233193,83484625.01721606
1438,2023-12-09,214626.238193143,40399391.401303835
1439,2023-12-10,172403.274108425,40663963.75672073
1440,2023-12-11,183254.088467026,74357670.16067721
1441,2023-12-12,155566.988311903,66629722.312978655
1442,2023-12-13,161350.209871504,45577914.95739647
1443,2023-12-14,307795.274296354,43251204.37690968
1444,2023-12-15,612623.49580703,45020604.64034601
1445,2023-12-16,819967.306605018,33492925.17849912
1446,2023-12-17,713245.944637409,28274230.72602315
1447,2023-12-18,461614.912798743,46607102.82228759
1448,2023-12-19,444988.303262841,43726474.70799556
1449,2023-12-20,737244.405195571,54258591.40815698
1450,2023-12-21,664474.514576419,48403732.57501084
1451,2023-12-22,505398.728157655,52975618.660807274
1452,2023-12-23,403010.858431631,30042250.613836624
1453,2023-12-24,345730.098632004,32665836.11026452
1454,2023-12-25,239806.571688736,36934721.971694544
1455,2023-12-26,350922.689690858,58366611.59725183
1456,2023-12-27,544496.058937824,55686627.36971359
1457,2023-12-28,387851.791190452,62121123.076921985
1458,2023-12-29,258239.218557795,53672556.03380923
1459,2023-12-30,325754.437072209,45417000.34115815
1460,2023-12-31,536287.956875558,34021753.68507568
1461,2024-01-01,213784.415578568,35691307.01566338
1462,2024-01-02,275134.263122742,80456915.37771118
1463,2024-01-03,222784.136478092,60699190.560099445
1464,2024-01-04,158773.987467012,78565763.4522821
1465,2024-01-05,170672.428571093,61471237.54923899
1466,2024-01-06,173181.167013245,50502689.85544824
1467,2024-01-07,160729.144219913,54705637.6171648
1468,2024-01-08,208337.148523527,70942678.44678402
1469,2024-01-09,215605.518659729,89379799.85520513
1470,2024-01-10,135037.814040376,123580925.42266004
1471,2024-01-11,188916.129027475,91345015.63039656
1472,2024-01-12,154053.623980637,134806063.00206685
1473,2024-01-13,478628.5140359,43097767.00500088
1474,2024-01-14,863615.42403622,35990282.0994076
1475,2024-01-15,371993.306971949,64011508.25738099
1476,2024-01-16,437620.440853968,75201873.58795871
1477,2024-01-17,178511.765035975,103074727.90317722
1478,2024-01-18,214664.119954255,85959950.92123821
1479,2024-01-19,186909.116454223,75343202.09404705
1480,2024-01-20,168004.305763026,36933544.52565175
1481,2024-01-21,134122.591455637,39127374.90779394
1482,2024-01-22,259252.1814407,86062760.44508652
1483,2024-01-23,289657.617889284,87662256.08189382
1484,2024-01-24,144556.310134524,103923531.64425038
1485,2024-01-25,171233.339615263,100642258.78699324
1486,2024-01-26,155443.25608052,79663843.87318337
1487,2024-01-27,256853.983505156,42216489.20324371
1488,2024-01-28,327778.974335453,28311273.70365435
1489,2024-01-29,320179.580170679,62987599.55432641
1490,2024-01-30,224783.393673094,84790129.55348259
1491,2024-01-31,156342.193592407,116082920.71814282
1492,2024-02-01,166447.019192166,79246534.80813333
1493,2024-02-02,133642.403232214,65596318.707543835
1494,2024-02-03,525645.876119434,38528016.31876641
1495,2024-02-04,169242.332671658,50626319.5939857
1496,2024-02-05,99623.452328757,96517920.16597936
1497,2024-02-06,116066.907278039,105688303.51442656
1498,2024-02-07,163728.975924403,67088168.80424034
1499,2024-02-08,118367.43914247,96042357.57380828
1500,2024-02-09,131335.51526116,93833012.99019408
1501,2024-02-10,92582.205461593,55393298.11841966
1502,2024-02-11,105265.998557466,63928160.35317704
1503,2024-02-12,83318.507191605,84722859.78861599
1504,2024-02-13,112948.225135097,107716994.4382015
1505,2024-02-14,98174.810956752,123505557.2206618
1506,2024-02-15,73145.367861576,100840003.24118625
1507,2024-02-16,75623.815361706,86827182.14295933
1508,2024-02-17,68198.603295488,55093372.68564725
1509,2024-02-18,70348.765831074,57265656.239060365
1510,2024-02-19,77276.14693443,75193028.53753659
1511,2024-02-20,134271.844222714,75437969.50729993
1512,2024-02-21,95231.804797305,90354016.98070905
1513,2024-02-22,59366.23785051,80570023.91741058
1514,2024-02-23,87386.70644103,65350198.13605151
1515,2024-02-24,69170.270298274,51701371.74876969
1516,2024-02-25,57755.028736621,43080746.1280656
1517,2024-02-26,86980.488926326,84104189.56865954
1518,2024-02-27,106066.242824392,105382101.5795196
1519,2024-02-28,90187.123739059,121151742.86066554
1520,2024-02-29,156080.139686174,106165342.31623772
1521,2024-03-01,98677.061922474,84591787.0726474
1522,2024-03-02,95516.754689917,51000699.44574023
1523,2024-03-03,87454.22379352,49469482.44952918
1524,2024-03-04,177646.62339997,101196033.94876169
1525,2024-03-05,161916.051982527,124058974.4955237
1526,2024-03-06,123681.46208073,115235526.23097834
1527,2024-03-07,89149.74994287,92067773.15266056
1528,2024-03-08,102980.577140644,86532229.67280014
1529,2024-03-09,87292.861013558,56218718.66534642
1530,2024-03-10,95432.695694052,60304177.271943904
1531,2024-03-11,74476.792696144,114176591.96456537
1532,2024-03-12,85847.300562353,127171770.46650387
1533,2024-03-13,74911.844998467,135223318.54632768
1534,2024-03-14,92995.028005377,116974649.03879148
1535,2024-03-15,253431.030930892,93516411.25328642
1536,2024-03-16,131860.4407012,54815966.279505655
1537,2024-03-17,71944.133603711,60099021.17606412
1538,2024-03-18,79002.596421655,76123814.08477043
1539,2024-03-19,73437.146292052,79942821.8979096
1540,2024-03-20,68685.828790727,96382904.1879004
1541,2024-03-21,92186.16949671,80275269.35242173
1542,2024-03-22,116931.298757104,72939927.2548562
1543,2024-03-23,90431.62499085,64772806.47227612
1544,2024-03-24,83076.729627865,47548183.85567364
1545,2024-03-25,105595.319809972,120632055.44774322
1546,2024-03-26,118054.240121463,109422505.03964412
1547,2024-03-27,83189.511234128,88381183.90348567
1548,2024-03-28,69751.139774751,75615642.16558887
1549,2024-03-29,74298.708848187,69035952.6437577
1550,2024-03-30,82570.898268068,38221465.82561728
1551,2024-03-31,93161.729966547,45717191.36478201
1552,2024-04-01,121391.820956126,113778491.97787724
1553,2024-04-02,90463.224131328,93380534.66121724
1554,2024-04-03,83352.166578571,73211601.40607081
1555,2024-04-04,68792.85258952,82163349.82841939
1556,2024-04-05,64176.300720877,86581392.98048937
1557,2024-04-06,76640.266449104,44204145.95861368
1558,2024-04-07,63976.469245851,36547569.67730848
1559,2024-04-08,69146.909522819,71947292.03438535
1560,2024-04-09,86635.486411497,59857565.40226103
1561,2024-04-10,101527.382249559,48559888.11314631
1562,2024-04-11,159358.277521153,57317257.512158416
1563,2024-04-12,252723.752189373,58351361.79382453
1564,2024-04-13,257385.566942076,42022562.46463945
1565,2024-04-14,269756.955728497,46032476.05894323
1566,2024-04-15,304169.456987595,60085764.47102669
1567,2024-04-16,187735.08273001,70469372.17665589
1568,2024-04-17,477224.710338576,78255157.91435692
1569,2024-04-18,216900.715187729,71147526.26880617
1570,2024-04-19,266609.242141092,53946512.299305364
1571,2024-04-20,622838.399765375,20197851.021724783
1572,2024-04-21,349981.846061329,24309169.07191112
1573,2024-04-22,397443.549422435,33959516.298417956
1574,2024-04-23,335773.35684176,29135102.229477655
1575,2024-04-24,827710.556181553,42171274.12185124
1576,2024-04-25,327108.619992179,36695933.06648279
1577,2024-04-26,315909.114201639,49585036.43967042
1578,2024-04-27,357309.834140919,35716141.6106876
1579,2024-04-28,91641.190138633,39291355.25499856
1580,2024-04-29,163338.772254537,59751233.14492935
1581,2024-04-30,118859.702456276,62993408.02333466
1582,2024-05-01,58858.903100968,63946809.42351568
1583,2024-05-02,44988.637421215,48773711.45131053
1584,2024-05-03,52615.214242016,52948877.624389
1585,2024-05-04,45801.206780394,26160736.015176732
1586,2024-05-05,70183.823111555,27054437.279965255
1587,2024-05-06,49402.669973853,48571084.19086292
1588,2024-05-07,57087.733972046,64035813.70586578
1589,2024-05-08,50683.435473839,52339252.54477912
1590,2024-05-09,35684.363897294,48575662.13585484
1591,2024-05-10,28707.51856243,38856802.405003965
1592,2024-05-11,35547.624469751,24228368.62083376
1593,2024-05-12,19387.209785192,35713136.28076563
1594,2024-05-13,29180.624772111,54924033.15046816
1595,2024-05-14,39958.988051577,61266783.25978825
1596,2024-05-15,29506.176572648,64400820.98702077
1597,2024-05-16,25086.599554434,70125648.72378156
1598,2024-05-17,37239.487587454,55396543.336158976
1599,2024-05-18,27567.941609105,48877204.93283573
1600,2024-05-19,16228.56640564,34370062.99657902
1601,2024-05-20,12597.408683441,52485957.44919305
1602,2024-05-21,26458.170994261,70796145.43566717
1603,2024-05-22,27284.148457502,50034588.79437561
1604,2024-05-23,28758.756668819,34146546.95164208
1605,2024-05-24,18308.273900693,35011962.23614997
1606,2024-05-25,17909.004904685,18191491.919155777
1607,2024-05-26,11981.048003491,25521933.39597644
1608,2024-05-27,19589.694647653,41771374.96472677
1609,2024-05-28,17615.986553242,69613174.90168509
1610,2024-05-29,36677.574193283,39340293.78735673
1611,2024-05-30,43698.65582794,50172855.19376243
1612,2024-05-31,71293.936864847,46144528.10155022
1613,2024-06-01,41615.708934215,23563844.42746136
1614,2024-06-02,42500.528332358,32762736.384437535
1615,2024-06-03,67097.739747016,48123801.50485069
1616,2024-06-04,75743.355120965,52715681.37874611
1617,2024-06-05,136289.505202176,68211626.35956721
1618,2024-06-06,89884.913193506,48816012.60547306
1619,2024-06-07,535139.590332358,76691940.04583597
1620,2024-06-08,402924.189737323,34506730.958194435
1621,2024-06-09,32291.021856029,22411017.84470716
1622,2024-06-10,51848.224517541,41738545.36937448
1623,2024-06-11,37348.199474897,67214219.690156
1624,2024-06-12,36297.360611534,39364892.89963398
1625,2024-06-13,65072.997244528,31738747.776411805
1626,2024-06-14,79462.710529281,46428416.99750162
1627,2024-06-15,50321.051907142,39599762.7427266
1628,2024-06-16,35815.49681546,38618190.98396479
1629,2024-06-17,25722.09242827,65253356.69437089
1630,2024-06-18,24648.403608065,53062248.654730044
1631,2024-06-19,27980.553012038,38153610.75274648
1632,2024-06-20,30105.195259948,44964221.440223515
1633,2024-06-21,36531.739902401,44344265.57482588
1634,2024-06-22,20053.07370024,21280363.00957704
1635,2024-06-23,16643.38777216,28763419.89652509
1636,2024-06-24,19853.345693996,69117494.47254753
1637,2024-06-25,20257.728443162,46122550.56767895
1638,2024-06-26,19374.15999172,56067850.08747651
1639,2024-06-27,18914.510958273,110025056.45831753
1640,2024-06-28,18299.013629808,51674634.99043048
1641,2024-06-29,14405.612904874,26321104.8441173
1642,2024-06-30,11921.530917514,29514267.104768906
1643,2024-07-01,17300.598634448,43929777.72427233
1644,2024-07-02,24495.298070494,41611090.45933813
1645,2024-07-03,16225.231138411,51924797.42287197
1646,2024-07-04,16048.421016225,63926371.685693726
1647,2024-07-05,17403.515928214,76162726.78933828
1648,2024-07-06,11337.025872525,33480944.663261984
1649,2024-07-07,13872.128570506,33119681.323843434
1650,2024-07-08,38114.191405257,59853761.93076233
1651,2024-07-09,31972.976840358,49288222.38523265
1652,2024-07-10,11383.520354277,54319472.4207344
1653,2024-07-11,10783.511928023,50137035.7782254
1654,2024-07-12,10725.265175012,45234672.58086124
1655,2024-07-13,13426.387698254,30159075.395437457
1656,2024-07-14,11902.028620901,38254003.74463353
1657,2024-07-15,11181.684411703,68564159.68070772
1658,2024-07-16,14957.853863601,82803610.95528285
1659,2024-07-17,11701.653477599,53969477.58267447
1660,2024-07-18,17132.402461171,44499250.469623856
1661,2024-07-19,13986.086495164,57278447.98587892
1662,2024-07-20,10541.532301694,33750130.87203852
1663,2024-07-21,9310.48762805,23447283.264460888
1664,2024-07-22,18142.872703996,40534333.85095189
1665,2024-07-23,11686.383136825,48340524.89804604
1666,2024-07-24,13791.547949515,49550498.43580728
1667,2024-07-25,11454.916175832,42430153.58292865
1668,2024-07-26,12985.143548779,48421540.26089408
1669,2024-07-27,16985.215540804,48416580.86664642
1670,2024-07-28,7402.455944633,21373453.2167732
1671,2024-07-29,7272.456653506,46443328.42970753
1672,2024-07-30,8124.677988296,59168674.20365546
1673,2024-07-31,10824.47181439,68064894.1100932
1674,2024-08-01,9552.888568082,55447422.36457403
1675,2024-08-02,13138.044155235,96980721.31306344
1676,2024-08-03,10847.638282272,36152216.67021713
1677,2024-08-04,10672.402813856,45193055.95208648
1678,2024-08-05,11130.794410291,96886699.85410409
1679,2024-08-06,12957.794977312,76806186.71889105
1680,2024-08-07,14337.749727776,89706425.2590121
1681,2024-08-08,11352.605857581,65165339.740796
1682,2024-08-09,13190.933832592,81488396.62411559
1683,2024-08-10,9028.853922004,38357024.33549653
1684,2024-08-11,7458.709410304,38045119.290877365
1685,2024-08-12,9814.867481925,71992799.77137852
1686,2024-08-13,10144.184240255,62612201.50982095
1687,2024-08-14,11084.989114269,71018308.25897172
1688,2024-08-15,9783.690024863,43361985.02712314
1689,2024-08-16,11317.651052444,47133455.866979234
1690,2024-08-17,8296.403049589,23853845.480747815
1691,2024-08-18,6428.616818455,25028718.162067425
1692,2024-08-19,10031.376332675,61892505.67838301
1693,2024-08-20,10570.359456258,48099827.6203548
1694,2024-08-21,8289.023264404,47296567.50749848
1695,2024-08-22,27951.853043072,40401990.41866703
1696,2024-08-23,8834.607811328,46670994.20081764
1697,2024-08-24,6732.045778929,30107521.36305165
1698,2024-08-25,6807.230559521,30070502.69332352
1699,2024-08-26,9010.337618127,53417104.4648736
1700,2024-08-27,7610.022855568,68607997.6191837
1701,2024-08-28,6872.198535906,57119586.147017464
1702,2024-08-29,8925.641345203,57061202.08100541
1703,2024-08-30,11452.710190254,50422743.65910949
1704,2024-08-31,7536.641821688,23937630.908938557
1705,2024-09-01,9926.665674107,51456129.634554006
1706,2024-09-02,10919.466143814,39711334.3752597
1707,2024-09-03,20835.600679732,61933143.53518154
1708,2024-09-04,6842.045727265,54002816.36254564
1709,2024-09-05,7418.631294672,48128630.87744135
1710,2024-09-06,7006.311101059,55276316.50365654
1711,2024-09-07,4927.681130298,24965550.927121967
1712,2024-09-08,4355.765800479,25948121.92050703
1713,2024-09-09,6785.19315046,64428287.15278352
1714,2024-09-10,7496.146913067,99455862.33597933
1715,2024-09-11,7792.82911188,115784272.94850068
1716,2024-09-12,7699.795209896,74643795.28991312
1717,2024-09-13,8616.453342094,103514579.20566936
1718,2024-09-14,7948.347972223,42859923.523900576
1719,2024-09-15,4624.815849353,35401474.42033749
1720,2024-09-16,10844.178149457,74153886.84751119
1721,2024-09-17,7701.73366965,64551610.49577522
1722,2024-09-18,8932.625570471,61281057.682070576
1723,2024-09-19,9763.998985806,74443562.93018664
1724,2024-09-20,9559.585892713,72483140.81283648
1725,2024-09-21,5824.908073405,30498205.02167892
1726,2024-09-22,5443.742710923,27647984.547722783
1727,2024-09-23,7311.150496073,53633248.1988542
1728,2024-09-24,7162.783936711,63472461.724666536
1729,2024-09-25,5684.851758268,64722932.72075852
1730,2024-09-26,7772.582321433,69004771.01656432
1731,2024-09-27,11238.742151685,66661691.11123089
1732,2024-09-28,11590.394942247,35593874.51527478
1733,2024-09-29,5061.503670134,30140659.713388287
1734,2024-09-30,6524.507754737,68822219.36629088
1735,2024-10-01,16355.840856371,55319030.24314464
1736,2024-10-02,5514.00269196,55099737.03550916
1737,2024-10-03,6449.067682366,60840590.14121307
1738,2024-10-04,6798.57402292,56132354.63643048
1739,2024-10-05,6642.160444568,23110312.6289092
1740,2024-10-06,6045.612723404,31955384.208113745
1741,2024-10-07,7830.486907067,58568493.34435162
1742,2024-10-08,8939.245104989,60456409.892172
1743,2024-10-09,10388.659187704,59501829.90450423
1744,2024-10-10,12298.261039761,35265262.885346286
1745,2024-10-11,26169.721499471,39690350.79495167
1746,2024-10-12,22413.27435419,21262014.00884448
1747,2024-10-13,17620.026872165,22681041.21874153
1748,2024-10-14,14370.994418247,40098826.56641393
1749,2024-10-15,13765.060292537,52515830.02337695
1750,2024-10-16,21349.076897444,40675246.34639461
1751,2024-10-17,29023.653747959,36148536.89046664
1752,2024-10-18,16673.118463365,51691911.82363449
1753,2024-10-19,10146.487681413,20898456.701330524
1754,2024-10-20,8245.597163305,20088701.896187987
1755,2024-10-21,7345.417722187,33520100.43555109
1756,2024-10-22,15531.622507137,39807282.185467295
1757,2024-10-23,13553.916061042,32691596.11635627
1758,2024-10-24,23550.36424114,34946069.45545036
1759,2024-10-25,26942.739603235,41639796.85244468
1760,2024-10-26,7692.411335978,24179537.560848217
1761,2024-10-27,5409.315193608,19299971.412864473
1762,2024-10-28,5789.384108721,38999056.81652525
1763,2024-10-29,8473.544336284,64142243.22900857
1764,2024-10-30,7230.894080124,54514816.904137954
1765,2024-10-31,24922.921925766,58306257.81142738
1766,2024-11-01,9800.077855439,55139706.37183044
1767,2024-11-02,7580.903532914,23097708.052459385
1768,2024-11-03,5543.574571131,30267782.836253412
1769,2024-11-04,7719.543109646,55782618.041810855
1770,2024-11-05,6385.365138289,61604373.06839756
1771,2024-11-06,6430.455677386,97283682.45115182
1772,2024-11-07,5801.846976476,64646294.765387766
1773,2024-11-08,7472.028627316,71370284.26306783
1774,2024-11-09,8467.375625432,37905346.1153334
1775,2024-11-10,9456.498971322,57990313.92926278
1776,2024-11-11,12477.346286799,98913699.3589693
1777,2024-11-12,18562.593315243,102686846.09896836
1778,2024-11-13,17350.609711189,82540264.60351044
1779,2024-11-14,21180.237473588,80194006.48848082
1780,2024-11-15,29939.540400075,63310976.030648544
1781,2024-11-16,14420.536790777,34930967.02765041
1782,2024-11-17,35530.581910229,29674514.376309346
1783,2024-11-18,62588.54850309,51931258.61945896
1784,2024-11-19,12362.55288987,47740168.44976328
1785,2024-11-20,11772.86339538,61507067.99208862
1786,2024-11-21,17929.674938385,109426970.4173706
1787,2024-11-22,29887.870846343,76282568.7005377
1788,2024-11-23,12488.168584949,60653956.60404781
1789,2024-11-24,15989.084357769,46690749.67438239
1790,2024-11-25,13923.115369915,66910291.015237
1791,2024-11-26,18367.532029523,77501150.29212599
1792,2024-11-27,11638.191182138,62368982.13568535
1793,2024-11-28,16040.40996209,44435898.36477368
1794,2024-11-29,17527.162425959,72656770.98120193
1795,2024-11-30,12304.710515579,29050834.39139088
1796,2024-12-01,13482.866905293,24327042.179118183
1797,2024-12-02,28344.033446964,102372203.6951442
1798,2024-12-03,22149.959317386,70190738.59137195
1799,2024-12-04,16666.338665933,65543278.81598277
1800,2024-12-05,12980.66313318,109269386.53206968
1801,2024-12-06,16100.78727829,93233458.63346963
1802,2024-12-07,17666.38872939,37877793.8523292
1803,2024-12-08,17088.343883759,40069371.020804524
1804,2024-12-09,16024.881547104,90560649.65757072
1805,2024-12-10,34093.888814398,68810109.59539753
1806,2024-12-11,39834.61072848,64086338.34335808
1807,2024-12-12,25779.448671699,56138476.89405967
1808,2024-12-13,16413.597309157,51861650.93869555
1809,2024-12-14,11156.936045199,31773141.41948878
1810,2024-12-15,22418.170009037,41218616.95602606
1811,2024-12-16,16488.749390185,85013870.92387061
1812,2024-12-17,13954.610104345,78368671.94389309
1813,2024-12-18,12258.0128824,75877714.5912594
1814,2024-12-19,15935.583527012,77104502.05291787
1815,2024-12-20,14578.067701584,86066983.08805932
1816,2024-12-21,13702.571580246,48222412.66346619
1817,2024-12-22,9343.992516471,39741481.79688722
1818,2024-12-23,14445.421553378,111154608.8363146
1819,2024-12-24,12996.357008325,71359565.03431457
1820,2024-12-25,7660.315128568,43359136.60010576
1821,2024-12-26,10565.058001999,71535390.66637616
1822,2024-12-27,9860.688427835,64421872.68747918
1823,2024-12-28,9728.119927272,43620044.13616819
1824,2024-12-29,6757.301358508,53201904.23771397
1825,2024-12-30,7939.354262254,83640162.79669468
1826,2024-12-31,14141.227458686,87875789.1170247
