,date,avg_count,avg_base_fee_per_gas
0,2020-05-30,0.0012220270373482,
1,2020-05-31,0.0,
2,2020-06-01,0.0,
3,2020-06-02,0.0,
4,2020-06-03,0.0,
5,2020-06-04,0.0,
6,2020-06-05,0.0,
7,2020-06-06,0.0,
8,2020-06-07,0.0,
9,2020-06-08,0.0,
10,2020-06-09,0.0,
11,2020-06-10,0.0,
12,2020-06-11,0.0,
13,2020-06-12,0.0001909672491167,
14,2020-06-13,0.0,
15,2020-06-14,0.0,
16,2020-06-15,9.548818333731235e-05,
17,2020-06-16,2.3870906139597147e-05,
18,2020-06-17,0.0,
19,2020-06-18,0.0004058054043731,
20,2020-06-19,0.0004058247791835,
21,2020-06-20,0.001456194795894,
22,2020-06-21,0.0003580635920939,
23,2020-06-22,0.0,
24,2020-06-23,0.0001909672491167,
25,2020-06-24,2.3872045834328176e-05,
26,2020-06-25,0.0,
27,2020-06-26,0.0,
28,2020-06-27,2.3870906139597056e-05,
29,2020-06-28,2.3872045834328088e-05,
30,2020-06-29,0.0002148381552563,
31,2020-06-30,0.0004296968250179,
32,2020-07-01,2.387204583432812e-05,
33,2020-07-02,7.161271841879164e-05,
34,2020-07-03,0.0005729291000238,
35,2020-07-04,0.0001193545306979,
36,2020-07-05,7.161613750298446e-05,
37,2020-07-06,0.0001909672491167,
38,2020-07-07,0.0005013129625208,
39,2020-07-08,0.0001670963429771,
40,2020-07-09,0.0003103365958462,
41,2020-07-10,4.774181227919444e-05,
42,2020-07-11,0.0014084507042253,
43,2020-07-12,0.0002864645500119,
44,2020-07-13,0.0001670963429771,
45,2020-07-14,0.0001432322750059,
46,2020-07-15,0.0002387090613959,
47,2020-07-16,0.0006922893291955,
48,2020-07-17,0.0005251599350711,
49,2020-07-18,9.54927425515661e-05,
50,2020-07-19,0.0377876444189821,
51,2020-07-20,0.0323704941513488,
52,2020-07-21,0.0176167287310225,
53,2020-07-22,0.0116973024588207,
54,2020-07-23,0.0198371965338617,
55,2020-07-24,0.1579575565157196,
56,2020-07-25,0.0092623537837192,
57,2020-07-26,0.0132006110951971,
58,2020-07-27,0.0138935306755788,
59,2020-07-28,0.0087367516470925,
60,2020-07-29,0.0063499641919312,
61,2020-07-30,0.0121980330373342,
62,2020-07-31,0.0101456194795894,
63,2020-08-01,0.0113625513224483,
64,2020-08-02,0.0076390546669849,
65,2020-08-03,0.030030316774486,
66,2020-08-04,0.0225824162707978,
67,2020-08-05,0.0363809978515156,
68,2020-08-06,0.0221044590852667,
69,2020-08-07,0.0232358208955222,
70,2020-08-08,0.0237526856051563,
71,2020-08-09,0.0238243017426593,
72,2020-08-10,0.0270457366561634,
73,2020-08-11,0.0300994549105862,
74,2020-08-12,0.0281199274324453,
75,2020-08-13,0.1135354499880639,
76,2020-08-14,0.0342070084980425,
77,2020-08-15,0.0380520410599188,
78,2020-08-16,0.043063114675833,
79,2020-08-17,0.1361661494390075,
80,2020-08-18,0.0713518416843701,
81,2020-08-19,0.0595846264024831,
82,2020-08-20,0.0369300549057054,
83,2020-08-21,0.0529934116299054,
84,2020-08-22,0.02184292193841,
85,2020-08-23,0.0326553995989686,
86,2020-08-24,0.0321317736930055,
87,2020-08-25,0.0363989264832742,
88,2020-08-26,0.0420468734991834,
89,2020-08-27,0.0382668894724278,
90,2020-08-28,0.0471234184769635,
91,2020-08-29,0.0375728062637257,
92,2020-08-30,0.0521842921938409,
93,2020-08-31,0.0496514847703619,
94,2020-09-01,0.0514203867271425,
95,2020-09-02,0.112670676978898,
96,2020-09-03,0.0828217916746595,
97,2020-09-04,0.0648572519812852,
98,2020-09-05,0.0698208983813806,
99,2020-09-06,0.0525762606597708,
100,2020-09-07,0.0519933158271662,
101,2020-09-08,0.1374725484579394,
102,2020-09-09,0.0663642874194319,
103,2020-09-10,0.2790508927718936,
104,2020-09-11,0.086290283963032,
105,2020-09-12,0.1141268022534129,
106,2020-09-13,0.178404316271965,
107,2020-09-14,0.1674468593264865,
108,2020-09-15,0.1746240152781102,
109,2020-09-16,0.1673937670225851,
110,2020-09-17,0.120553831463357,
111,2020-09-18,0.0791013060191486,
112,2020-09-19,0.2204478181991771,
113,2020-09-20,0.0968011458582003,
114,2020-09-21,0.136022917164001,
115,2020-09-22,0.1020242528406376,
116,2020-09-23,0.134256385772261,
117,2020-09-24,0.2918934402749936,
118,2020-09-25,3.0571872015282286,
119,2020-09-26,0.340924281485726,
120,2020-09-27,0.4040500525360606,
121,2020-09-28,0.5441331165726315,
122,2020-09-29,0.4096681785629028,
123,2020-09-30,0.5069941754989054,
124,2020-10-01,0.659544499618027,
125,2020-10-02,0.6315764346414561,
126,2020-10-03,0.4105833751223832,
127,2020-10-04,0.4329017771832596,
128,2020-10-05,0.4764212888899506,
129,2020-10-06,0.4245505980090259,
130,2020-10-07,0.4344504917406663,
131,2020-10-08,0.483194079732632,
132,2020-10-09,0.467177504058052,
133,2020-10-10,0.4772238420725608,
134,2020-10-11,0.4567915970398656,
135,2020-10-12,0.4741000668385361,
136,2020-10-13,0.5098114108379067,
137,2020-10-14,0.4478307637145909,
138,2020-10-15,0.4236673112272915,
139,2020-10-16,0.4547646328654629,
140,2020-10-17,0.4672714251611372,
141,2020-10-18,0.4144838948449168,
142,2020-10-19,0.3408211983767017,
143,2020-10-20,0.2926642954333864,
144,2020-10-21,0.3090475053712094,
145,2020-10-22,0.3519526401222192,
146,2020-10-23,0.3479828121269971,
147,2020-10-24,0.2842444497493426,
148,2020-10-25,0.294090952517437,
149,2020-10-26,0.248491812697502,
150,2020-10-27,0.2264024826927646,
151,2020-10-28,0.2993833062434233,
152,2020-10-29,0.2881457080110781,
153,2020-10-30,0.3173311052757226,
154,2020-10-31,0.2824644323498514,
155,2020-11-01,0.4769873478157002,
156,2020-11-02,0.2779050892771831,
157,2020-11-03,0.3533778944855595,
158,2020-11-04,0.606297145039623,
159,2020-11-05,0.965027452852711,
160,2020-11-06,1.0640486989735156,
161,2020-11-07,0.401341544925046,
162,2020-11-08,0.3571974218190501,
163,2020-11-09,0.5442327890766712,
164,2020-11-10,0.6561709238481728,
165,2020-11-11,0.4526162513128999,
166,2020-11-12,0.5457388398185736,
167,2020-11-13,0.5435748054056648,
168,2020-11-14,0.5049304013561577,
169,2020-11-15,0.4978993602597152,
170,2020-11-16,0.4389148915846809,
171,2020-11-17,0.3060956384655814,
172,2020-11-18,0.3799646322229142,
173,2020-11-19,0.3718459812370213,
174,2020-11-20,0.3596562425399839,
175,2020-11-21,0.3878067411438954,
176,2020-11-22,0.425507010964335,
177,2020-11-23,0.4194079732633046,
178,2020-11-24,0.4570275176762866,
179,2020-11-25,0.571159171202137,
180,2020-11-26,0.7187156839341132,
181,2020-11-27,0.5588242328573797,
182,2020-11-28,0.4885175459536932,
183,2020-11-29,0.4412775708965891,
184,2020-11-30,0.7364287419431904,
185,2020-12-01,1.1662131194500187,
186,2020-12-02,3.122967067083789,
187,2020-12-03,2.5727179389221915,
188,2020-12-04,2.967868226306989,
189,2020-12-05,2.557409529265725,
190,2020-12-06,2.708255697291078,
191,2020-12-07,2.6635951301026486,
192,2020-12-08,2.7274658646041865,
193,2020-12-09,3.2650274528526952,
194,2020-12-10,2.5941371655009524,
195,2020-12-11,3.0930510133441573,
196,2020-12-12,3.0691811888278835,
197,2020-12-13,3.037010506208228,
198,2020-12-14,2.961251791686577,
199,2020-12-15,3.361723594842004,
200,2020-12-16,3.1000095497302,
201,2020-12-17,2.9501098586167447,
202,2020-12-18,2.428759075277033,
203,2020-12-19,1.2636064164995693,
204,2020-12-20,1.2367710647650527,
205,2020-12-21,1.2499045163754416,
206,2020-12-22,1.262639071659291,
207,2020-12-23,1.4040280963302867,
208,2020-12-24,1.2046540519877658,
209,2020-12-25,0.944888867599148,
210,2020-12-26,0.9111323459149652,
211,2020-12-27,1.0048509882087355,
212,2020-12-28,0.9297372325659324,
213,2020-12-29,0.9109333969921162,
214,2020-12-30,0.8394777079338885,
215,2020-12-31,0.8231698371558539,
216,2022-01-01,102.239378919685,
217,2022-01-02,104.30582882127122,
218,2022-01-03,117.82047961879115,
219,2022-01-04,111.68158781392432,
220,2022-01-05,112.26010572139336,
221,2022-01-06,105.82639526871796,
222,2022-01-07,96.07617166930024,
223,2022-01-08,72.81827199430198,
224,2022-01-09,73.88186749020383,
225,2022-01-10,91.43965952919297,
226,2022-01-11,86.97632385582936,
227,2022-01-12,108.789750908148,
228,2022-01-13,91.44246940412432,
229,2022-01-14,83.042979568375,
230,2022-01-15,76.20805613305606,
231,2022-01-16,79.6126829759887,
232,2022-01-17,84.01214820814025,
233,2022-01-18,61.09163643591914,96586172429.02931
234,2022-01-19,56.885162194633686,144573960434.0055
235,2022-01-20,65.93895305606519,84641639717.64604
236,2022-01-21,72.43131818765161,404315783102.1568
237,2022-01-22,71.77756063339295,298145941161.10846
238,2022-01-23,72.36733869950275,46764786955.81759
239,2022-01-24,72.68726299353082,221264013693.07397
240,2022-01-25,71.19546714172658,45837383253.77283
241,2022-01-26,78.37573032566094,53069826638.407074
242,2022-01-27,81.93745331407817,2561117222.224291
243,2022-01-28,80.27737583356979,1779544645.3391156
244,2022-01-29,75.69780785262078,625738474.6560297
245,2022-01-30,72.89118598798153,265383717.403951
246,2022-01-31,77.56458768932582,2577517144.353036
247,2022-02-01,81.12621850867096,256764.51583744583
248,2022-02-02,82.68563988095214,5283414282.6358795
249,2022-02-03,94.76466540951,187228204.2801821
250,2022-02-04,89.12103360218488,11055708516.497168
251,2022-02-05,79.80449904191926,11316453.83707381
252,2022-02-06,80.45588004396286,233674801.79727283
253,2022-02-07,88.27927540991841,5193435073.50235
254,2022-02-08,103.5863694267514,9405470254.45718
255,2022-02-09,86.85818470468605,17174386.79768321
256,2022-02-10,95.1175187111501,9917385569.864052
257,2022-02-11,90.04564478158515,685319995.1930954
258,2022-02-12,80.84834313873367,15700553742.63175
259,2022-02-13,84.63344376002915,2156049055.281606
260,2022-02-14,88.94169355453427,12848343339.603962
261,2022-02-15,83.8944697993415,2210317813.188563
262,2022-02-16,83.12710251530174,6121239687.055399
263,2022-02-17,76.20364485727508,25248166.5845352
264,2022-02-18,80.19153195232207,2505821047.36567
265,2022-02-19,77.38020628959055,108310733.0054934
266,2022-02-20,66.01540187678401,73.87556099551166
267,2022-02-21,72.54076008880814,108885.13049497202
268,2022-02-22,86.19837512598895,1026427401.765538
269,2022-02-23,80.30076703068166,450630524.072964
270,2022-02-24,92.75824527697662,15831076055.79494
271,2022-02-25,79.89902980122012,46597557.86439333
272,2022-02-26,65.99720687538304,1193.5867403314744
273,2022-02-27,79.65055494763166,688871433.3457911
274,2022-02-28,77.31610414657673,83224356.14181052
275,2022-03-01,85.24966680266537,152233893.32430202
276,2022-03-02,77.6247483559249,559003496.3949276
277,2022-03-03,70.03926229722283,20687649.588490255
278,2022-03-04,80.26102394068332,2187986.6092995573
279,2022-03-05,67.51897591161385,1312.4560858364607
280,2022-03-06,71.11491715576773,380369.651768556
281,2022-03-07,71.35298834732487,166.4583134945472
282,2022-03-08,75.3359207981275,79821.601471037
283,2022-03-09,77.41137457748644,1028.983509167258
284,2022-03-10,73.00943901459365,1567905075.525006
285,2022-03-11,75.4525329654471,319412321.7974895
286,2022-03-12,69.41100404971387,53134.955425219465
287,2022-03-13,70.40814015851292,137629.00095345956
288,2022-03-14,72.08246832856511,751027.6256640877
289,2022-03-15,78.81027724122329,912401446.527532
290,2022-03-16,84.18381538985533,1578603590.703228
291,2022-03-17,82.7958413179647,83257731.679461
292,2022-03-18,79.92988377473618,877098.4970195191
293,2022-03-19,80.99101988454171,540529662.008426
294,2022-03-20,72.26703606740614,678.8343034339041
295,2022-03-21,72.96080959133693,399609649.8842132
296,2022-03-22,80.89599676097046,1129.3915177893653
297,2022-03-23,79.5389195763444,41691.681244615815
298,2022-03-24,82.73510867336526,3092976712.305613
299,2022-03-25,79.13239708684588,16308240.58863464
300,2022-03-26,67.00279372963001,1811.968751616747
301,2022-03-27,71.86656406310063,5123921.500577159
302,2022-03-28,79.57269598470292,1071.9790949649432
303,2022-03-29,79.27463063713523,1142376.7957868131
304,2022-03-30,75.5261643589287,55393842.952809066
305,2022-03-31,79.39206579835,3109868068.061896
306,2022-04-01,77.13777482019897,107526454.95103832
307,2022-04-02,75.76657075066859,388820.3197284041
308,2022-04-03,77.70731152348709,307071.82616170566
309,2022-04-04,83.91850660301454,98218502.64802948
310,2022-04-05,80.042130884271,20174.544113219028
311,2022-04-06,81.91765182391238,3759797100.5046654
312,2022-04-07,83.70758881648123,2060187779.6641548
313,2022-04-08,84.82233331606457,2229139916.9649587
314,2022-04-09,73.44008353920891,157.51936938084282
315,2022-04-10,73.87173034393342,604.454180329952
316,2022-04-11,83.48948873613881,83396606.12149437
317,2022-04-12,84.15673139645709,596712317.7128651
318,2022-04-13,80.05069499148645,1970812659.2737343
319,2022-04-14,81.88637050468382,714182460.0557525
320,2022-04-15,88.22304535246846,9694110139.522743
321,2022-04-16,85.61297374240577,1270641626.1629035
322,2022-04-17,84.32656728505971,45187.92880463658
323,2022-04-18,87.7903531612609,15365128176.386642
324,2022-04-19,82.60657157412109,13817976834.765018
325,2022-04-20,85.79805276381965,9165111552.539085
326,2022-04-21,81.45633565879926,15061587976.20218
327,2022-04-22,83.3991166432445,2921768189.882055
328,2022-04-23,78.66777027207385,97596.95618508563
329,2022-04-24,78.98089188030954,123246335.8896616
330,2022-04-25,89.8415969758948,29945481104.7316
331,2022-04-26,82.98706338939213,4970849542.208056
332,2022-04-27,86.11912453359373,6894013862.033694
333,2022-04-28,87.41372678038131,9792817847.657293
334,2022-04-29,97.98540312753848,7236864070.134434
335,2022-04-30,94.09998978653904,18269644101.105686
336,2022-05-01,78.90926229101521,1916441620.3632329
337,2022-05-02,79.02181044646062,4083076119.655663
338,2022-05-03,74.52236293281054,17646059993.70276
339,2022-05-04,83.84865376256104,14351631358.899902
340,2022-05-05,89.25121142565585,28128640864.48397
341,2022-05-06,87.44585513491364,40818388809.0408
342,2022-05-07,75.69420335916696,18138553527.674145
343,2022-05-08,86.60853831359383,17357195315.950066
344,2022-05-09,104.95430039804488,219799191295.59167
345,2022-05-10,83.37210578842283,104551925016.9076
346,2022-05-11,99.11537952397424,620320231708.2123
347,2022-05-12,106.8359683794464,586521209022.0853
348,2022-05-13,100.32270430388584,37355955584.89617
349,2022-05-14,83.97981646837698,8082209271.069424
350,2022-05-15,69.60276591518473,160754784.1274443
351,2022-05-16,80.1337162211915,17769356783.04052
352,2022-05-17,70.10899127768107,7678955801.061642
353,2022-05-18,74.3186248314114,22923163758.33539
354,2022-05-19,72.0256601336407,9466181030.084198
355,2022-05-20,71.34350376356183,3326292074.6228647
356,2022-05-21,62.039398714995706,1970273024.1424737
357,2022-05-22,61.258437400718456,20306538.378235355
358,2022-05-23,68.6422237380624,929558833.2070327
359,2022-05-24,66.84169110459456,3431233730.424638
360,2022-05-25,73.8177148271905,1691918838.8388512
361,2022-05-26,76.30849478390502,21419736861.722706
362,2022-05-27,86.69313708711307,23435209481.941376
363,2022-05-28,70.41387991760526,291816593.27783245
364,2022-05-29,59.435658530541566,134.54791227852945
365,2022-05-30,69.64495023493188,11391816.125423135
366,2022-05-31,69.65256909207369,2046437140.0098035
367,2022-06-01,72.36979256805165,52740111.974979214
368,2022-06-02,65.30476120822058,79044100.94170986
369,2022-06-03,64.79345780507035,15113495513.490046
370,2022-06-04,63.28112617822984,7773076.087613507
371,2022-06-05,63.16332462203534,3048.9442395525466
372,2022-06-06,71.32708492731439,882073679.4988824
373,2022-06-07,72.49942491373808,4177829240.4319687
374,2022-06-08,69.58321986482756,245167670.68378145
375,2022-06-09,69.564541524005,8288.017094444302
376,2022-06-10,76.5467660556279,38797140806.49881
377,2022-06-11,75.20070465314159,54597591755.29314
378,2022-06-12,75.28587280842403,28127657386.841244
379,2022-06-13,95.3631031125982,561166164491.3754
380,2022-06-14,87.97809449050646,161907368849.4085
381,2022-06-15,87.03366836658952,230709048477.81024
382,2022-06-16,80.35676306575009,8037918291.494083
383,2022-06-17,70.9113720073662,42918919.5295684
384,2022-06-18,89.31461263909326,299220852828.1499
385,2022-06-19,77.2692794584964,2272610913.742413
386,2022-06-20,84.24282070270712,23094017424.42339
387,2022-06-21,78.92774952483708,9150640299.93475
388,2022-06-22,76.15251104036086,4980438651.829476
389,2022-06-23,79.95299829554197,5862381370.883137
390,2022-06-24,84.88046685635888,22391228668.866936
391,2022-06-25,74.03373804368626,16370462495.277552
392,2022-06-26,65.26736665905753,4725964911.419885
393,2022-06-27,77.30531581266423,27375754403.24345
394,2022-06-28,72.66057889344172,2459866581.9055514
395,2022-06-29,79.45838506103777,18180476271.91936
396,2022-06-30,80.9949242462886,20575561503.0102
397,2022-07-01,73.64697322467995,10706946647.481462
398,2022-07-02,62.71645908664815,12827257697.015451
399,2022-07-03,63.64614310465198,16824033974.33598
400,2022-07-04,70.99581611840364,21814080939.804157
401,2022-07-05,74.20136321929513,9292741406.466675
402,2022-07-06,71.86531040819013,4010606798.787162
403,2022-07-07,63.940018978174805,809107969.6488366
404,2022-07-08,69.57135731031998,2157902632.471933
405,2022-07-09,56.466020652118914,3650.214176712964
406,2022-07-10,53.842347611817594,35.03721034422694
407,2022-07-11,64.61965833629081,295279370.33729875
408,2022-07-12,73.17094995317943,3218368909.2433534
409,2022-07-13,73.6803883915284,43980242797.057655
410,2022-07-14,79.2013774261485,46799320652.84533
411,2022-07-15,82.41094589461126,25406537675.976105
412,2022-07-16,71.7061999253369,36638757325.44051
413,2022-07-17,72.17124186507407,1943129625.95449
414,2022-07-18,84.2087583775194,36384773452.252655
415,2022-07-19,77.34710171927385,39156013555.08487
416,2022-07-20,71.87464985994309,7677647272.73581
417,2022-07-21,78.86106471253885,13553298535.920534
418,2022-07-22,78.16132644977937,4594362542.876668
419,2022-07-23,72.91553622400434,7890551864.447776
420,2022-07-24,68.2470143045008,1016349143.2784427
421,2022-07-25,86.26843241687051,18870842344.518127
422,2022-07-26,76.8457182541799,33794110501.903465
423,2022-07-27,69.63378120901723,13264698107.937988
424,2022-07-28,74.95761885203875,12294875871.193571
425,2022-07-29,77.2724861653028,2517503310.3253727
426,2022-07-30,73.97190506735038,1872647.5357023664
427,2022-07-31,70.23665116754411,240264.82216034044
428,2022-08-01,76.75156778817475,1157793486.5628564
429,2022-08-02,65.2897301158102,115222820068.34789
430,2022-08-03,71.78407015919554,26379322630.55576
431,2022-08-04,71.13462145110421,4533435.75880653
432,2022-08-05,77.48948980393178,1702888210.189921
433,2022-08-06,68.15465174854846,393166.657979159
434,2022-08-07,71.0262960613569,53894846.020327054
435,2022-08-08,79.52475809503198,6887649158.726608
436,2022-08-09,75.15328545396109,4392347101.004598
437,2022-08-10,87.9302164302017,38612154203.181564
438,2022-08-11,88.05374682416998,1906779756.6979885
439,2022-08-12,80.21204604890669,7066743869.344429
440,2022-08-13,82.80128256728048,15505315511.69934
441,2022-08-14,70.93852364178663,138178794.86570695
442,2022-08-15,82.30102801747063,5865777696.6223755
443,2022-08-16,71.07574023000504,487842802.2289912
444,2022-08-17,81.48294972422566,15308961654.162222
445,2022-08-18,74.88889185153597,2884707933.14678
446,2022-08-19,83.70229908137063,11285744116.639347
447,2022-08-20,73.54872918713353,730801483.0988905
448,2022-08-21,67.6175042902679,13996366208.791414
449,2022-08-22,76.06428571428499,3287393368.0702505
450,2022-08-23,77.9587076438147,1480647144.9653842
451,2022-08-24,76.64168612054316,828211014.6761473
452,2022-08-25,78.20240858218506,1673271.7594512445
453,2022-08-26,86.763064921851,39746668976.56366
454,2022-08-27,74.41751858074406,618925790.5398843
455,2022-08-28,72.35052312617894,29627949.690183297
456,2022-08-29,78.19372574385481,3370699268.4557247
457,2022-08-30,100.01353183795698,50501759861.312645
458,2022-08-31,78.66883281289523,19702349165.863243
459,2022-09-01,78.58504495285446,922535331.8186848
460,2022-09-02,64.29474526540368,723305904.0703233
461,2022-09-03,60.110412147505336,298.1360809833714
462,2022-09-04,55.21777543034116,268004.39315295254
463,2022-09-05,65.00149185495279,255814.3426694584
464,2022-09-06,66.78553271842557,6236998421.205148
465,2022-09-07,73.65281978080425,2496836050.946596
466,2022-09-08,63.840745710725706,305.1818508578555
467,2022-09-09,70.1162239318723,9211963.628126975
468,2022-09-10,59.25364030858246,16223.896046287344
469,2022-09-11,58.72583611635456,13791.133076811426
470,2022-09-12,66.56060349211721,1120345.2914537597
471,2022-09-13,67.41894519528584,12637039612.957336
472,2022-09-14,62.770122652357045,1392519258.6410315
473,2022-09-15,71.67945002036038,16249590320.603155
474,2022-09-16,67.1233706000098,2540807486.2259016
475,2022-09-17,53.65260647523648,40.44088456349946
476,2022-09-18,61.57534809514596,487549181.23740816
477,2022-09-19,63.33179237826068,247717300.1398822
478,2022-09-20,64.46686814139606,475712415.5244077
479,2022-09-21,72.25849251673857,13779603436.683064
480,2022-09-22,66.19284184176956,5914.5807398849565
481,2022-09-23,67.18278812035112,524798020.368688
482,2022-09-24,56.72329323090276,3341.0813644489544
483,2022-09-25,56.01209443800692,99.70751255310888
484,2022-09-26,67.47043293323823,12127801.888821056
485,2022-09-27,75.43165969316645,3178084990.4786434
486,2022-09-28,72.68292682926845,17237925853.51904
487,2022-09-29,69.60247845870836,1084167964.5489657
488,2022-09-30,72.67613484240015,1082047116.4840007
489,2022-10-01,60.11566259274371,96.6340672797561
490,2022-10-02,64.78326959617151,294.28544628038884
491,2022-10-03,72.02943239256017,61.63982200295112
492,2022-10-04,64.95224524009046,898.5626152556475
493,2022-10-05,66.35880672187528,77127293.40086806
494,2022-10-06,64.85101270993016,4871695149.200212
495,2022-10-07,67.78474424459581,132965912.23082072
496,2022-10-08,64.23617067674606,20.81616631533052
497,2022-10-09,62.16911764705902,4757140886.591307
498,2022-10-10,70.64563013037181,638385130.8030167
499,2022-10-11,70.98334056608371,58448308.1964659
500,2022-10-12,65.03257564789337,19396580479.028763
501,2022-10-13,73.40126374686452,132304029800.09456
502,2022-10-14,70.65898046457272,158784288558.76196
503,2022-10-15,58.82978516810299,123923542566.40208
504,2022-10-16,67.88874767816985,54984577857.56944
505,2022-10-17,69.18092724295528,49666731720.88298
506,2022-10-18,63.43801925025305,72761793922.06566
507,2022-10-19,57.54496456732216,116588874038.9862
508,2022-10-20,51.92225485598604,111074685172.65494
509,2022-10-21,57.05949561778257,97393277811.02536
510,2022-10-22,54.736595498019135,63430172979.991165
511,2022-10-23,53.62565374978696,57961029789.17665
512,2022-10-24,55.69920035321768,78995728761.57988
513,2022-10-25,62.23610085192275,170285676817.70764
514,2022-10-26,64.47694275182396,92980951050.45158
515,2022-10-27,65.73750726321913,60270162608.0835
516,2022-10-28,63.32925647856658,34885394277.78659
517,2022-10-29,59.93767174922775,23742746387.35242
518,2022-10-30,62.47781603301341,2312981147.2677383
519,2022-10-31,67.00054789062115,29028000392.07584
520,2022-11-01,63.15367184835045,25637928048.3858
521,2022-11-02,65.98523994302265,91353248497.88297
522,2022-11-03,60.788013916793055,56261897305.07745
523,2022-11-04,63.78125910813129,293866898821.9998
524,2022-11-05,61.83987421996858,118186554720.36543
525,2022-11-06,59.63439073150731,86089353273.98189
526,2022-11-07,66.93976022254543,116267918873.40436
527,2022-11-08,67.78104773217652,642243336689.0513
528,2022-11-09,89.40801324181018,205021518513.9712
529,2022-11-10,89.19464169655532,137861992513.85266
530,2022-11-11,85.0035122152779,98064014825.2071
531,2022-11-12,74.69173630454931,33884678598.10037
532,2022-11-13,67.99951237352121,9516900342.039005
533,2022-11-14,73.05739201460666,43148002784.40775
534,2022-11-15,79.12627414814143,18113325593.8076
535,2022-11-16,76.36161876718681,16023212839.808306
536,2022-11-17,68.47662302965536,29823108598.200203
537,2022-11-18,68.78945035461047,3914938264.81688
538,2022-11-19,63.94838024941501,2807861436.722091
539,2022-11-20,66.23433249067155,963439101.5860976
540,2022-11-21,75.19807809268907,12788574346.081392
541,2022-11-22,68.3291948014237,93999792779.79184
542,2022-11-23,74.34280548293286,15123778958.5513
543,2022-11-24,74.70125449771437,16721460871.660686
544,2022-11-25,74.998985997103,7704681697.480598
545,2022-11-26,66.40721960642314,4252337048.082384
546,2022-11-27,67.91476445475386,2603602126.8842654
547,2022-11-28,72.090555393444,43207628660.192566
548,2022-11-29,73.40831575027904,2678982954.1381907
549,2022-11-30,76.79102712557616,21977392897.400223
550,2022-12-01,76.11250646376647,10210485939.665812
551,2022-12-02,79.3855508579951,23308828469.625065
552,2022-12-03,78.34240504744508,12363559758.899426
553,2022-12-04,75.13652906570913,1280332916.131101
554,2022-12-05,73.35987347048851,4078276132.5514255
555,2022-12-06,77.01509516517042,5220646486.00842
556,2022-12-07,76.8913815205602,20985037192.43985
557,2022-12-08,82.07869434446006,20766527340.728767
558,2022-12-09,77.25344217151846,46301427828.10328
559,2022-12-10,72.63415471374279,16350118475.34698
560,2022-12-11,72.0137569279493,10948897562.198055
561,2022-12-12,74.93005080109482,24130463180.134804
562,2022-12-13,80.21035429141685,65602198946.68169
563,2022-12-14,83.75807871243654,46624690771.462105
564,2022-12-15,75.84206748025856,64063307104.847855
565,2022-12-16,78.77194112946883,127192365740.81316
566,2022-12-17,79.69570630081239,33644312906.0319
567,2022-12-18,74.03067225848073,33652107650.976955
568,2022-12-19,78.28917934543904,86405448989.59795
569,2022-12-20,79.19659537542739,64938466800.48539
570,2022-12-21,75.87814379275964,41371043636.839874
571,2022-12-22,74.4916270621315,41082441748.96337
572,2022-12-23,70.82125495475321,42444544177.4113
573,2022-12-24,70.8680510544946,33008512171.16154
574,2022-12-25,67.79348534201985,18429284167.560577
575,2022-12-26,68.8599114608958,16540356523.600082
576,2022-12-27,70.48639746555371,20153013684.85175
577,2022-12-28,72.26950548087902,18960054654.658974
578,2022-12-29,75.63760881325854,24762449829.81457
579,2022-12-30,74.58271400375197,20856943655.403748
580,2022-12-31,73.30906835380186,20837750156.21318
581,2023-01-01,64.59752475247504,12406450453.614107
582,2023-01-02,68.78272939076993,16814285900.629526
583,2023-01-03,75.46368521407506,19211789726.1722
584,2023-01-04,78.79936338171568,39609252634.87851
585,2023-01-05,77.35931435963828,36801531879.16295
586,2023-01-06,83.29266353630952,39648589429.03088
587,2023-01-07,73.55743344301501,26808196472.300365
588,2023-01-08,77.27516512876322,24646518627.35377
589,2023-01-09,83.6336184947549,42619884022.50067
590,2023-01-10,74.05249343832058,30587116503.748367
591,2023-01-11,74.24855756463859,32597336943.157536
592,2023-01-12,76.03991050808298,37087090712.42433
593,2023-01-13,71.76158940397323,23014431814.14241
594,2023-01-14,74.79083032490993,84119497279.19888
595,2023-01-15,69.50559289486277,19921280242.372498
596,2023-01-16,74.26926062487891,33609950332.36664
597,2023-01-17,74.9796754020248,26065298789.40492
598,2023-01-18,79.57756489493246,64685829615.18079
599,2023-01-19,79.67725620758982,32508712924.096077
600,2023-01-20,78.99626723546963,32297032822.90525
601,2023-01-21,74.23154446963903,32847384588.929768
602,2023-01-22,74.38446509530782,29821221467.00912
603,2023-01-23,74.01104312789197,37326487636.02747
604,2023-01-24,75.68568409931285,35694139028.398384
605,2023-01-25,74.59468906379682,36691510110.44717
606,2023-01-26,77.88698777493694,58403351155.09718
607,2023-01-27,84.05944595097628,60438486638.84578
608,2023-01-28,77.94237762237769,37551265482.785934
609,2023-01-29,77.49551371161385,43907171105.30753
610,2023-01-30,81.19483933539226,61292246151.38816
611,2023-01-31,78.53417479152577,62954535111.28541
612,2023-02-01,81.93145518515733,82530928442.1096
613,2023-02-02,80.33057683010645,157294707664.79837
614,2023-02-03,77.19820285065073,130190802249.36462
615,2023-02-04,74.92521690169652,92144548815.48828
616,2023-02-05,72.30395043395882,86757700789.10107
617,2023-02-06,75.79472658786877,106858015464.7394
618,2023-02-07,75.82524687625921,131986761333.70506
619,2023-02-08,76.62056818469854,163179882307.33838
620,2023-02-09,79.71866783523171,269137337709.2132
621,2023-02-10,76.48971909237204,230852908584.9897
622,2023-02-11,68.87402367669064,293603204905.7636
623,2023-02-12,70.12399176725852,255797041718.8848
624,2023-02-13,75.5104484874695,206080789603.0848
625,2023-02-14,74.24164319498287,283648306815.97144
626,2023-02-15,78.21246091058515,238193952925.35333
627,2023-02-16,83.2123401295027,273665218191.1464
628,2023-02-17,80.44818355640521,237703562226.84305
629,2023-02-18,74.70792011583785,239968665845.13684
630,2023-02-19,74.70411321319777,189801818578.27783
631,2023-02-20,73.00428825171248,123976753042.40982
632,2023-02-21,73.14671953857234,138014232493.74933
633,2023-02-22,75.32736440447043,145290887315.8169
634,2023-02-23,83.46678749433576,232269497527.8902
635,2023-02-24,76.2370085309073,140203219507.34387
636,2023-02-25,71.97957568081041,100565453205.3696
637,2023-02-26,73.30339216767737,112009842610.78168
638,2023-02-27,72.43082111748441,103223887365.92496
639,2023-02-28,67.67847471072551,233300641360.25305
640,2023-03-01,73.0966432852268,232204143477.6352
641,2023-03-02,74.89268745852561,110443396879.473
642,2023-03-03,73.92199525952724,119754851107.94196
643,2023-03-04,70.28628267777472,75065517928.79753
644,2023-03-05,69.97564148344638,57893906467.66018
645,2023-03-06,73.61251400724493,80013052416.08194
646,2023-03-07,74.02444826219116,97721312309.85408
647,2023-03-08,73.9583112196157,95547205072.64093
648,2023-03-09,79.70800104931784,131026732491.28612
649,2023-03-10,81.073790806129,157884813844.44858
650,2023-03-11,84.0521270532161,322246871147.7512
651,2023-03-12,73.55769381823913,105707167031.42091
652,2023-03-13,77.36464551261926,123228946069.15408
653,2023-03-14,79.65713679520499,148564613096.6444
654,2023-03-15,73.756830817063,115408600473.20032
655,2023-03-16,72.98567134787793,60010034900.9616
656,2023-03-17,76.97029830056049,111526840898.08585
657,2023-03-18,78.04588537744314,93302086224.64967
658,2023-03-19,78.48606769429814,71963998988.49586
659,2023-03-20,84.58879472943141,107701348467.11218
660,2023-03-21,81.61616967900062,156233409397.617
661,2023-03-22,78.15809605904725,128715505395.95844
662,2023-03-23,75.82041147523795,77491978675.32556
663,2023-03-24,77.73136165976851,112373546276.68892
664,2023-03-25,73.72745593224688,60198577989.08131
665,2023-03-26,77.43422693266783,120982213319.11748
666,2023-03-27,78.24096352969768,144088733917.43237
667,2023-03-28,80.79365121742903,143521204220.08453
668,2023-03-29,75.16700494405399,149045588012.41193
669,2023-03-30,75.03903023504775,96653223590.11789
670,2023-03-31,78.82141686212185,88032116878.95105
671,2023-04-01,73.34798648195371,57185561627.835045
672,2023-04-02,69.07915172467145,54765173151.03127
673,2023-04-03,76.03512898925707,77505240408.47937
674,2023-04-04,75.59445086705294,77804395931.85268
675,2023-04-05,75.57936772046611,76427648047.1879
676,2023-04-06,76.65432350988307,85310298077.75308
677,2023-04-07,73.48669744662426,82953847928.52342
678,2023-04-08,72.06595777469514,84949990001.43625
679,2023-04-09,72.51347878601054,89141255561.68976
680,2023-04-10,72.19596999257526,103615201963.29263
681,2023-04-11,73.0093076463099,118369747941.71384
682,2023-04-12,70.87600278587438,125869145642.24667
683,2023-04-13,68.84251678294034,157067461919.29303
684,2023-04-14,69.62006699466254,166240323932.3759
685,2023-04-15,62.170065540381536,160146743699.7227
686,2023-04-16,61.969659063689335,146781269766.5797
687,2023-04-17,65.75575700175844,178799006913.87262
688,2023-04-18,66.69106259410694,216090916239.87143
689,2023-04-19,63.07091349424493,285413012766.7452
690,2023-04-20,60.07173300958324,227771796389.11533
691,2023-04-21,60.58605416350285,223271006894.84628
692,2023-04-22,54.22835508872132,244965110080.19968
693,2023-04-23,52.7501229709787,349152392209.2593
694,2023-04-24,61.0274686878456,428683378906.68713
695,2023-04-25,60.22075155940997,355387542138.1564
696,2023-04-26,57.16522196612846,377866262912.35913
697,2023-04-27,57.00719311553523,414189625826.03845
698,2023-04-28,53.40620372734228,382534234774.37823
699,2023-04-29,49.25971307499887,337146464935.0506
700,2023-04-30,51.01210905767683,290575135698.4933
701,2023-05-01,54.310752688172094,231689999193.2816
702,2023-05-02,56.101672679566775,192462826526.97296
703,2023-05-03,55.10279692137386,214065800030.2161
704,2023-05-04,50.573527196022205,214107723487.1738
705,2023-05-05,53.13268325314538,216976064143.134
706,2023-05-06,49.535116972994985,180823838352.87775
707,2023-05-07,49.285969889834384,147857024317.87698
708,2023-05-08,55.61885256076067,165333872030.44263
709,2023-05-09,55.20014008054671,139127019281.9393
710,2023-05-10,59.56522489217516,166401543637.28116
711,2023-05-11,58.346869079668686,146746328302.4296
712,2023-05-12,58.62700851256752,141236160276.83148
713,2023-05-13,52.00347541146374,126946022484.536
714,2023-05-14,51.32785057841449,120446641543.54088
715,2023-05-15,59.01911669408281,131952282661.48546
716,2023-05-16,60.26029707144076,124664860760.72691
717,2023-05-17,60.32042804502546,117737813537.995
718,2023-05-18,62.282612484748846,111454264285.36353
719,2023-05-19,60.595900182715006,127458986424.84589
720,2023-05-20,58.94932474913838,111871629430.45505
721,2023-05-21,56.19128165231978,116442369694.36902
722,2023-05-22,63.95293831432123,132341677547.56038
723,2023-05-23,62.84143126177022,119504748240.48254
724,2023-05-24,64.64026652532745,142572857165.5583
725,2023-05-25,63.62679933329975,124639064173.74036
726,2023-05-26,66.90604329524982,146723429180.18616
727,2023-05-27,60.962251570714685,120298207341.14514
728,2023-05-28,56.924859301323295,124292588580.63892
729,2023-05-29,65.48100527490327,137547018971.93063
730,2023-05-30,66.60995042492924,152557027861.3982
731,2023-05-31,65.12318768123174,134707605022.84164
732,2023-06-01,63.85805659315356,131903198496.45056
733,2023-06-02,65.39855539068874,137065280383.4598
734,2023-06-03,57.26173852795398,130324878347.88948
735,2023-06-04,57.45358104047469,125801814679.5418
736,2023-06-05,63.58957056800836,156020540791.25098
737,2023-06-06,63.18393557922645,142313236366.1307
738,2023-06-07,61.62946394335256,132898403258.91226
739,2023-06-08,60.21238181582667,130323256507.25598
740,2023-06-09,65.39391770071109,139119289636.5471
741,2023-06-10,71.31558519367495,297945556100.9557
742,2023-06-11,57.647026589776125,136126838843.97122
743,2023-06-12,65.71949699170662,172382818514.37793
744,2023-06-13,65.23953103230787,174031043882.61572
745,2023-06-14,71.0451292300209,247168437749.37103
746,2023-06-15,70.05558534884979,211141955309.84692
747,2023-06-16,63.253063272419915,154655921911.42648
748,2023-06-17,57.66364656831328,142288494855.49277
749,2023-06-18,53.04630673624041,137815333592.05457
750,2023-06-19,59.654628116060714,142611338222.93716
751,2023-06-20,61.921244707654566,152363749789.21457
752,2023-06-21,64.40266179540718,151517759796.87112
753,2023-06-22,61.55554688921808,153468736587.452
754,2023-06-23,60.20925161591769,143860236618.80682
755,2023-06-24,58.332783395423206,130313308968.28957
756,2023-06-25,57.939108987205465,133303453767.98418
757,2023-06-26,62.43779218431235,133747842420.43634
758,2023-06-27,62.729837148682655,143768183136.79526
759,2023-06-28,62.98417463871363,165734535308.04068
760,2023-06-29,63.48034567145893,139323317632.13074
761,2023-06-30,67.88516746411449,175032365717.01556
762,2023-07-01,58.23409695498368,114274924666.52711
763,2023-07-02,57.33813976001851,107647226632.1757
764,2023-07-03,62.740716264646856,126757667609.14548
765,2023-07-04,61.499281535461115,117469154774.311
766,2023-07-05,59.329512529863216,99305276047.58641
767,2023-07-06,61.22505055611731,99908744186.22517
768,2023-07-07,56.756685233258736,80567165864.98062
769,2023-07-08,54.38704697307148,71511742058.47247
770,2023-07-09,55.55591253237708,74261770543.12119
771,2023-07-10,63.743969048702695,105906308427.15488
772,2023-07-11,64.11305748514965,101306627875.92354
773,2023-07-12,67.37977403129189,143643730837.9741
774,2023-07-13,69.60908512533413,206107682942.50287
775,2023-07-14,68.6193380231792,131381572692.00026
776,2023-07-15,58.2370578412021,80009241415.33475
777,2023-07-16,58.122392738856654,75910405707.64717
778,2023-07-17,64.09544805471401,89996123614.20065
779,2023-07-18,65.22981531747236,102830831712.10709
780,2023-07-19,64.26457055214826,98116436015.23213
781,2023-07-20,65.10581127878474,90217014833.17436
782,2023-07-21,62.98506442548647,93353508196.1143
783,2023-07-22,59.1237453107571,88708365917.84816
784,2023-07-23,56.49427734228211,67280501477.04132
785,2023-07-24,63.04673915798515,62017620371.2685
786,2023-07-25,62.27364566561096,60562068285.02207
787,2023-07-26,65.98982336818565,70930514320.19716
788,2023-07-27,66.17794147123644,109186755242.51128
789,2023-07-28,63.473975389501035,96545396328.076
790,2023-07-29,63.6414210618101,65118253778.72663
791,2023-07-30,62.13805672059148,52925476657.51585
792,2023-07-31,67.2309233427661,81966745041.48973
793,2023-08-01,65.7670797264219,82428333206.4476
794,2023-08-02,64.18738747876381,59374497718.43429
795,2023-08-03,66.22816202810705,62937654716.72774
796,2023-08-04,66.11382174848607,62529417918.632484
797,2023-08-05,60.05565417406301,88018620136.23521
798,2023-08-06,58.8992218685257,41419050872.34854
799,2023-08-07,64.99350517556286,50800670016.14383
800,2023-08-08,69.61310878470701,69517739129.06905
801,2023-08-09,66.80613817097436,74517151104.76134
802,2023-08-10,65.70357494941062,106641585387.1434
803,2023-08-11,62.85602531645533,85100697988.84921
804,2023-08-12,57.36810641159787,92803497139.44412
805,2023-08-13,58.01329501436968,57990225225.58169
806,2023-08-14,58.25899514587432,85938652754.3237
807,2023-08-15,60.08229096447204,64792098160.88385
808,2023-08-16,60.80946463190293,54190911407.14959
809,2023-08-17,63.469788934682526,119145284738.42989
810,2023-08-18,60.99710202362979,83054265778.20586
811,2023-08-19,56.73125324498703,57753087597.29549
812,2023-08-20,53.060473116135135,55905842678.034645
813,2023-08-21,55.38607547639844,67235205114.36566
814,2023-08-22,56.340036286664905,62952890135.39466
815,2023-08-23,57.06925073806365,64840208339.0549
816,2023-08-24,54.14628207994823,69560328497.58356
817,2023-08-25,54.435907027781845,79382520679.09306
818,2023-08-26,50.57614834807812,71717211533.69814
819,2023-08-27,48.2261401866796,70373473832.27515
820,2023-08-28,52.43153072403116,82086623645.55717
821,2023-08-29,55.23022091906356,121663610023.37634
822,2023-08-30,54.78791815524511,99661776748.96349
823,2023-08-31,57.66735288210512,97906190970.7061
824,2023-09-01,55.5723232169572,90833140698.82497
825,2023-09-02,54.85022401321535,71746468245.88232
826,2023-09-03,54.93724209513656,72386734670.47342
827,2023-09-04,63.91434997978185,98182204210.92513
828,2023-09-05,56.69348620886909,86971172578.74515
829,2023-09-06,56.57386022795432,113555656619.5412
830,2023-09-07,58.24443827176081,133303830536.68697
831,2023-09-08,59.87754122787084,116187846721.73093
832,2023-09-09,53.23769031009712,80126595129.92445
833,2023-09-10,52.16344242912135,89821651441.29306
834,2023-09-11,60.355392218347816,104771028897.69714
835,2023-09-12,55.98805842572373,120468220749.00291
836,2023-09-13,53.969797477260045,103238705447.73064
837,2023-09-14,55.16898492919011,109856664392.15433
838,2023-09-15,53.24433255680048,81306645606.71721
839,2023-09-16,50.94231680846265,75404205692.20366
840,2023-09-17,49.644457412529086,71129655275.63947
841,2023-09-18,54.07474409648327,72203762571.17865
842,2023-09-19,55.55819063494474,64997616721.65035
843,2023-09-20,57.16640165568779,65320963658.25948
844,2023-09-21,58.35866146685121,61977202872.99334
845,2023-09-22,55.90913217825527,56046636672.108
846,2023-09-23,54.40128645379541,55427379298.677895
847,2023-09-24,54.39674174668691,50385737460.133514
848,2023-09-25,62.202270275823125,66076744398.510544
849,2023-09-26,61.4961158009218,53199391715.24857
850,2023-09-27,56.3253084713396,43632287217.01739
851,2023-09-28,59.77369509991375,47127706987.91357
852,2023-09-29,56.36574431906007,32721943384.668514
853,2023-09-30,56.52885152571256,36947525120.21068
854,2023-10-01,53.67963646691256,42329967563.42698
855,2023-10-02,61.03953523848272,54765215197.01708
856,2023-10-03,62.68626446788897,68606076225.496155
857,2023-10-04,59.041361191042256,50760361848.0103
858,2023-10-05,59.83510530064076,34215435970.766613
859,2023-10-06,56.93295310519655,48421132765.54592
860,2023-10-07,54.850718045689,42621716753.85163
861,2023-10-08,53.48165065364638,35253193050.50658
862,2023-10-09,55.08476263399681,35207229159.59786
863,2023-10-10,54.503551392248966,39119132205.65691
864,2023-10-11,65.2620848826776,63815568436.608505
865,2023-10-12,66.04829588873591,51914441193.10336
866,2023-10-13,62.90011932871223,66038254966.886894
867,2023-10-14,61.40479974985036,35401814559.220856
868,2023-10-15,58.004811608961056,29691886712.083317
869,2023-10-16,60.089132214490576,78747831659.07489
870,2023-10-17,60.7037037037038,52367728610.49
871,2023-10-18,59.61678439803468,35038199581.25562
872,2023-10-19,61.93980244922681,37150084777.97137
873,2023-10-20,61.9167325697086,42948671766.95833
874,2023-10-21,69.95871741369743,54874032854.86892
875,2023-10-22,67.77494549271886,62343012504.30455
876,2023-10-23,66.72298905283232,112240677037.96292
877,2023-10-24,64.88964027667119,84031565271.74782
878,2023-10-25,59.05894227893531,57380440678.78384
879,2023-10-26,59.77813593203399,64749126519.8279
880,2023-10-27,55.80972026564705,65882536981.22838
881,2023-10-28,50.37783507735437,45247337723.212135
882,2023-10-29,52.87768670540732,48170265063.48265
883,2023-10-30,58.158211264441846,46827318410.863785
884,2023-10-31,62.19251243345919,52748285312.90049
885,2023-11-01,65.8904584757691,53245500800.69908
886,2023-11-02,67.77380952380955,59434982123.533226
887,2023-11-03,58.74681311035479,50923930443.73466
888,2023-11-04,55.22849503052317,36910838946.46802
889,2023-11-05,55.37331093785231,32564422357.231937
890,2023-11-06,61.42923631268127,83240006620.43321
891,2023-11-07,60.077496532593216,147696973477.90677
892,2023-11-08,57.56321753206307,173290021093.64584
893,2023-11-09,62.052615686570405,197829733556.80823
894,2023-11-10,56.71342710359592,177530143463.09332
895,2023-11-11,58.978557993730185,77416877852.7619
896,2023-11-12,62.35606870323851,38645885694.21509
897,2023-11-13,71.61524591806022,50484908761.62388
898,2023-11-14,72.55364354697174,71012941515.15683
899,2023-11-15,153.7188114866377,99682310195.68336
900,2023-11-16,408.0386971944518,1584589199481.4504
901,2023-11-17,190.75687886058387,377810040223.509
902,2023-11-18,81.9264434617822,9290205736.581694
903,2023-11-19,93.21525317250945,8946842651.327
904,2023-11-20,82.16599825632052,20203117029.84092
905,2023-11-21,69.44751130078994,9531818357.793165
906,2023-11-22,67.30576716537131,867840105.7997086
907,2023-11-23,195.65081653451375,124634396164.84224
908,2023-11-24,401.19565916001307,571752668785.8463
909,2023-11-25,129.07813052036605,67841148208.033005
910,2023-11-26,176.63501558258636,69026627296.25873
911,2023-11-27,206.7186950183483,32420225545.403336
912,2023-11-28,265.7004369197164,70257114468.89052
913,2023-11-29,284.9647067620481,112413503449.93529
914,2023-11-30,374.22786539177656,349677802014.9622
915,2023-12-01,133.39520928139154,85043209085.87643
916,2023-12-02,120.0469251979452,7351041535.704323
917,2023-12-03,159.7568930646935,8447547934.9904175
918,2023-12-04,153.2455206670194,45346517180.8741
919,2023-12-05,144.01408880525065,59526127828.83585
920,2023-12-06,200.032818678689,92825430630.53114
921,2023-12-07,260.2695321244676,142019008198.71234
922,2023-12-08,336.19165183866863,453207421419.1805
923,2023-12-09,134.75791655083376,62548447066.41489
924,2023-12-10,134.22399832289665,40231438740.73665
925,2023-12-11,147.25976746621993,317145807013.8186
926,2023-12-12,203.6447516560605,85417100791.28235
927,2023-12-13,250.2345118733533,190117345992.43756
928,2023-12-14,213.3572220462456,146247891383.48172
929,2023-12-15,165.939065108515,101729937570.06512
930,2023-12-16,109.29785069643806,379208793053.734
931,2023-12-17,100.32134897049498,88276602910.00995
932,2023-12-18,93.32123339048472,56299194185.8423
933,2023-12-19,128.074200793982,98068818922.45473
934,2023-12-20,208.9714561536252,446817648516.1141
935,2023-12-21,179.17685140040098,155286369587.34872
936,2023-12-22,144.81776986567422,145799060157.45685
937,2023-12-23,133.3184736182521,70684497814.87753
938,2023-12-24,122.1949713163474,78405457499.9588
939,2023-12-25,96.27022936015155,65837029430.156334
940,2023-12-26,98.22839214123856,101163473215.69022
941,2023-12-27,102.4319494088534,115645357285.79602
942,2023-12-28,112.89563662915084,177507243095.42328
943,2023-12-29,112.48743880923271,147973859966.4319
944,2023-12-30,114.76069522036008,142726253556.82462
945,2023-12-31,101.89428112199884,94222865655.90244
946,2024-01-01,83.72122804137251,32231995080.72892
947,2024-01-02,97.00793093585078,44358359555.8843
948,2024-01-03,102.3705039732327,202554945423.4619
949,2024-01-04,94.3945791051061,64169529363.75017
950,2024-01-05,89.45884063238243,30786623342.25884
951,2024-01-06,83.61679601171805,16029603385.572147
952,2024-01-07,80.693536240164,4960777731.514433
953,2024-01-08,85.07073024480553,49685700670.56816
954,2024-01-09,88.78232555706593,47274575225.926834
955,2024-01-10,89.72420040964212,34800107586.44341
956,2024-01-11,91.96251610020236,54525524048.81951
957,2024-01-12,89.04376890020691,42451386990.22909
958,2024-01-13,80.8135463427514,133299.07414840144
959,2024-01-14,74.32838439049176,148075245.49180126
960,2024-01-15,82.7117759261124,3902620159.416055
961,2024-01-16,83.64943590255581,8978920625.38702
962,2024-01-17,90.36697545034656,37795816097.48085
963,2024-01-18,89.5312286420267,19175188853.24092
964,2024-01-19,94.7042561026939,37705946138.48115
965,2024-01-20,82.2469392044561,6132979157.574173
966,2024-01-21,80.75143172384837,4388230598.333163
967,2024-01-22,92.42051472145705,31525901449.476677
968,2024-01-23,86.9654051482632,59709681650.920654
969,2024-01-24,87.1974328749184,20287824802.554928
970,2024-01-25,88.97153110688512,30490128637.327133
971,2024-01-26,86.20530955042977,26006791430.276035
972,2024-01-27,84.99609800122137,12104855812.73489
973,2024-01-28,82.48242379221644,4788888218.670404
974,2024-01-29,89.66695964635667,29850869177.032127
975,2024-01-30,91.33587052527571,35285733024.9184
976,2024-01-31,92.68249274261404,62869184811.8484
977,2024-02-01,91.23655271025603,39308015591.82224
978,2024-02-02,90.53268520732102,45172067253.1709
979,2024-02-03,86.96567225173743,25303088367.62847
980,2024-02-04,87.42018212228197,45235786307.1069
981,2024-02-05,92.67039617555832,41903634292.348526
982,2024-02-06,89.90621233427073,24857089250.43922
983,2024-02-07,88.08399719424808,12698726944.660362
984,2024-02-08,90.09465370291741,21100595798.023003
985,2024-02-09,90.07759905052866,19511988124.24901
986,2024-02-10,85.42064745856227,4486669781.133466
987,2024-02-11,85.52312131539058,19949335945.0452
988,2024-02-12,89.01704827039384,57453074086.57962
989,2024-02-13,92.2365679824564,29514669244.87004
990,2024-02-14,99.39417846185687,28031396236.635735
991,2024-02-15,100.16412498392732,49788778495.51772
992,2024-02-16,99.02036602773217,43535328549.65178
993,2024-02-17,97.5671177477059,24478547393.68177
994,2024-02-18,100.5590408724903,22287745725.014767
995,2024-02-19,108.00341097110886,58510177425.110405
996,2024-02-20,107.10045059042872,87230857283.23253
997,2024-02-21,113.83821090500732,84933440289.68843
998,2024-02-22,114.80684383336778,87418905711.08075
999,2024-02-23,108.92770557199825,69035844259.50801
1000,2024-02-24,109.8945871176529,31204991030.676
1001,2024-02-25,106.43239604765218,17604176458.783676
1002,2024-02-26,112.42446894191173,35569009379.87402
1003,2024-02-27,112.22719109649616,47937487897.9925
1004,2024-02-28,115.1065221836026,156735811759.8273
1005,2024-02-29,117.11518784170129,68822496640.29762
1006,2024-03-01,116.5047699000226,55462538348.27004
1007,2024-03-02,116.6524535195061,43319398643.15342
1008,2024-03-03,116.32342492012812,54562186152.06893
1009,2024-03-04,118.321930921808,97651528540.03552
1010,2024-03-05,119.4305530110711,231718708448.29117
1011,2024-03-06,120.60835735605528,105398685402.58025
1012,2024-03-07,127.96457041629688,110604154717.80972
1013,2024-03-08,126.93340849304757,112161302029.88148
1014,2024-03-09,123.87530991735636,81849596522.80832
1015,2024-03-10,125.9524376345448,79111731023.55756
1016,2024-03-11,129.85423961029005,94786663321.51555
1017,2024-03-12,125.61543406706448,105711512504.42387
1018,2024-03-13,123.2252837533808,82309390143.89438
1019,2024-03-14,119.07402302371328,113526567179.88837
1020,2024-03-15,122.17627809801836,123080647445.44208
1021,2024-03-16,118.68747323610236,37253879304.14447
1022,2024-03-17,112.85393857055328,24155093718.187973
1023,2024-03-18,120.77061276868818,41765150356.58169
1024,2024-03-19,124.77587550729764,77846390154.2448
1025,2024-03-20,120.70835122370138,58602345727.01905
1026,2024-03-21,121.38140744797396,65332428232.575165
1027,2024-03-22,122.7326147900166,55928454902.26089
1028,2024-03-23,113.14898600095816,17863911660.45302
1029,2024-03-24,112.46982169191548,8687547017.953318
1030,2024-03-25,119.73391384548624,41887232413.26331
1031,2024-03-26,123.29163906188072,49108817576.24572
1032,2024-03-27,120.43668856767444,114268318915.2596
1033,2024-03-28,120.6027436785224,85594850678.07832
1034,2024-03-29,118.85243606998654,70326925852.9778
1035,2024-03-30,112.61550989386777,71922533968.05061
1036,2024-03-31,109.24399008328892,54343258681.64443
1037,2024-04-01,109.4913562011053,122554516030.1882
1038,2024-04-02,108.48318157471846,120277523671.4014
1039,2024-04-03,108.35197631621044,126951222226.41664
1040,2024-04-04,109.06516914749692,101692268690.68137
1041,2024-04-05,109.2694446640836,107289557473.96764
1042,2024-04-06,109.73825995807144,66597151694.201355
1043,2024-04-07,104.07721928428398,72913093755.15886
1044,2024-04-08,108.31016165692002,98796989658.18729
1045,2024-04-09,113.84955260231862,105465720580.06976
1046,2024-04-10,110.28988823842428,110300580176.02684
1047,2024-04-11,114.63910438178758,157451212730.26697
1048,2024-04-12,111.29083776968352,277632015266.189
1049,2024-04-13,113.297216378055,427260289430.37024
1050,2024-04-14,110.8975643955146,110266147706.7298
1051,2024-04-15,105.72040082219932,128358725551.56564
1052,2024-04-16,108.6958158995814,113571067579.3826
1053,2024-04-17,109.38184266404264,134354346571.59692
1054,2024-04-18,110.38727672859378,119115345721.6925
1055,2024-04-19,112.25552633634516,138795985336.3142
1056,2024-04-20,112.35267334791676,41372529253.71777
1057,2024-04-21,103.20057437669908,23240097452.97353
1058,2024-04-22,111.60905141933532,48746684584.348114
1059,2024-04-23,116.48179699429416,78012211689.14726
1060,2024-04-24,107.93371843095096,97794165837.63025
1061,2024-04-25,108.230688771508,69325683511.87758
1062,2024-04-26,109.5397869507327,90034577829.3006
1063,2024-04-27,109.14665086589972,48875476084.19186
1064,2024-04-28,106.97342016266494,44241416572.670815
1065,2024-04-29,112.56977220024572,23002437100.42065
1066,2024-04-30,122.18918030991571,64781252955.49258
1067,2024-05-01,116.97278967374952,64887494958.92953
1068,2024-05-02,110.56707755237416,7221742131.519675
1069,2024-05-03,106.49475374436,6895894893.739503
1070,2024-05-04,91.36788241129882,3189.84818421533
1071,2024-05-05,89.94885153342759,4547.111715642265
1072,2024-05-06,102.0763376932223,5618.138697318017
1073,2024-05-07,97.8339583173888,493.7924287645736
1074,2024-05-08,106.2186548223345,616.8416497462014
1075,2024-05-09,106.88933509556688,5646432324.94285
1076,2024-05-10,104.16941510562064,1700654258.5379398
1077,2024-05-11,92.32944671926484,16120.928318186372
1078,2024-05-12,95.81704442429768,26335.02478953488
1079,2024-05-13,102.6378428162092,418173678.0543146
1080,2024-05-14,104.7341035919204,1471127147.9621603
1081,2024-05-15,107.48280992613952,2734098686.48617
1082,2024-05-16,115.64756516796136,8105954290.366322
1083,2024-05-17,108.681317200679,3516259921.8832726
1084,2024-05-18,109.18290279627188,1596926079.2812796
1085,2024-05-19,91.47391924743644,173062.8035884158
1086,2024-05-20,111.71315988622467,10344030421.027052
1087,2024-05-21,114.0785029908426,7432976034.89463
1088,2024-05-22,111.39545442334038,5470160952.271857
1089,2024-05-23,111.05431935441273,44292671778.25315
1090,2024-05-24,109.08083266447424,8851200466.860222
1091,2024-05-25,101.4687168884867,7914270695.00472
1092,2024-05-26,101.16633835001176,519637674.5737422
1093,2024-05-27,108.68256651668416,580139344.973104
1094,2024-05-28,110.25165137378872,2763749704.253068
1095,2024-05-29,115.66440217391312,8453215168.802056
1096,2024-05-30,113.92290911002434,1485823187.9871857
1097,2024-05-31,107.74257011301783,103866060.1765649
1098,2024-06-01,95.43803575162016,934326.8787110572
1099,2024-06-02,102.06888538896546,4976307.471250445
1100,2024-06-03,105.15708410823292,73898428.48275132
1101,2024-06-04,101.99607422335043,175783771.42322382
1102,2024-06-05,94.35605369477408,538427175.1967149
1103,2024-06-06,97.7092785638532,724273.7269458598
1104,2024-06-07,100.6682645723909,11804881828.536356
1105,2024-06-08,96.69188225260464,315044.9291861554
1106,2024-06-09,99.3766826796179,102622147.32038276
1107,2024-06-10,94.71409409309936,75787.07707784869
1108,2024-06-11,106.84559822821733,8490094745.641044
1109,2024-06-12,109.2939004139094,5204784723.044962
1110,2024-06-13,109.17756823821354,16517779087.402773
1111,2024-06-14,104.89655784694148,11862549491.265932
1112,2024-06-15,92.38183596198648,17140885.756099448
1113,2024-06-16,88.8121685877172,40.01964201249693
1114,2024-06-17,99.69942557442575,1374357542.41037
1115,2024-06-18,104.86081953976606,49758014157.81488
1116,2024-06-19,104.75915357810206,12496231444.840816
1117,2024-06-20,106.0134244997118,7804052142.011594
1118,2024-06-21,108.92388799839688,67750503702.265366
1119,2024-06-22,104.50500927643849,410.16539270253753
1120,2024-06-23,101.9434617334006,68998524.94510876
1121,2024-06-24,107.3287151118938,37151375694.47572
1122,2024-06-25,102.85180402771208,11017633546.087387
1123,2024-06-26,110.56927325216544,474815.78732270567
1124,2024-06-27,116.26894694854369,1185829.4649232158
1125,2024-06-28,105.84659205995564,662665288.0081257
1126,2024-06-29,97.4746777049102,2457052240.8357024
1127,2024-06-30,95.92876712328787,5421287541.217643
1128,2024-07-01,106.10902822117214,10594944493.244757
1129,2024-07-02,106.71783622086488,50822.54411068182
1130,2024-07-03,95.56248105869315,3568616841.410104
1131,2024-07-04,102.9615432421006,30156187074.530315
1132,2024-07-05,103.5330493061266,120211877587.52856
1133,2024-07-06,94.26044718195264,9572995899.7551
1134,2024-07-07,90.89759140102952,6208233840.527502
1135,2024-07-08,98.86744313647272,26016156810.22176
1136,2024-07-09,96.12001094854232,12239751879.938469
1137,2024-07-10,89.51573754316708,17752657516.76506
1138,2024-07-11,88.02761653039576,24643614210.252045
1139,2024-07-12,89.16644986992182,7380287019.215577
1140,2024-07-13,90.87185117875731,1532765611.2608695
1141,2024-07-14,86.8613216691101,1215954916.1318688
1142,2024-07-15,95.42680334092623,3485449143.4614644
1143,2024-07-16,95.91756281344361,1192675288.6848772
1144,2024-07-17,97.23380574311798,567942396.8694303
1145,2024-07-18,93.42306356373773,3041444433.444396
1146,2024-07-19,91.38056310200038,872519465.8603363
1147,2024-07-20,81.83561780890457,1795451932.3223174
1148,2024-07-21,92.71276119402977,2211462359.6818705
1149,2024-07-22,92.48835053612592,3454550909.295452
1150,2024-07-23,97.54742715437091,1961951101.1583736
1151,2024-07-24,91.02114406253804,7299439.024941063
1152,2024-07-25,90.54233272650195,749780518.5608362
1153,2024-07-26,75.2439277251185,12039.995384083715
1154,2024-07-27,78.61165757820882,1138.8966524903967
1155,2024-07-28,80.06697791344884,41.055613985583406
1156,2024-07-29,82.907864545248,313900.6831236306
1157,2024-07-30,87.18531692213124,1310531013.657001
1158,2024-07-31,75.55785356375888,160.18030984763223
1159,2024-08-01,80.58793892739315,5700942913.394735
1160,2024-08-02,80.5583809426649,21269918658.64545
1161,2024-08-03,77.21044242782583,756528.8985835143
1162,2024-08-04,79.12183589031949,27526713559.45065
1163,2024-08-05,94.77497485104065,561121029593.9785
1164,2024-08-06,84.09262605951089,14639999511.408545
1165,2024-08-07,89.19000026163627,15963248985.272284
1166,2024-08-08,84.88673881601937,4157364632.841037
1167,2024-08-09,74.24895418326673,1043044519.9898632
1168,2024-08-10,68.96654470729779,425738.3874047708
1169,2024-08-11,75.72570462792683,36.33941442561
1170,2024-08-12,82.25620585267409,1789875614.228442
1171,2024-08-13,73.6468886037088,190.63224377846532
1172,2024-08-14,69.9907119974168,29296.991432190225
1173,2024-08-15,71.92951078379834,171932.84702287096
1174,2024-08-16,73.46867958539882,731122128.881976
1175,2024-08-17,61.744500594530464,31.217845818470146
1176,2024-08-18,60.48086782078912,27.744805210887403
1177,2024-08-19,71.5441077104028,100116.77241672752
1178,2024-08-20,72.1825077091417,611226.5467770833
1179,2024-08-21,81.88694334749027,5134248767.249519
1180,2024-08-22,79.47870894397337,5687588.29268713
1181,2024-08-23,79.9862847822863,5370069914.99374
1182,2024-08-24,74.07827291037235,4578623.188821722
1183,2024-08-25,67.02923011527065,73705.87462806022
1184,2024-08-26,73.44771796664297,418122026.8241793
1185,2024-08-27,75.91650882642644,5213968579.845543
1186,2024-08-28,75.80344853104465,1303899512.5985837
1187,2024-08-29,72.40086649470345,6113811.946908425
1188,2024-08-30,76.18729604614086,14686536921.360756
1189,2024-08-31,69.99435477662861,37.3557003925996
1190,2024-09-01,70.42235239471506,37.413320602807616
