,date,avg_count
0,2021-01-01,468.55955514453046
1,2021-01-02,474.7639734617829
2,2021-01-03,482.9727038321327
3,2021-01-04,535.6055787890078
4,2021-01-05,562.3357557655003
5,2021-01-06,577.3384812697058
6,2021-01-07,578.9151532654532
7,2021-01-08,548.746160185809
8,2021-01-09,534.5195194397007
9,2021-01-10,545.2026932154765
10,2021-01-11,579.566433124596
11,2021-01-12,560.9344043985299
12,2021-01-13,515.4274668205425
13,2021-01-14,591.8247389678584
14,2021-01-15,582.3619573247576
15,2021-01-16,581.7288374221256
16,2021-01-17,604.9042376893946
17,2021-01-18,594.2416090302102
18,2021-01-19,591.3706243341783
19,2021-01-20,605.7915593785132
20,2021-01-21,599.3483013778249
21,2021-01-22,595.5561991016323
22,2021-01-23,581.7930230271012
23,2021-01-24,583.1866568793106
24,2021-01-25,587.7562101017651
25,2021-01-26,613.8725047926508
26,2021-01-27,579.8718888527738
27,2021-01-28,577.630824013575
28,2021-01-29,600.8169565154844
29,2021-01-30,551.7761310949204
30,2021-01-31,578.1323055578963
31,2021-02-01,606.9033779009726
32,2021-02-02,640.7296947768948
33,2021-02-03,680.0945651099673
34,2021-02-04,733.9694276717308
35,2021-02-05,783.897047423816
36,2021-02-06,767.2674975709436
37,2021-02-07,756.0910543759804
38,2021-02-08,742.1049843675313
39,2021-02-09,771.9891194227774
40,2021-02-10,792.8889913426576
41,2021-02-11,784.2246526122211
42,2021-02-12,768.3105791739027
43,2021-02-13,789.300137891513
44,2021-02-14,805.0728971093974
45,2021-02-15,816.1102071077134
46,2021-02-16,772.3285268177024
47,2021-02-17,761.0981738126718
48,2021-02-18,794.7245749613595
49,2021-02-19,912.3394343451075
50,2021-02-20,1004.2579749987036
51,2021-02-21,947.3287250513991
52,2021-02-22,933.2930969111783
53,2021-02-23,970.323924910132
54,2021-02-24,1007.1439874580498
55,2021-02-25,1060.5783054973583
56,2021-02-26,1040.9844591495762
57,2021-02-27,1063.6863835295576
58,2021-02-28,1051.3181783767427
59,2021-03-01,1026.4000076602915
60,2021-03-02,985.4793072333777
61,2021-03-03,827.990494710043
62,2021-03-04,784.1958288622333
63,2021-03-05,734.7144234278932
64,2021-03-06,718.1501408840257
65,2021-03-07,709.8235910310794
66,2021-03-08,744.7036731516063
67,2021-03-09,764.6476399768882
68,2021-03-10,684.6971234589955
69,2021-03-11,604.7852164887302
70,2021-03-12,584.9030294534291
71,2021-03-13,558.6334473188986
72,2021-03-14,564.1156050469607
73,2021-03-15,581.1298666784776
74,2021-03-16,570.2474473039953
75,2021-03-17,527.3667082531554
76,2021-03-18,512.0973360110657
77,2021-03-19,526.7186019156443
78,2021-03-20,522.624926441407
79,2021-03-21,515.605188825806
80,2021-03-22,551.1957605712754
81,2021-03-23,555.3193554521778
82,2021-03-24,547.2262599215841
83,2021-03-25,570.6264974761852
84,2021-03-26,556.8996417089087
85,2021-03-27,547.2655811963278
86,2021-03-28,540.226397010199
87,2021-03-29,538.3495766025436
88,2021-03-30,535.6997358227343
89,2021-03-31,540.7170647909569
90,2021-04-01,533.9343569471565
91,2021-04-02,528.1912087735882
92,2021-04-03,540.1998032110941
93,2021-04-04,545.0310023905821
94,2021-04-05,527.7188345351453
95,2021-04-06,555.9585102546936
96,2021-04-07,568.885924709852
97,2021-04-08,551.6387152581888
98,2021-04-09,551.644547267888
99,2021-04-10,558.0995464063993
100,2021-04-11,546.4500377059853
101,2021-04-12,548.3964401534081
102,2021-04-13,557.3250284834726
103,2021-04-14,561.4259798657204
104,2021-04-15,555.2858015733591
105,2021-04-16,556.9239019090486
106,2021-04-17,553.5317845153721
107,2021-04-18,571.0165060818084
108,2021-04-19,559.1976663251658
109,2021-04-20,568.609671575963
110,2021-04-21,585.7575983691679
111,2021-04-22,627.8446535167395
112,2021-04-23,628.3024663280517
113,2021-04-24,603.4482064741906
114,2021-04-25,606.2240903016905
115,2021-04-26,607.5820599960779
116,2021-04-27,592.0593606717836
117,2021-04-28,592.7593226422589
118,2021-04-29,590.4401224539987
119,2021-04-30,589.6236636438578
120,2021-05-01,590.4779183095004
121,2021-05-02,598.9287251621132
122,2021-05-03,592.7619363688665
123,2021-05-04,604.3380045589497
124,2021-05-05,589.04213734568
125,2021-05-06,581.3379702666372
126,2021-05-07,584.0970094707858
127,2021-05-08,592.3339832912022
128,2021-05-09,599.2277584957487
129,2021-05-10,622.2294712049834
130,2021-05-11,626.007076934573
131,2021-05-12,632.7269839839618
132,2021-05-13,643.2750525230152
133,2021-05-14,633.260336759884
134,2021-05-15,637.0892994148005
135,2021-05-16,637.5970619175881
136,2021-05-17,638.8351704611557
137,2021-05-18,641.1844651667808
138,2021-05-19,668.6022669110241
139,2021-05-20,659.3710371432811
140,2021-05-21,668.4258028792904
141,2021-05-22,715.7274478024585
142,2021-05-23,732.3320022659118
143,2021-05-24,715.685924163161
144,2021-05-25,617.7228869279786
145,2021-05-26,614.6688166460311
146,2021-05-27,597.3127095516585
147,2021-05-28,615.7866291169246
148,2021-05-29,606.4586270303391
149,2021-05-30,588.4376188316121
150,2021-05-31,615.5631879981246
151,2021-06-01,613.4747155838576
152,2021-06-02,619.5674638656183
153,2021-06-03,618.3751271638884
154,2021-06-04,629.6651409848241
155,2021-06-05,613.1560290318195
156,2021-06-06,594.2669398591723
157,2021-06-07,596.932970117219
158,2021-06-08,610.6177466413633
159,2021-06-09,596.657902184045
160,2021-06-10,605.4592960592788
161,2021-06-11,597.2803191761428
162,2021-06-12,596.384669522378
163,2021-06-13,594.7361990632734
164,2021-06-14,593.2344347641313
165,2021-06-15,604.5842515741266
166,2021-06-16,612.5750827376521
167,2021-06-17,617.7326274912715
168,2021-06-18,631.1400652039831
169,2021-06-19,623.302827758993
170,2021-06-20,626.1757063423894
171,2021-06-21,644.7809446029897
172,2021-06-22,633.7324322803332
173,2021-06-23,636.7689766886267
174,2021-06-24,640.8506436098742
175,2021-06-25,651.3757034244658
176,2021-06-26,649.9982894444864
177,2021-06-27,645.8703656001029
178,2021-06-28,645.3714385532634
179,2021-06-29,645.2644561374204
180,2021-06-30,654.6627549461459
181,2021-07-01,651.1104860742197
182,2021-07-02,641.3225734918377
183,2021-07-03,644.465973303562
184,2021-07-04,648.5359263427506
185,2021-07-05,664.9732668989418
186,2021-07-06,671.4938868647401
187,2021-07-07,671.8564959252751
188,2021-07-08,682.4597830556258
189,2021-07-09,679.5851259323323
190,2021-07-10,680.1347342519683
191,2021-07-11,682.6374150945276
192,2021-07-12,687.9102401896808
193,2021-07-13,689.375579357351
194,2021-07-14,699.107764331772
195,2021-07-15,703.4704061542203
196,2021-07-16,710.8445816309277
197,2021-07-17,694.1678993082646
198,2021-07-18,689.8805841647013
199,2021-07-19,705.629303552105
200,2021-07-20,721.48427100339
201,2021-07-21,721.0529361972277
202,2021-07-22,726.237552418
203,2021-07-23,727.8689856817307
204,2021-07-24,729.5902032464013
205,2021-07-25,725.6664041380187
206,2021-07-26,743.6656044966354
207,2021-07-27,733.9749815634215
208,2021-07-28,759.9795462299562
209,2021-07-29,771.7701632123069
210,2021-07-30,860.8098527086634
211,2021-07-31,859.5281118062619
212,2021-08-01,865.7891845694711
213,2021-08-02,864.5342634884864
214,2021-08-03,869.6657675729898
215,2021-08-04,869.9292967155069
216,2021-08-05,884.9196798233507
217,2021-08-06,901.743607880666
218,2021-08-07,902.1123023222682
219,2021-08-08,897.0069274968877
220,2021-08-09,903.1597866726073
221,2021-08-10,917.9466504543512
222,2021-08-11,929.4622904209177
223,2021-08-12,933.9666870531032
224,2021-08-13,928.6184007885174
225,2021-08-14,922.7777675283857
226,2021-08-15,918.089773161231
227,2021-08-16,927.6362567747738
228,2021-08-17,928.522305319174
229,2021-08-18,937.7124778247392
230,2021-08-19,924.1745304626656
231,2021-08-20,969.2143073569074
232,2021-08-21,975.0902088023656
233,2021-08-22,991.7168279690896
234,2021-08-23,977.6110430078317
235,2021-08-24,987.691814931006
236,2021-08-25,982.8020754165447
237,2021-08-26,994.2201494183572
238,2021-08-27,978.782245720413
239,2021-08-28,991.7016693322672
240,2021-08-29,984.1682380588355
241,2021-08-30,1019.7293628261946
242,2021-08-31,1032.4637337070378
243,2021-09-01,1037.8113619478358
244,2021-09-02,1022.2307625542468
245,2021-09-03,1070.4940193740326
246,2021-09-04,1071.6730834932862
247,2021-09-05,1069.7040137650547
248,2021-09-06,1073.6208305097502
249,2021-09-07,1085.2653654893177
250,2021-09-08,1095.4050409292413
251,2021-09-09,1113.948170593236
252,2021-09-10,1123.737960937549
253,2021-09-11,1125.6799451171776
254,2021-09-12,1120.1463312530964
255,2021-09-13,1140.78511913463
256,2021-09-14,1105.6535217156068
257,2021-09-15,1058.254171567325
258,2021-09-16,1163.8390949236464
259,2021-09-17,1167.6757923153266
260,2021-09-18,1140.781341228966
261,2021-09-19,1153.4274473216296
262,2021-09-20,1191.81585829767
263,2021-09-21,1198.3077329382563
264,2021-09-22,1202.0972102201629
265,2021-09-23,1208.878114079405
266,2021-09-24,1238.158087276422
267,2021-09-25,1220.726200649461
268,2021-09-26,1233.8491111558324
269,2021-09-27,1250.990267300917
270,2021-09-28,1237.7899423955514
271,2021-09-29,1246.3262532368378
272,2021-09-30,1241.4365492447623
273,2021-10-01,1243.0518354522685
274,2021-10-02,1245.2599981330602
275,2021-10-03,1260.8800467043732
276,2021-10-04,1280.03471596667
277,2021-10-05,1265.3942775001717
278,2021-10-06,1263.515299045339
279,2021-10-07,1245.788555730382
280,2021-10-08,1263.9763337297325
281,2021-10-09,1251.4958993397006
282,2021-10-10,1243.232275543566
283,2021-10-11,1284.4197040110328
284,2021-10-12,1303.9696185139137
285,2021-10-13,1295.5377624603495
286,2021-10-14,1342.9202954403042
287,2021-10-15,1363.99045390576
288,2021-10-16,1332.6324349365495
289,2021-10-17,1333.1773616465064
290,2021-10-18,1360.7124478442272
291,2021-10-19,1359.0570415225882
292,2021-10-20,1362.8257918171898
293,2021-10-21,1352.8978440820358
294,2021-10-22,1369.2191742318214
295,2021-10-23,1329.14336261732
296,2021-10-24,1342.205328530192
297,2021-10-25,1367.0719194373912
298,2021-10-26,1391.1532328009887
299,2021-10-27,1383.449728735633
300,2021-10-28,1415.182440645252
301,2021-10-29,1444.452840765587
302,2021-10-30,1418.9050175904392
303,2021-10-31,1429.3807411010334
304,2021-11-01,1442.011480097039
305,2021-11-02,1445.9290849146648
306,2021-11-03,1464.3046266460294
307,2021-11-04,1464.0273579768896
308,2021-11-05,1471.5906687853835
309,2021-11-06,1436.267571966535
310,2021-11-07,1436.7785504000572
311,2021-11-08,1473.2977774100332
312,2021-11-09,1478.0345958956173
313,2021-11-10,1474.9561434411232
314,2021-11-11,1516.017487013321
315,2021-11-12,1559.0811781062607
316,2021-11-13,1558.0867617783672
317,2021-11-14,1553.6650361733343
318,2021-11-15,1602.9111667248665
319,2021-11-16,1605.1827598290954
320,2021-11-17,1596.6558777476073
321,2021-11-18,1577.345437259757
322,2021-11-19,1616.7381010576094
323,2021-11-20,1566.264642828624
324,2021-11-21,1570.6234760542752
325,2021-11-22,1601.8447045863272
326,2021-11-23,1564.951746780264
327,2021-11-24,1600.215007986482
328,2021-11-25,1618.0352345180672
329,2021-11-26,1600.2361520255347
330,2021-11-27,1607.1177381415189
331,2021-11-28,1617.8546087002867
332,2021-11-29,1631.8620578938728
333,2021-11-30,1630.8695522409282
334,2021-12-01,1627.3259828391983
335,2021-12-02,1617.6182035526942
336,2021-12-03,1648.583866728237
337,2021-12-04,1518.0934879421893
338,2021-12-05,1598.3318773214169
339,2021-12-06,1626.8782682218284
340,2021-12-07,1617.0112793371227
341,2021-12-08,1642.5657734895335
342,2021-12-09,1609.1876749244598
343,2021-12-10,1624.9879632699542
344,2021-12-11,1608.0477489481066
345,2021-12-12,1593.0753886065295
346,2021-12-13,1479.4331397913986
347,2021-12-14,1619.7946154209787
348,2021-12-15,1701.4586119560993
349,2021-12-16,1702.6870283354706
350,2021-12-17,1688.5131463322782
351,2021-12-18,1690.1836248740717
352,2021-12-19,1683.0598257362064
353,2021-12-20,1665.6679542056354
354,2021-12-21,1727.2450440374655
355,2021-12-22,1743.395427586207
356,2021-12-23,1768.2172079206582
357,2021-12-24,1764.1055781108726
358,2021-12-25,1746.4884365827727
359,2021-12-26,1751.6736022832056
360,2021-12-27,1759.5037081249457
361,2021-12-28,1743.6358888824143
362,2021-12-29,1700.5824213225224
363,2021-12-30,1751.5708656993158
364,2021-12-31,1751.4350193654493
365,2022-01-01,1745.1079720657206
366,2022-01-02,1728.0539334684931
367,2022-01-03,1653.8291146141614
368,2022-01-04,1744.1052971339282
369,2022-01-05,1682.5235393796506
370,2022-01-06,1648.3072224779685
371,2022-01-07,1402.231863757745
372,2022-01-08,1585.4795713926474
373,2022-01-09,1679.0122451082127
374,2022-01-10,1662.8237972723755
375,2022-01-11,1726.5207323565828
376,2022-01-12,1708.6991207735518
377,2022-01-13,1724.748452287273
378,2022-01-14,1708.2532070416582
379,2022-01-15,1705.611162003109
380,2022-01-16,1705.0676665455248
381,2022-01-17,1636.5419048192034
382,2022-01-18,1623.6117006678248
383,2022-01-19,1601.4285526793228
384,2022-01-20,1521.8301487849988
385,2022-01-21,973.604787924586
386,2022-01-22,968.88225671386
387,2022-01-23,1697.8521132950636
388,2022-01-24,1727.1569705706531
389,2022-01-25,1784.2736360923473
390,2022-01-26,1779.3626393559286
391,2022-01-27,1749.322425341892
392,2022-01-28,1762.215248028809
393,2022-01-29,1739.4581555383972
394,2022-01-30,1753.749995055932
395,2022-01-31,1754.7703024735297
396,2022-02-01,1724.9717385783233
397,2022-02-02,1666.965887555275
398,2022-02-03,1775.40316484471
399,2022-02-04,1782.1878155572283
400,2022-02-05,1779.071121053806
401,2022-02-06,1784.316977488486
402,2022-02-07,1794.5292815977266
403,2022-02-08,1766.271919774926
404,2022-02-09,1749.3345445910725
405,2022-02-10,1746.2711676493657
406,2022-02-11,1746.9770331053037
407,2022-02-12,1709.630204858105
408,2022-02-13,1731.1808373410354
409,2022-02-14,1776.3833541802871
410,2022-02-15,1727.148934034897
411,2022-02-16,1759.3504695231672
412,2022-02-17,1751.571912025643
413,2022-02-18,1753.2844422353196
414,2022-02-19,1664.4063828432768
415,2022-02-20,1522.4816470076553
416,2022-02-21,1674.033009346064
417,2022-02-22,1698.5988349486586
418,2022-02-23,1719.6071749468572
419,2022-02-24,1586.2973197656277
420,2022-02-25,1678.9829354329763
421,2022-02-26,1742.8757138201254
422,2022-02-27,1728.3722524645327
423,2022-02-28,1699.9868165840528
424,2022-03-01,1735.9537212065063
425,2022-03-02,1705.9381514264978
426,2022-03-03,1725.015987210233
427,2022-03-04,1712.1885927284566
428,2022-03-05,1731.4804197703847
429,2022-03-06,1735.965639682938
430,2022-03-07,1708.1184661957618
431,2022-03-08,1755.524865837073
432,2022-03-09,1727.1995902860529
433,2022-03-10,1558.862444562433
434,2022-03-11,1679.4854429451443
435,2022-03-12,1770.3951120731797
436,2022-03-13,1744.4937941259534
437,2022-03-14,1767.189068067711
438,2022-03-15,1762.9800436725418
439,2022-03-16,1770.472647929403
440,2022-03-17,1783.261836881512
441,2022-03-18,1762.754569536422
442,2022-03-19,1720.068641235143
443,2022-03-20,1725.6371476397724
444,2022-03-21,1722.5617402910473
445,2022-03-22,1717.9638727075867
446,2022-03-23,1749.8870932889806
447,2022-03-24,1659.603983856268
448,2022-03-25,1693.7522151582746
449,2022-03-26,1683.6255009155796
450,2022-03-27,1597.506879963494
451,2022-03-28,1716.0627171902695
452,2022-03-29,1748.691617728319
453,2022-03-30,1741.546998882388
454,2022-03-31,1707.6515275368672
455,2022-04-01,1555.7977498173766
456,2022-04-02,1535.5197553260466
457,2022-04-03,1400.906965918538
458,2022-04-04,1262.0953251364322
459,2022-04-05,1489.7400399064454
460,2022-04-06,1172.236293577724
461,2022-04-07,1185.6739495917045
462,2022-04-08,1050.507516138159
463,2022-04-09,952.4154354530777
464,2022-04-10,1203.1192106979795
465,2022-04-11,1340.3735868857686
466,2022-04-12,1405.097813672104
467,2022-04-13,1655.9243343724906
468,2022-04-14,1776.9207222089392
469,2022-04-15,1792.4135576341737
470,2022-04-16,1734.2324183230278
471,2022-04-17,1633.428806981246
472,2022-04-18,1577.6518864127347
473,2022-04-19,1725.3229887890527
474,2022-04-20,1761.8113958359922
475,2022-04-21,1778.9793549511087
476,2022-04-22,1787.0969746958492
477,2022-04-23,1800.9588941329368
478,2022-04-24,1711.3882004289333
479,2022-04-25,1650.0487792844306
480,2022-04-26,1626.0708994894965
481,2022-04-27,1727.7360024254535
482,2022-04-28,1690.5396121696156
483,2022-04-29,1561.9172326133737
484,2022-04-30,1519.7165993601516
485,2022-05-01,1554.5170318858284
486,2022-05-02,1797.199630624581
487,2022-05-03,1883.871562543525
488,2022-05-04,1890.697264456112
489,2022-05-05,1872.5318888546808
490,2022-05-06,1820.5558982329849
491,2022-05-07,1887.2708081839864
492,2022-05-08,1874.336059450009
493,2022-05-09,1785.532646139406
494,2022-05-10,1681.5114356054205
495,2022-05-11,1684.6306901475475
496,2022-05-12,1612.1412187694152
497,2022-05-13,1634.143761083346
498,2022-05-14,1805.434803366814
499,2022-05-15,1744.0053877769844
500,2022-05-16,1733.7113169754632
501,2022-05-17,1576.2837928178717
502,2022-05-18,1735.5198923234016
503,2022-05-19,1742.7540862507467
504,2022-05-20,1665.675463563687
505,2022-05-21,1817.7947710109056
506,2022-05-22,1794.1431672476738
507,2022-05-23,1781.1329372518485
508,2022-05-24,1735.6039887753052
509,2022-05-25,1598.130246585447
510,2022-05-26,1655.452095431771
511,2022-05-27,1632.5722232818366
512,2022-05-28,1680.3474667926694
513,2022-05-29,1670.4111209954858
514,2022-05-30,1678.2441295851677
515,2022-05-31,1749.915819396606
516,2022-06-01,1735.4705266443175
517,2022-06-02,1861.2957099794385
518,2022-06-03,1884.3158736931944
519,2022-06-04,1948.596686015436
520,2022-06-05,1844.4693848834816
521,2022-06-06,1810.844307448532
522,2022-06-07,1876.7732861548193
523,2022-06-08,1853.691622905724
524,2022-06-09,1795.05189982911
525,2022-06-10,1882.3397705563857
526,2022-06-11,1860.193137946396
527,2022-06-12,1804.7778081523088
528,2022-06-13,1628.9215415981275
529,2022-06-14,1695.4963046531436
530,2022-06-15,1808.2466860137563
531,2022-06-16,2023.221669118288
532,2022-06-17,2101.690762397229
533,2022-06-18,2078.740212240776
534,2022-06-19,2082.996019908761
535,2022-06-20,2015.7796217111609
536,2022-06-21,2086.2206973143448
537,2022-06-22,2114.030867895872
538,2022-06-23,2095.242088706022
539,2022-06-24,2097.9732087524458
540,2022-06-25,2085.3678751754437
541,2022-06-26,2024.179443273621
542,2022-06-27,2106.138208564721
543,2022-06-28,2068.3732123965174
544,2022-06-29,2109.9851272574715
545,2022-06-30,2120.111973770488
546,2022-07-01,2118.4157645715995
547,2022-07-02,2050.11355972642
548,2022-07-03,2037.6040842283785
549,2022-07-04,2086.563710417436
550,2022-07-05,2089.7743437289705
551,2022-07-06,2114.519607188829
552,2022-07-07,2117.0639665076424
553,2022-07-08,2160.363272224452
554,2022-07-09,2138.763702970784
555,2022-07-10,2064.757306426908
556,2022-07-11,2158.952107113781
557,2022-07-12,2195.00254300022
558,2022-07-13,2156.3690617991847
559,2022-07-14,2153.8409643312884
560,2022-07-15,2119.607808797775
561,2022-07-16,2178.4948393584955
562,2022-07-17,2165.851972667966
563,2022-07-18,2112.307567827488
564,2022-07-19,2162.5842990521637
565,2022-07-20,2141.340555068016
566,2022-07-21,2147.942203340582
567,2022-07-22,2142.472970234064
568,2022-07-23,2146.0091009611315
569,2022-07-24,2135.032825779868
570,2022-07-25,2135.6013752335152
571,2022-07-26,2177.1618298911135
572,2022-07-27,2154.007471040968
573,2022-07-28,2129.4698517186416
574,2022-07-29,2153.968204423604
575,2022-07-30,2162.31912652045
576,2022-07-31,2167.325521306608
577,2022-08-01,2168.091531350233
578,2022-08-02,2181.3972627393864
579,2022-08-03,2189.9392855435703
580,2022-08-04,2128.0513714897484
581,2022-08-05,2187.1207143235624
582,2022-08-06,2173.971599637045
583,2022-08-07,2147.904186203753
584,2022-08-08,2231.2232312258984
585,2022-08-09,2203.92403610534
586,2022-08-10,2197.3728381576548
587,2022-08-11,2209.373867810075
588,2022-08-12,2205.4800443459003
589,2022-08-13,2110.256202377322
590,2022-08-14,2125.6317064840896
591,2022-08-15,2114.768450290383
592,2022-08-16,2171.358501731293
593,2022-08-17,2134.544221872796
594,2022-08-18,2095.9908952848223
595,2022-08-19,2121.100317563092
596,2022-08-20,2085.1057231443683
597,2022-08-21,2096.624160678523
598,2022-08-22,2178.372276288409
599,2022-08-23,2144.0098338208745
600,2022-08-24,2157.555771103521
601,2022-08-25,2157.648565988975
602,2022-08-26,2121.0233109810456
603,2022-08-27,2125.6128905344403
604,2022-08-28,2084.1321629884114
605,2022-08-29,2112.782793558248
606,2022-08-30,2095.9508313321726
607,2022-08-31,2148.136551469231
608,2022-09-01,2129.0933950022118
609,2022-09-02,2109.9428028351936
610,2022-09-03,2097.194921079268
611,2022-09-04,2144.771675593551
612,2022-09-05,2174.6853715010266
613,2022-09-06,2203.845264948552
614,2022-09-07,2135.6860106133267
615,2022-09-08,2168.590793653092
616,2022-09-09,2177.8905898313415
617,2022-09-10,2139.174810927612
618,2022-09-11,2171.2391909574326
619,2022-09-12,2194.9825609919267
620,2022-09-13,2193.579447515511
621,2022-09-14,2183.310462110561
622,2022-09-15,2116.0279895048525
623,2022-09-16,2165.787946871073
624,2022-09-17,2146.1344504458552
625,2022-09-18,2140.050487293363
626,2022-09-19,2131.5175776238143
627,2022-09-20,2114.480725457571
628,2022-09-21,2079.551032664649
629,2022-09-22,2163.674959129479
630,2022-09-23,2168.239432058143
631,2022-09-24,2170.092705704343
632,2022-09-25,2157.513102511881
633,2022-09-26,2174.6295993396207
634,2022-09-27,2183.7891855726552
635,2022-09-28,2119.038178680662
636,2022-09-29,2123.613104499156
637,2022-09-30,2147.1932497690077
638,2022-10-01,2005.1464679421936
639,2022-10-02,2157.5568654842054
640,2022-10-03,2181.5608290445807
641,2022-10-04,2202.6720418893324
642,2022-10-05,2125.1612294419
643,2022-10-06,2204.256605281804
644,2022-10-07,2208.121448310516
645,2022-10-08,2180.108385706797
646,2022-10-09,2201.471703138175
647,2022-10-10,2232.883916426534
648,2022-10-11,2204.499992786035
649,2022-10-12,2127.1338444775683
650,2022-10-13,2116.3509454949867
651,2022-10-14,2059.31156178676
652,2022-10-15,2045.5916262065969
653,2022-10-16,2073.5196753899445
654,2022-10-17,2100.631477367088
655,2022-10-18,2151.9610115095197
656,2022-10-19,2102.2675222911184
657,2022-10-20,2105.6431866517983
658,2022-10-21,2195.109731486595
659,2022-10-22,2164.430469273169
660,2022-10-23,2187.402071772488
661,2022-10-24,2208.911982754085
662,2022-10-25,2193.9850208681764
663,2022-10-26,2210.3298689611293
664,2022-10-27,2206.5880060367817
665,2022-10-28,2189.3021434954144
666,2022-10-29,2134.0976251862976
667,2022-10-30,2189.547108298402
668,2022-10-31,2208.5490237412937
669,2022-11-01,2231.4929061224075
670,2022-11-02,1888.3708052529544
671,2022-11-03,1678.4126126756066
672,2022-11-04,1718.2631076764424
673,2022-11-05,1729.4361963045508
674,2022-11-06,1783.5871129677737
675,2022-11-07,1826.7951403841848
676,2022-11-08,1864.6085515063803
677,2022-11-09,1803.885088803362
678,2022-11-10,1832.7083292931245
679,2022-11-11,1912.7454944269105
680,2022-11-12,1931.445687585443
681,2022-11-13,1908.666317124956
682,2022-11-14,1902.5140399556035
683,2022-11-15,1896.7458396369143
684,2022-11-16,1876.3868194672184
685,2022-11-17,1865.193986391776
686,2022-11-18,1888.0204159170391
687,2022-11-19,1878.0359804903828
688,2022-11-20,1882.0277762666867
689,2022-11-21,1916.511725878032
690,2022-11-22,1922.890344084019
691,2022-11-23,1932.092057485344
692,2022-11-24,1937.6599131615228
693,2022-11-25,1956.7687396008848
694,2022-11-26,1941.909082263433
695,2022-11-27,1941.430215572112
696,2022-11-28,1957.6444487109732
697,2022-11-29,1947.8482574998693
698,2022-11-30,1950.9683977123116
699,2022-12-01,1948.2370403520565
700,2022-12-02,1946.1997123245644
701,2022-12-03,1918.3202207020204
702,2022-12-04,1930.2348538618812
703,2022-12-05,1947.916154567782
704,2022-12-06,1966.9976649890343
705,2022-12-07,1973.4658511293476
706,2022-12-08,1978.76562944093
707,2022-12-09,1974.5550924401864
708,2022-12-10,1967.6837183116215
709,2022-12-11,1968.811438462184
710,2022-12-12,1978.7185486123192
711,2022-12-13,1975.587606871968
712,2022-12-14,1962.2686574440183
713,2022-12-15,1978.76099608403
714,2022-12-16,1979.0206340470024
715,2022-12-17,1978.621544813535
716,2022-12-18,1968.4765036393808
717,2022-12-19,2003.339544646836
718,2022-12-20,1996.8823011621373
719,2022-12-21,1996.123460337424
720,2022-12-22,2005.5390762702648
721,2022-12-23,2000.2737299756216
722,2022-12-24,2014.8062881276396
723,2022-12-25,2013.8290901236696
724,2022-12-26,2023.6542103214435
725,2022-12-27,2018.854144286056
726,2022-12-28,2041.5175826477844
727,2022-12-29,2050.696920564897
728,2022-12-30,2080.9452513640517
729,2022-12-31,2051.8698101043915
730,2023-01-01,2055.3788545261755
731,2023-01-02,2111.6061784703247
732,2023-01-03,2159.707761540764
733,2023-01-04,2166.059844824065
734,2023-01-05,2135.069637481062
735,2023-01-06,2169.3264354475286
736,2023-01-07,2181.955141083481
737,2023-01-08,2100.2268589588225
738,2023-01-09,2142.098845911456
739,2023-01-10,2152.0858348250217
740,2023-01-11,2151.3501859569537
741,2023-01-12,2128.952897593658
742,2023-01-13,2147.539920588594
743,2023-01-14,2154.0299762819377
744,2023-01-15,2157.0006185528346
745,2023-01-16,2170.740137024676
746,2023-01-17,2180.114919861325
747,2023-01-18,2187.8586790972467
748,2023-01-19,2189.8758128929567
749,2023-01-20,2220.3393745179915
750,2023-01-21,2233.3250763752426
751,2023-01-22,2266.1648225152467
752,2023-01-23,2269.699774653086
753,2023-01-24,2203.6006716551324
754,2023-01-25,2217.5914985965264
755,2023-01-26,2108.7659603073
756,2023-01-27,2122.103093247012
757,2023-01-28,2178.7640199314046
758,2023-01-29,2127.221576558736
759,2023-01-30,2271.1991125325385
760,2023-01-31,2384.213413611882
761,2023-02-01,2266.523350554424
762,2023-02-02,2337.2259487005517
763,2023-02-03,2346.8406983532204
764,2023-02-04,2367.9160245616904
765,2023-02-05,2340.0838074783046
766,2023-02-06,2378.820274878072
767,2023-02-07,2380.5008985383374
768,2023-02-08,2390.0838239984287
769,2023-02-09,2376.890225702929
770,2023-02-10,2369.038255231361
771,2023-02-11,2398.8105483521567
772,2023-02-12,2395.759165288787
773,2023-02-13,2393.7129566982435
774,2023-02-14,2386.804128286933
775,2023-02-15,2409.1969366445405
776,2023-02-16,2439.3121126799447
777,2023-02-17,2440.0946879393614
778,2023-02-18,2431.944827720355
779,2023-02-19,2433.080740318452
780,2023-02-20,2447.6122225231
781,2023-02-21,2442.609529053569
782,2023-02-22,2386.3884939803424
783,2023-02-23,2399.619884955338
784,2023-02-24,2426.9182185734594
785,2023-02-25,2444.439402278608
786,2023-02-26,2192.1621784703448
787,2023-02-27,2485.946296099733
788,2023-02-28,2505.9166927636106
789,2023-03-01,2500.796260514749
790,2023-03-02,2508.4875463820576
791,2023-03-03,2492.7026587939367
792,2023-03-04,2509.756709787377
793,2023-03-05,2496.3764724555867
794,2023-03-06,2491.8336988387164
795,2023-03-07,2459.2946085416306
796,2023-03-08,2419.3095409311272
797,2023-03-09,2378.163890614563
798,2023-03-10,2285.734163174054
799,2023-03-11,2292.4517500761385
800,2023-03-12,2195.597011188572
801,2023-03-13,2210.4781144398057
802,2023-03-14,2175.9876639145205
803,2023-03-15,2051.256183564421
804,2023-03-16,1940.5343160564275
805,2023-03-17,1911.365127341756
806,2023-03-18,1880.307157914132
807,2023-03-19,1852.8570503222793
808,2023-03-20,1850.793963511427
809,2023-03-21,1854.7102697450507
810,2023-03-22,1827.7750540063369
811,2023-03-23,1806.8944536695128
812,2023-03-24,1788.2372020978837
813,2023-03-25,1775.8964979140342
814,2023-03-26,1766.4626291259256
815,2023-03-27,1797.3204217832351
816,2023-03-28,1801.7609492757488
817,2023-03-29,1803.2334625128824
818,2023-03-30,1811.177053418352
819,2023-03-31,1817.387584762236
820,2023-04-01,1803.3206970836943
821,2023-04-02,1801.042451382342
822,2023-04-03,1833.4084210411445
823,2023-04-04,1820.1578059568817
824,2023-04-05,1824.463319900956
825,2023-04-06,1830.114175774255
826,2023-04-07,1817.2060599600256
827,2023-04-08,1827.141786989184
828,2023-04-09,1826.2104256183345
829,2023-04-10,1836.82817931711
830,2023-04-11,1859.550170659594
831,2023-04-12,1858.8386915357137
832,2023-04-13,1872.40992083794
833,2023-04-14,1852.145984393723
834,2023-04-15,1833.9887553896028
835,2023-04-16,1845.3582695348368
836,2023-04-17,1848.1880097138169
837,2023-04-18,1825.5177580902323
838,2023-04-19,1839.6620738291235
839,2023-04-20,1854.1230096876088
840,2023-04-21,1837.5810907386117
841,2023-04-22,1841.0589486713343
842,2023-04-23,1842.024307043368
843,2023-04-24,1873.5225181085773
844,2023-04-25,1868.4951827379157
845,2023-04-26,1873.7614089585356
846,2023-04-27,1880.2900989662544
847,2023-04-28,1887.7465318286625
848,2023-04-29,1880.0815541137492
849,2023-04-30,1894.6440611847963
850,2023-05-01,1906.7903157159544
851,2023-05-02,1899.308496405475
852,2023-05-03,1910.996098665237
853,2023-05-04,1909.66102358024
854,2023-05-05,1923.0518287228108
855,2023-05-06,1921.6461627589963
856,2023-05-07,1903.6160659416237
857,2023-05-08,1945.6003577061088
858,2023-05-09,1943.6206822388117
859,2023-05-10,1961.2255754049688
860,2023-05-11,1964.7748518179949
861,2023-05-12,1966.64961978188
862,2023-05-13,1957.2185956993435
863,2023-05-14,1946.881580205256
864,2023-05-15,1960.0811719141157
865,2023-05-16,1945.2536084575795
866,2023-05-17,1960.035614615692
867,2023-05-18,1957.4536792223173
868,2023-05-19,1951.5506346025395
869,2023-05-20,1940.6619683345284
870,2023-05-21,1937.49551877137
871,2023-05-22,1926.00014934124
872,2023-05-23,1925.9031543267104
873,2023-05-24,1959.7627097219029
874,2023-05-25,1989.171958443134
875,2023-05-26,1952.350303867404
876,2023-05-27,1946.5222858524685
877,2023-05-28,1943.3268225464249
878,2023-05-29,1931.6967050308824
879,2023-05-30,1958.2040882057308
880,2023-05-31,1972.9325867056157
881,2023-06-01,1973.187042141456
882,2023-06-02,1937.1036621852356
883,2023-06-03,1945.3430729609915
884,2023-06-04,1945.764361091548
885,2023-06-05,1969.1891141554577
886,2023-06-06,1967.8552621098509
887,2023-06-07,1962.706283685028
888,2023-06-08,1956.7921232819472
889,2023-06-09,1979.9291263193495
890,2023-06-10,2006.977901033984
891,2023-06-11,1997.414410350763
892,2023-06-12,1994.438610567744
893,2023-06-13,1973.4685639553063
894,2023-06-14,1967.3962042980736
895,2023-06-15,1986.1444062488267
896,2023-06-16,1976.9696562979836
897,2023-06-17,1969.942520577548
898,2023-06-18,1971.5400778986264
899,2023-06-19,1973.467777918088
900,2023-06-20,1982.1720749616493
901,2023-06-21,2006.6518165029656
902,2023-06-22,2002.9220638389015
903,2023-06-23,1998.1474578026289
904,2023-06-24,1986.5195597457437
905,2023-06-25,1989.2693412027445
906,2023-06-26,2001.138374981812
907,2023-06-27,1985.2975269451856
908,2023-06-28,1979.5663790968144
909,2023-06-29,1977.5310914074169
910,2023-06-30,1992.8094985407272
911,2023-07-01,1968.2785317897496
912,2023-07-02,1974.5299146659004
913,2023-07-03,1978.1759234932476
914,2023-07-04,1951.5292240536653
915,2023-07-05,1960.53625681892
916,2023-07-06,1987.0928274981409
917,2023-07-07,1987.355453375617
918,2023-07-08,1969.1632762396173
919,2023-07-09,1951.2759627602973
920,2023-07-10,1977.315107718195
921,2023-07-11,1948.5022569372231
922,2023-07-12,1953.9823039484168
923,2023-07-13,1983.7457140711515
924,2023-07-14,2030.0017569578893
925,2023-07-15,1988.8818412526132
926,2023-07-16,1966.385631165408
927,2023-07-17,1994.3851383984625
928,2023-07-18,1989.5846758731689
929,2023-07-19,1993.6998282545217
930,2023-07-20,1998.5898093177427
931,2023-07-21,2005.8346632823025
932,2023-07-22,1987.9198168853848
933,2023-07-23,1993.4668601131452
934,2023-07-24,2007.4246341348403
935,2023-07-25,1990.5650629993584
936,2023-07-26,1982.3849795021329
937,2023-07-27,1971.1001656491571
938,2023-07-28,1983.463070714772
939,2023-07-29,1966.081828097288
940,2023-07-30,1970.6276932341248
941,2023-07-31,1977.8273421378424
942,2023-08-01,1985.2699963713628
943,2023-08-02,1970.9334901968907
944,2023-08-03,1994.5907280779636
945,2023-08-04,2009.4836847080092
946,2023-08-05,2009.8356162989496
947,2023-08-06,2017.986189531513
948,2023-08-07,2035.686353313888
949,2023-08-08,2030.6144297622964
950,2023-08-09,2017.2082622800808
951,2023-08-10,2006.6421078587505
952,2023-08-11,2002.3766275790867
953,2023-08-12,2010.818253077244
954,2023-08-13,2006.4725579309925
955,2023-08-14,2021.6885181752648
956,2023-08-15,2013.1094375959049
957,2023-08-16,2045.950757697112
958,2023-08-17,2055.8538078754946
959,2023-08-18,2048.55825650503
960,2023-08-19,2039.0190609756728
961,2023-08-20,2030.7569515329008
962,2023-08-21,2044.155156784374
963,2023-08-22,2036.5232900896929
964,2023-08-23,2057.3445895904565
965,2023-08-24,2037.8555749291663
966,2023-08-25,2029.6195661097647
967,2023-08-26,2024.0599341780828
968,2023-08-27,2016.5210786484813
969,2023-08-28,2014.4549404061397
970,2023-08-29,2000.5458152882304
971,2023-08-30,2023.6803091940496
972,2023-08-31,2027.1326750746775
973,2023-09-01,2026.5678886172684
974,2023-09-02,2012.6437404382275
975,2023-09-03,2026.8277655774057
976,2023-09-04,2026.6357372414216
977,2023-09-05,2044.5253972321889
978,2023-09-06,2045.9473000414368
979,2023-09-07,2049.2631497002853
980,2023-09-08,2012.344378988708
981,2023-09-09,2028.387031885732
982,2023-09-10,2035.1705876272647
983,2023-09-11,2041.200787048041
984,2023-09-12,2040.155410015009
985,2023-09-13,2059.5798624571835
986,2023-09-14,2058.052560443732
987,2023-09-15,2047.1386397782028
988,2023-09-16,2041.53928336704
989,2023-09-17,2040.4735301805704
990,2023-09-18,2054.1249209590605
991,2023-09-19,2055.9862368612817
992,2023-09-20,2062.491266774104
993,2023-09-21,2056.814277320492
994,2023-09-22,2013.1856066518865
995,2023-09-23,2011.5358361600397
996,2023-09-24,2013.0949172607304
997,2023-09-25,2040.191312617272
998,2023-09-26,2017.982473297774
999,2023-09-27,1923.8797933587025
1000,2023-09-28,1891.4908583555248
1001,2023-09-29,1889.6973435904813
1002,2023-09-30,1897.1846909860435
1003,2023-10-01,1899.4665477344429
1004,2023-10-02,1889.2637428008884
1005,2023-10-03,1909.0763797600405
1006,2023-10-04,1893.2678246734647
1007,2023-10-05,1868.23891925327
1008,2023-10-06,1846.7981096408312
1009,2023-10-07,1887.0860433277733
1010,2023-10-08,1891.380007904681
1011,2023-10-09,1873.3823936065887
1012,2023-10-10,1858.0808817020256
1013,2023-10-11,1858.8061831860568
1014,2023-10-12,1861.9607088354967
1015,2023-10-13,1877.0045501531213
1016,2023-10-14,1880.3445045323188
1017,2023-10-15,1865.6414101209512
1018,2023-10-16,1841.3404888858108
1019,2023-10-17,1864.9901274571223
1020,2023-10-18,1878.282072485112
1021,2023-10-19,1864.7735347240136
1022,2023-10-20,1852.6436540261584
1023,2023-10-21,1849.4753454560127
1024,2023-10-22,1869.8272519672569
1025,2023-10-23,1830.2377948450792
1026,2023-10-24,1785.049538832409
1027,2023-10-25,1776.457306165424
1028,2023-10-26,1847.6645736370544
1029,2023-10-27,1851.0565794982288
1030,2023-10-28,1899.76525297261
1031,2023-10-29,1894.007369748752
1032,2023-10-30,1881.6598137322896
1033,2023-10-31,1870.4273110587103
1034,2023-11-01,1763.2683616874767
1035,2023-11-02,1763.7762905085228
1036,2023-11-03,1814.3294903857127
1037,2023-11-04,1845.4639162674343
1038,2023-11-05,1889.498046338943
1039,2023-11-06,1912.5924263494148
1040,2023-11-07,1868.6870505233237
1041,2023-11-08,1897.4954340270024
1042,2023-11-09,1807.4043614071863
1043,2023-11-10,1733.505550502452
1044,2023-11-11,1693.6112784572977
1045,2023-11-12,1781.691556706872
1046,2023-11-13,1770.2328039175327
1047,2023-11-14,1763.5256126882812
1048,2023-11-15,1730.8849667843112
1049,2023-11-16,1738.8680614692737
1050,2023-11-17,1798.8051888009638
1051,2023-11-18,1859.256923806272
1052,2023-11-19,1866.500288575448
1053,2023-11-20,1787.477048524476
1054,2023-11-21,1756.8966180069744
1055,2023-11-22,1779.5599099593728
1056,2023-11-23,1819.7901488788848
1057,2023-11-24,1849.6041601109368
1058,2023-11-25,1860.7883905827875
1059,2023-11-26,1858.726195120177
1060,2023-11-27,1830.937568633392
1061,2023-11-28,1843.7708323154025
1062,2023-11-29,1809.5583064866744
1063,2023-11-30,1857.7699635022916
1064,2023-12-01,1848.1610659023277
1065,2023-12-02,1895.9034583324717
1066,2023-12-03,1884.303817048085
1067,2023-12-04,1804.279604063272
1068,2023-12-05,1792.305373642631
1069,2023-12-06,1698.5732788318464
1070,2023-12-07,1691.5828951980377
1071,2023-12-08,1530.0679331552024
1072,2023-12-09,1586.620015740522
1073,2023-12-10,1659.7573509733425
1074,2023-12-11,1543.780994742277
1075,2023-12-12,1565.3274040967449
1076,2023-12-13,1532.5732378461892
1077,2023-12-14,1473.684410848322
1078,2023-12-15,1331.4959845423411
1079,2023-12-16,1486.684359748191
1080,2023-12-17,1520.19803582224
1081,2023-12-18,1496.8625151283047
1082,2023-12-19,1457.8509215280917
1083,2023-12-20,1399.589372631479
1084,2023-12-21,1314.4845701089855
1085,2023-12-22,1286.6117959137596
1086,2023-12-23,1403.7789504187303
1087,2023-12-24,1346.838036614548
1088,2023-12-25,1392.1666495650493
1089,2023-12-26,1342.764349370028
1090,2023-12-27,1356.0082452491515
1091,2023-12-28,1356.6176997776483
1092,2023-12-29,1442.03413452537
1093,2023-12-30,1622.57726740269
1094,2023-12-31,1700.258167264138
1095,2024-01-01,1662.4412077434265
1096,2024-01-02,1408.5880699872364
1097,2024-01-03,1342.5100010949045
1098,2024-01-04,1357.8572964068528
1099,2024-01-05,1407.0188209227824
1100,2024-01-06,1500.2543532411037
1101,2024-01-07,1569.7787311999523
1102,2024-01-08,1421.3823994488223
1103,2024-01-09,1307.8043503483486
1104,2024-01-10,1327.0829129607507
1105,2024-01-11,1285.7866909110658
1106,2024-01-12,1298.3758886397895
1107,2024-01-13,1311.8597720191324
1108,2024-01-14,1304.3997228863277
1109,2024-01-15,1225.4936115774317
1110,2024-01-16,1223.1577225556246
1111,2024-01-17,1186.008834797112
1112,2024-01-18,1183.9316743968698
1113,2024-01-19,1248.819525680635
1114,2024-01-20,1224.3581463273126
1115,2024-01-21,1231.6034836628403
1116,2024-01-22,1177.2048343795668
1117,2024-01-23,1247.14196320906
1118,2024-01-24,1270.460997915898
1119,2024-01-25,1228.0863200055248
1120,2024-01-26,1201.5152956196428
1121,2024-01-27,1156.472388793977
1122,2024-01-28,1168.8244104010314
1123,2024-01-29,1123.195865789952
1124,2024-01-30,1074.3086924712366
1125,2024-01-31,1049.8871893395155
1126,2024-02-01,1000.7470540869632
1127,2024-02-02,1036.7425917384553
1128,2024-02-03,1194.4829609948033
1129,2024-02-04,1321.7212227074222
1130,2024-02-05,1361.8993750777258
1131,2024-02-06,1419.0748011151586
1132,2024-02-07,1364.8368110379663
1133,2024-02-08,1368.5018085374602
1134,2024-02-09,1349.7079412634469
1135,2024-02-10,1468.3042496001844
1136,2024-02-11,1427.18426464279
1137,2024-02-12,1401.19254296821
1138,2024-02-13,1387.4560081466386
1139,2024-02-14,1337.7273956060878
1140,2024-02-15,1231.3562706295058
1141,2024-02-16,1308.2321467141512
1142,2024-02-17,1385.6679857185366
1143,2024-02-18,1377.9753979739498
1144,2024-02-19,1373.1260124959297
1145,2024-02-20,1314.6463101740117
1146,2024-02-21,1330.3986958523246
1147,2024-02-22,1379.119631035673
1148,2024-02-23,1358.062377575657
1149,2024-02-24,1441.970249001292
1150,2024-02-25,1478.837938272031
1151,2024-02-26,1282.5282031304623
1152,2024-02-27,1199.3167633456917
1153,2024-02-28,1178.5549306023308
1154,2024-02-29,1028.7407187538329
1155,2024-03-01,1055.008333861306
1156,2024-03-02,1083.4255714278736
1157,2024-03-03,1030.0430452487158
1158,2024-03-04,1022.864292681984
1159,2024-03-05,1009.6903125842076
1160,2024-03-06,960.788191892624
1161,2024-03-07,915.650985669566
1162,2024-03-08,913.0653876574646
1163,2024-03-09,947.5550762249312
1164,2024-03-10,976.9089239486136
1165,2024-03-11,1081.5777724061172
1166,2024-03-12,1120.3741334907738
1167,2024-03-13,1169.0973454976556
1168,2024-03-14,1139.9208672143293
1169,2024-03-15,1186.8747321575738
1170,2024-03-16,1188.6444456301365
1171,2024-03-17,1183.000825820296
1172,2024-03-18,1050.570579093528
1173,2024-03-19,1055.6457023166354
1174,2024-03-20,1107.5012899105343
1175,2024-03-21,1158.9863023489734
1176,2024-03-22,1177.0969512257857
1177,2024-03-23,1218.8569858671233
1178,2024-03-24,1199.643258368414
1179,2024-03-25,1168.1338268792676
1180,2024-03-26,1185.0055068937968
1181,2024-03-27,1162.9135171152725
1182,2024-03-28,1132.34533775793
1183,2024-03-29,1201.8067412035543
1184,2024-03-30,1157.676277160189
1185,2024-03-31,1167.1820789657806
1186,2024-04-01,1174.7515495590353
1187,2024-04-02,1128.6610148627474
1188,2024-04-03,1247.259834258767
1189,2024-04-04,1299.855621642358
1190,2024-04-05,1421.422369998114
1191,2024-04-06,1508.2361901801146
1192,2024-04-07,1536.8382146465635
1193,2024-04-08,1533.4320006862283
1194,2024-04-09,1565.1405194284946
1195,2024-04-10,1570.285457175425
1196,2024-04-11,1475.7215543039329
1197,2024-04-12,1376.144862934426
1198,2024-04-13,1202.132700911549
1199,2024-04-14,1181.7462057578955
1200,2024-04-15,1187.621569993613
1201,2024-04-16,1123.9947763398284
1202,2024-04-17,1137.0234366239308
1203,2024-04-18,1160.158272781728
1204,2024-04-19,1161.9383385845777
1205,2024-04-20,1207.0350917793687
1206,2024-04-21,1246.330659474908
1207,2024-04-22,1212.5277502705933
1208,2024-04-23,1211.9205508107304
1209,2024-04-24,1271.1924624069898
1210,2024-04-25,1250.3335654924915
1211,2024-04-26,1253.2032074558203
1212,2024-04-27,1255.310240208316
1213,2024-04-28,1273.102393275335
1214,2024-04-29,1213.7244354314078
1215,2024-04-30,1179.530064540079
1216,2024-05-01,1190.7015778291743
1217,2024-05-02,1226.462291793449
1218,2024-05-03,1230.3308832847515
1219,2024-05-04,1252.1881115909428
1220,2024-05-05,1242.1827476220242
1221,2024-05-06,1238.709356635317
1222,2024-05-07,1226.4328806153385
1223,2024-05-08,1209.051628842042
1224,2024-05-09,1193.2883087588946
1225,2024-05-10,1190.7091705834148
1226,2024-05-11,1247.9086405986975
1227,2024-05-12,1245.217533724908
1228,2024-05-13,1163.5048473084753
1229,2024-05-14,1188.2941077503049
1230,2024-05-15,1150.410178527474
1231,2024-05-16,1124.8762463157568
1232,2024-05-17,1120.0001203936347
1233,2024-05-18,1100.9367760919922
1234,2024-05-19,1122.2570921516167
1235,2024-05-20,1093.6774295594128
1236,2024-05-21,1146.051667429508
1237,2024-05-22,1128.8959842140623
1238,2024-05-23,1151.137473254496
1239,2024-05-24,1198.1797759050742
1240,2024-05-25,1202.933512360705
1241,2024-05-26,1170.7147212398706
1242,2024-05-27,1189.2501982179783
1243,2024-05-28,1119.5290728677055
1244,2024-05-29,856.4584217939816
1245,2024-05-30,858.0971084731557
1246,2024-05-31,853.5612901896556
1247,2024-06-01,859.0529792389875
1248,2024-06-02,835.5526565537879
1249,2024-06-03,872.800533578754
1250,2024-06-04,915.3954246970256
1251,2024-06-05,920.3324719368976
1252,2024-06-06,925.7095712195452
1253,2024-06-07,943.9231319715623
1254,2024-06-08,997.557357962555
1255,2024-06-09,991.8098915933299
1256,2024-06-10,1060.2566004248783
1257,2024-06-11,1146.1362079091627
1258,2024-06-12,1316.618797545192
1259,2024-06-14,1429.9769538494822
1260,2024-06-15,1362.8085366496232
1261,2024-06-16,1379.4254242318034
1262,2024-06-17,1444.8616931553058
1263,2024-06-18,1443.6382675655957
1264,2024-06-19,1429.0367684354717
1265,2024-06-20,1365.1445002091302
1266,2024-06-22,1386.4016612159453
1267,2024-06-23,1373.1969143701892
1268,2024-06-24,1437.495422321578
1269,2024-06-25,1465.7814375276898
1270,2024-06-26,1528.2389975687747
1271,2024-06-27,1495.505420384936
1272,2024-06-28,1493.5479987878205
1273,2024-06-29,1444.2809465679657
1274,2024-06-30,1435.2194892946409
1275,2024-07-01,1500.0381211516874
1276,2024-07-02,1508.9216402071477
1277,2024-07-03,1510.4137421146702
1278,2024-07-04,1500.5064066189532
1279,2024-07-05,1524.3149798477389
1280,2024-07-06,1508.7376815658108
1281,2024-07-07,1529.773431742616
1282,2024-07-08,1569.2918964426146
1283,2024-07-09,1601.5580176058131
1284,2024-07-10,1587.88574167432
1285,2024-07-11,1567.9585798445698
1286,2024-07-12,1563.7140875846326
1287,2024-07-13,1519.6259330481143
1288,2024-07-14,1639.4226356500026
1289,2024-07-15,1628.7419143099128
1290,2024-07-16,1627.8288108383415
1291,2024-07-17,1612.88322369334
1292,2024-07-18,1603.3880849789298
1293,2024-07-19,1614.0026244821945
1294,2024-07-20,1558.6036338677357
1295,2024-07-21,1550.1194403292154
1296,2024-07-22,1623.846215974802
1297,2024-07-23,1612.7161366566409
1298,2024-07-24,1582.6128171852963
1299,2024-07-25,1588.89891599508
1300,2024-07-26,1573.7633805023204
1301,2024-07-27,1584.2162211421653
1302,2024-07-28,1586.2463741399615
1303,2024-07-29,1605.1063431603468
1304,2024-07-30,1601.7339361093716
1305,2024-07-31,1596.0079494656025
1306,2024-08-01,1572.634953204018
1307,2024-08-02,1584.9113853027234
1308,2024-08-03,1594.0125751340313
1309,2024-08-04,1612.8134658310444
1310,2024-08-05,1598.9367429409788
1311,2024-08-06,1556.8992266555351
1312,2024-08-07,1544.8864488510785
1313,2024-08-08,1523.4320362272647
1314,2024-08-09,1450.6200713319388
1315,2024-08-10,1409.7287697708362
1316,2024-08-11,1455.78163246255
1317,2024-08-12,1498.7830336839284
1318,2024-08-13,1483.235499553526
1319,2024-08-14,1477.4060816400645
1320,2024-08-15,1556.0439810723326
1321,2024-08-16,1575.2743445213969
1322,2024-08-17,1552.85614152203
1323,2024-08-18,1557.9984040904876
1324,2024-08-19,1497.5547375308483
1325,2024-08-20,1502.5550539356925
1326,2024-08-21,1451.9435442259485
1327,2024-08-22,1353.9349362777975
1328,2024-08-23,1409.3887487164443
1329,2024-08-24,1398.6647309410098
1330,2024-08-25,1385.7702468733453
1331,2024-08-26,1410.822694999075
1332,2024-08-27,1358.7288799012117
1333,2024-08-28,1323.1791254433913
1334,2024-08-29,1399.049937679237
1335,2024-08-30,1370.0980104873531
1336,2024-08-31,1411.103641356317
1337,2024-09-01,1417.6031207426563
1338,2024-09-02,1420.8513300421537
1339,2024-09-03,1383.3969942777514
1340,2024-09-04,1368.4285154457357
1341,2024-09-05,1324.922618626152
1342,2024-09-06,1309.9560119533803
1343,2024-09-07,1418.9275187362352
1344,2024-09-08,1412.8788556559366
1345,2024-09-09,1417.2031026945033
1346,2024-09-10,1435.3961565250447
1347,2024-09-11,1406.4509755033323
1348,2024-09-12,1414.678460105428
1349,2024-09-13,1401.703219310073
1350,2024-09-14,1424.4967378744057
1351,2024-09-15,1426.7213256135333
1352,2024-09-16,1386.196856555743
1353,2024-09-17,1356.576691167438
1354,2024-09-18,1291.659360376434
1355,2024-09-19,1236.6412801974052
1356,2024-09-20,1266.2452204295753
1357,2024-09-21,1267.6160107921776
1358,2024-09-22,1300.3091165634548
1359,2024-09-23,1273.3526183121353
1360,2024-09-24,1241.2245798075194
1361,2024-09-25,1213.0128286430731
1362,2024-09-26,1242.2043037389342
1363,2024-09-27,1288.61626235647
1364,2024-09-28,1257.4383804459385
1365,2024-09-29,1279.0796437779786
1366,2024-09-30,1306.8744855206087
1367,2024-10-01,1367.7557970640155
1368,2024-10-02,1383.9687114947294
1369,2024-10-03,1414.0067828513993
1370,2024-10-04,1385.007375945079
1371,2024-10-05,1328.630821231853
1372,2024-10-06,1269.5908200113968
1373,2024-10-07,1349.389619567567
1374,2024-10-08,1360.5426128687086
1375,2024-10-09,1365.7235018582658
1376,2024-10-10,1365.1742026022428
1377,2024-10-11,1423.414098085704
1378,2024-10-12,1405.6287466351162
1379,2024-10-13,1409.0327571658056
1380,2024-10-14,1450.5629803117902
1381,2024-10-15,1468.631286174363
1382,2024-10-16,1460.1883598244565
1383,2024-10-17,1461.2886326699763
1384,2024-10-18,1460.7846195856182
1385,2024-10-19,1475.7732560109312
1386,2024-10-20,1477.7398085726147
1387,2024-10-21,1516.6984625163927
1388,2024-10-22,1491.0704985691252
1389,2024-10-23,1491.622123401257
1390,2024-10-24,1491.5406805945347
1391,2024-10-25,1490.6141369079846
1392,2024-10-26,1500.3871777395468
1393,2024-10-27,1505.0654779447852
1394,2024-10-28,1515.828648492766
1395,2024-10-29,1538.581793205122
1396,2024-10-30,1564.9704889809343
1397,2024-10-31,1574.3463599206166
1398,2024-11-01,1552.8649346286277
1399,2024-11-02,1554.6762717754427
1400,2024-11-03,1574.817070703662
1401,2024-11-04,1582.1791438861558
1402,2024-11-05,1588.4245722370792
1403,2024-11-06,1579.885027143775
1404,2024-11-07,1603.8017402472692
1405,2024-11-08,1617.1192482656668
1406,2024-11-09,1660.0751285839651
1407,2024-11-10,1710.490640468624
1408,2024-11-11,1689.6007674738328
1409,2024-11-12,1715.3107420905742
1410,2024-11-13,1695.6759291059163
1411,2024-11-14,1699.58300731285
1412,2024-11-15,1713.338683267504
1413,2024-11-16,1747.375375646908
1414,2024-11-17,1716.284817233992
1415,2024-11-18,1730.1461016861076
1416,2024-11-19,1743.3121533582307
1417,2024-11-20,1745.6588657936654
1418,2024-11-21,1753.6068632060983
1419,2024-11-22,1769.3744291534551
1420,2024-11-23,1765.2673488836704
1421,2024-11-24,1791.8510491335253
1422,2024-11-25,1803.15962664378
1423,2024-11-26,1806.7625140476928
1424,2024-11-27,1804.72709252244
1425,2024-11-28,1829.024542159082
1426,2024-11-29,1808.1379155842865
1427,2024-11-30,1806.170021007992
1428,2024-12-01,1814.9491621247676
1429,2024-12-02,1810.6888211750036
1430,2024-12-03,1833.555828483484
1431,2024-12-04,1817.612181652032
1432,2024-12-05,1804.278309663324
1433,2024-12-06,1804.4088282772616
1434,2024-12-07,1805.909942252972
1435,2024-12-08,1776.1068464281077
1436,2024-12-09,1810.359154411584
1437,2024-12-10,1847.592067420592
1438,2024-12-11,1843.213465180921
1439,2024-12-12,1860.4394790338692
1440,2024-12-13,1870.796101146051
1441,2024-12-14,1862.5235611581263
1442,2024-12-15,1871.7486188114465
1443,2024-12-16,1882.4235759594271
1444,2024-12-17,1875.378622050336
1445,2024-12-18,1870.0581708335376
1446,2024-12-19,1851.0078960830967
1447,2024-12-20,1848.9123162647245
1448,2024-12-21,1877.509727568702
1449,2024-12-22,1900.1114225040803
1450,2024-12-23,1969.526259680488
1451,2024-12-24,2045.6938231743811
1452,2024-12-25,1860.9271764283928
1453,2024-12-26,1894.638355318218
1454,2024-12-27,1901.750466485939
1455,2024-12-28,1892.7972457817743
1456,2024-12-29,1876.880112865475
1457,2024-12-30,1870.881483870968
1458,2024-12-31,1858.5024073097889
